{"type":"FeatureCollection","features":[{"type":"Feature","properties":{"id":"ch-ge-6601"},"geometry":{"type":"Polygon","coordinates":[[[6.0598,46.1929],[6.0588,46.1928],[6.0584,46.1927],[6.058,46.1927],[6.0576,46.1927],[6.0572,46.1927],[6.0568,46.1928],[6.0564,46.1929],[6.056,46.193],[6.0545,46.1934],[6.0541,46.1935],[6.0537,46.1936],[6.0533,46.1936],[6.0529,46.1937],[6.0524,46.1937],[6.052,46.1937],[6.0509,46.1936],[6.0504,46.1936],[6.0498,46.1936],[6.0493,46.1936],[6.0487,46.1937],[6.0482,46.1937],[6.0472,46.1939],[6.0469,46.194],[6.0466,46.1941],[6.0463,46.1943],[6.0425,46.1963],[6.0422,46.1965],[6.0419,46.1965],[6.0413,46.1966],[6.0409,46.1968],[6.0407,46.1968],[6.0403,46.197],[6.0387,46.198],[6.0382,46.1983],[6.0377,46.1986],[6.0372,46.1988],[6.0367,46.199],[6.0361,46.1991],[6.0356,46.1992],[6.035,46.1993],[6.0339,46.1995],[6.0333,46.1995],[6.033,46.1995],[6.0324,46.1994],[6.0321,46.1993],[6.0314,46.199],[6.0309,46.1988],[6.0305,46.1986],[6.0301,46.1983],[6.0291,46.1973],[6.0289,46.1971],[6.0287,46.1968],[6.0285,46.1965],[6.0284,46.1963],[6.0282,46.196],[6.0282,46.1957],[6.0281,46.1953],[6.0281,46.1949],[6.0282,46.1946],[6.0283,46.1942],[6.0285,46.1939],[6.0287,46.1935],[6.0309,46.1907],[6.031,46.1904],[6.0312,46.1901],[6.0313,46.1898],[6.0313,46.1895],[6.0314,46.1892],[6.0313,46.1889],[6.0313,46.1886],[6.0312,46.1883],[6.031,46.188],[6.0308,46.1877],[6.0306,46.1875],[6.0304,46.1873],[6.0301,46.187],[6.0298,46.1868],[6.0287,46.1862],[6.0338,46.1844],[6.0397,46.1819],[6.0416,46.1829],[6.0421,46.1832],[6.0426,46.1836],[6.0433,46.184],[6.0438,46.1844],[6.0446,46.1847],[6.0447,46.1848],[6.0449,46.1851],[6.045,46.185],[6.045,46.1848],[6.0452,46.1846],[6.0456,46.1847],[6.0459,46.1848],[6.0462,46.1847],[6.0464,46.1847],[6.0469,46.1847],[6.0472,46.1847],[6.0474,46.1846],[6.0476,46.1845],[6.0479,46.1839],[6.0482,46.1837],[6.0483,46.1833],[6.0488,46.183],[6.0491,46.1829],[6.0493,46.1827],[6.0495,46.1826],[6.0498,46.1826],[6.05,46.1826],[6.0501,46.1825],[6.0504,46.1825],[6.0505,46.1824],[6.0506,46.1822],[6.0506,46.1823],[6.0507,46.1825],[6.0507,46.1826],[6.0508,46.1827],[6.0515,46.1826],[6.0518,46.1827],[6.0519,46.1827],[6.0523,46.1825],[6.0529,46.1825],[6.0531,46.1825],[6.0532,46.1826],[6.0535,46.1824],[6.0537,46.1823],[6.0544,46.1828],[6.055,46.1837],[6.0561,46.1851],[6.0561,46.1852],[6.053,46.1863],[6.053,46.1864],[6.0553,46.1875],[6.0586,46.1897],[6.0589,46.1899],[6.0589,46.1901],[6.0593,46.1904],[6.0596,46.1906],[6.0596,46.1908],[6.0599,46.191],[6.0599,46.1912],[6.06,46.1914],[6.0604,46.1917],[6.0602,46.1919],[6.0598,46.1929]]]}},{"type":"Feature","properties":{"id":"ch-ge-6602"},"geometry":{"type":"Polygon","coordinates":[[[6.2361,46.29],[6.2359,46.2898],[6.2356,46.2895],[6.2357,46.2894],[6.2355,46.2891],[6.2348,46.2886],[6.2347,46.2885],[6.2344,46.2883],[6.2341,46.2882],[6.2337,46.288],[6.2332,46.2877],[6.2327,46.2876],[6.2327,46.2875],[6.2326,46.2874],[6.2322,46.2873],[6.2322,46.2872],[6.2307,46.2866],[6.2304,46.2866],[6.2303,46.2865],[6.2299,46.2864],[6.2293,46.2861],[6.229,46.286],[6.2284,46.2858],[6.2284,46.2856],[6.2281,46.2855],[6.2279,46.2852],[6.2277,46.285],[6.2276,46.285],[6.2276,46.2849],[6.2273,46.2846],[6.2272,46.2844],[6.227,46.2843],[6.2268,46.2841],[6.2269,46.2841],[6.2269,46.2839],[6.2265,46.2836],[6.2265,46.2835],[6.2263,46.2833],[6.2262,46.2831],[6.2258,46.2827],[6.2257,46.2828],[6.2257,46.2826],[6.2255,46.2825],[6.2253,46.2824],[6.2253,46.2823],[6.2251,46.282],[6.2249,46.2817],[6.2246,46.2815],[6.2247,46.2814],[6.2246,46.2813],[6.2246,46.2812],[6.2242,46.2809],[6.2241,46.2808],[6.2235,46.2802],[6.2235,46.2801],[6.2231,46.28],[6.2231,46.2798],[6.2229,46.2796],[6.2228,46.2796],[6.2225,46.2794],[6.2226,46.2793],[6.2224,46.2791],[6.2218,46.2786],[6.2212,46.2784],[6.2212,46.278],[6.221,46.2774],[6.2206,46.2772],[6.2208,46.2772],[6.2208,46.2771],[6.2204,46.2765],[6.2202,46.276],[6.22,46.2757],[6.2198,46.2756],[6.2199,46.2755],[6.2195,46.2748],[6.2192,46.2744],[6.2189,46.2741],[6.2185,46.2737],[6.2183,46.2736],[6.2184,46.2735],[6.2181,46.2733],[6.2178,46.273],[6.2176,46.2729],[6.2174,46.2726],[6.2169,46.2723],[6.2164,46.2718],[6.2166,46.2717],[6.2167,46.2715],[6.2169,46.2714],[6.2169,46.2712],[6.2173,46.271],[6.2174,46.2709],[6.2177,46.2709],[6.218,46.2708],[6.2181,46.2706],[6.2182,46.2706],[6.2182,46.2705],[6.2188,46.2701],[6.219,46.2701],[6.2192,46.27],[6.2194,46.27],[6.2196,46.2699],[6.2198,46.27],[6.22,46.27],[6.2202,46.2699],[6.2206,46.2699],[6.2206,46.2698],[6.2209,46.2697],[6.2212,46.2696],[6.2215,46.2694],[6.2219,46.2689],[6.222,46.2688],[6.2223,46.2685],[6.2224,46.2684],[6.2226,46.2682],[6.2231,46.2679],[6.2233,46.2679],[6.2237,46.2677],[6.2238,46.2677],[6.2243,46.2676],[6.2244,46.2674],[6.2248,46.2674],[6.2249,46.2673],[6.2251,46.2673],[6.2252,46.2672],[6.2253,46.2672],[6.2254,46.2671],[6.2254,46.2669],[6.2253,46.2669],[6.2256,46.2668],[6.2256,46.2666],[6.2257,46.2664],[6.2259,46.2662],[6.2258,46.266],[6.226,46.2659],[6.2261,46.2658],[6.2261,46.2656],[6.2263,46.2655],[6.2264,46.2654],[6.227,46.2657],[6.2274,46.266],[6.2281,46.2663],[6.2286,46.2667],[6.2354,46.2662],[6.2359,46.2657],[6.2376,46.2648],[6.2378,46.2647],[6.2388,46.2642],[6.2386,46.2635],[6.2389,46.2635],[6.24,46.263],[6.2399,46.2626],[6.2401,46.2625],[6.2406,46.2624],[6.2408,46.2623],[6.2411,46.2623],[6.2431,46.2624],[6.2442,46.2624],[6.2448,46.2623],[6.2458,46.2619],[6.2462,46.2618],[6.2469,46.2617],[6.2477,46.2615],[6.2478,46.2615],[6.2485,46.262],[6.249,46.2623],[6.2493,46.2625],[6.2497,46.2626],[6.2453,46.2693],[6.2429,46.2729],[6.2425,46.2729],[6.2422,46.273],[6.2419,46.2731],[6.2408,46.2738],[6.2405,46.274],[6.2402,46.2743],[6.24,46.2745],[6.2397,46.2746],[6.2394,46.2748],[6.2391,46.2749],[6.2383,46.2758],[6.2381,46.2761],[6.238,46.2764],[6.238,46.277],[6.238,46.2772],[6.2379,46.2773],[6.2376,46.2775],[6.2376,46.2777],[6.2377,46.2779],[6.2383,46.278],[6.2384,46.2783],[6.2384,46.2784],[6.2385,46.2787],[6.2387,46.2788],[6.2386,46.279],[6.2385,46.2792],[6.2386,46.2793],[6.239,46.2794],[6.239,46.2796],[6.2388,46.2799],[6.2386,46.2799],[6.2385,46.28],[6.2386,46.2801],[6.2388,46.2802],[6.2388,46.2803],[6.2383,46.2805],[6.2383,46.2806],[6.2385,46.2806],[6.2386,46.2808],[6.2385,46.2809],[6.2384,46.2809],[6.2382,46.2807],[6.2381,46.2808],[6.2382,46.2811],[6.2384,46.2812],[6.2383,46.2813],[6.2383,46.2815],[6.2384,46.2817],[6.2383,46.2817],[6.2381,46.2817],[6.2378,46.2818],[6.2379,46.282],[6.238,46.2821],[6.2381,46.2822],[6.2383,46.2821],[6.2387,46.282],[6.239,46.2819],[6.2392,46.2818],[6.2396,46.2819],[6.2399,46.2821],[6.2399,46.2822],[6.2397,46.2826],[6.2398,46.2827],[6.2402,46.2828],[6.2407,46.2832],[6.2408,46.2833],[6.2408,46.2834],[6.2413,46.2837],[6.2415,46.2837],[6.2417,46.2838],[6.2419,46.284],[6.242,46.2841],[6.2418,46.2842],[6.2416,46.2846],[6.2417,46.285],[6.2421,46.285],[6.2426,46.2851],[6.2429,46.2854],[6.2431,46.2854],[6.2434,46.2855],[6.2436,46.2854],[6.2438,46.2853],[6.2441,46.2853],[6.2436,46.286],[6.2429,46.2866],[6.2425,46.2868],[6.2425,46.2869],[6.2414,46.2873],[6.2401,46.2879],[6.24,46.2879],[6.2385,46.2887],[6.2379,46.289],[6.2368,46.2896],[6.2361,46.29]]]}},{"type":"Feature","properties":{"id":"ch-ge-6603"},"geometry":{"type":"Polygon","coordinates":[[[6.0108,46.1769],[6.0104,46.1768],[6.0102,46.1768],[6.0097,46.1769],[6.0094,46.1768],[6.0067,46.1758],[6.0062,46.1756],[6.0054,46.1755],[6.0049,46.1754],[6.0044,46.1754],[6.0039,46.1754],[6.0028,46.1755],[6.0021,46.1756],[6.0014,46.1758],[5.9997,46.1761],[5.9993,46.1762],[5.9986,46.1764],[5.9979,46.1765],[5.9941,46.1771],[5.9938,46.1771],[5.9933,46.1771],[5.9927,46.1771],[5.9922,46.177],[5.9917,46.1769],[5.9912,46.1766],[5.9907,46.1764],[5.9904,46.176],[5.9901,46.1757],[5.99,46.1755],[5.9893,46.1742],[5.9892,46.1739],[5.9891,46.1736],[5.989,46.1733],[5.9889,46.1722],[5.9888,46.172],[5.9887,46.1717],[5.9885,46.1713],[5.9882,46.1709],[5.9879,46.1707],[5.9877,46.1706],[5.9873,46.1706],[5.987,46.1706],[5.9867,46.1707],[5.9864,46.171],[5.9864,46.1711],[5.9862,46.1717],[5.9861,46.1721],[5.9858,46.1725],[5.9854,46.1729],[5.9852,46.1731],[5.9848,46.1734],[5.9842,46.1736],[5.984,46.1737],[5.9837,46.1738],[5.9834,46.1738],[5.9831,46.1738],[5.9827,46.1737],[5.9825,46.1737],[5.9823,46.1735],[5.982,46.1733],[5.9818,46.1731],[5.981,46.1714],[5.9809,46.1711],[5.9809,46.1709],[5.981,46.1703],[5.981,46.1699],[5.9804,46.167],[5.9803,46.1668],[5.9801,46.1663],[5.9797,46.1658],[5.9767,46.1623],[5.9764,46.162],[5.9758,46.1609],[5.9763,46.1608],[5.9764,46.1605],[5.9765,46.1604],[5.9769,46.1604],[5.9769,46.1603],[5.9768,46.1601],[5.9769,46.1599],[5.9773,46.1598],[5.9774,46.1599],[5.9775,46.1598],[5.9775,46.1597],[5.9779,46.1595],[5.978,46.1593],[5.9782,46.1593],[5.9783,46.1592],[5.9785,46.1592],[5.9785,46.1591],[5.9786,46.1589],[5.979,46.1589],[5.9791,46.1588],[5.9792,46.1587],[5.9794,46.1586],[5.9798,46.1587],[5.9799,46.1586],[5.9799,46.1584],[5.9801,46.1583],[5.9802,46.1583],[5.9809,46.1583],[5.9811,46.1583],[5.9814,46.1583],[5.982,46.1583],[5.9823,46.1584],[5.9824,46.1583],[5.9829,46.1586],[5.9833,46.1585],[5.9837,46.1584],[5.9839,46.1583],[5.984,46.1581],[5.984,46.1578],[5.9845,46.1579],[5.9853,46.1582],[5.9861,46.1585],[5.9866,46.1588],[5.9867,46.1589],[5.9868,46.1589],[5.9876,46.16],[5.9882,46.1606],[5.9887,46.1609],[5.9891,46.1611],[5.9893,46.1613],[5.9898,46.1618],[5.9902,46.1621],[5.9903,46.1624],[5.9908,46.1631],[5.9909,46.1633],[5.9911,46.1635],[5.9917,46.1641],[5.9923,46.1645],[5.993,46.1644],[5.9936,46.1644],[5.9939,46.1644],[5.9945,46.1643],[5.9949,46.164],[5.9953,46.1636],[5.9954,46.1635],[5.9957,46.1633],[5.9964,46.163],[5.9967,46.1629],[5.9971,46.1628],[5.9979,46.1628],[5.9981,46.1629],[5.9984,46.1629],[5.999,46.163],[5.9992,46.163],[5.9999,46.1629],[6.0001,46.163],[6.0009,46.1631],[6.001,46.1631],[6.0015,46.1627],[6.0017,46.1626],[6.0023,46.162],[6.0023,46.1619],[6.0037,46.1614],[6.0035,46.1611],[6.0043,46.1607],[6.0043,46.1605],[6.0041,46.1602],[6.0034,46.1596],[6.0038,46.1593],[6.0045,46.1587],[6.0049,46.1585],[6.0055,46.158],[6.0058,46.1577],[6.0063,46.1579],[6.0077,46.1585],[6.0085,46.1588],[6.0086,46.1588],[6.0091,46.1591],[6.0105,46.1596],[6.0119,46.1602],[6.0131,46.1607],[6.0142,46.1612],[6.0148,46.1615],[6.0164,46.1621],[6.017,46.1623],[6.0173,46.1625],[6.0178,46.1627],[6.0195,46.1634],[6.02,46.1637],[6.0202,46.1636],[6.0205,46.1637],[6.0204,46.1639],[6.0202,46.1638],[6.02,46.1639],[6.0199,46.1641],[6.02,46.1642],[6.0199,46.1644],[6.0197,46.1644],[6.0196,46.1647],[6.0195,46.1652],[6.0197,46.1652],[6.0199,46.1653],[6.0196,46.1655],[6.0197,46.1658],[6.0195,46.1659],[6.0194,46.1661],[6.0193,46.1662],[6.0192,46.1664],[6.0192,46.1665],[6.0192,46.1666],[6.0191,46.1669],[6.019,46.167],[6.019,46.1672],[6.019,46.1674],[6.0189,46.1675],[6.0188,46.1677],[6.0187,46.1678],[6.0186,46.1679],[6.0186,46.168],[6.0185,46.1682],[6.0185,46.1683],[6.0184,46.1685],[6.0184,46.1686],[6.0182,46.169],[6.0181,46.169],[6.018,46.1691],[6.0179,46.1692],[6.0177,46.1695],[6.0174,46.1697],[6.0173,46.1698],[6.0172,46.1699],[6.0171,46.1701],[6.0168,46.1702],[6.0165,46.1704],[6.0162,46.1706],[6.0157,46.1708],[6.0155,46.1709],[6.015,46.1712],[6.0149,46.1713],[6.0145,46.1715],[6.0143,46.1717],[6.0141,46.1718],[6.0135,46.172],[6.0131,46.1723],[6.0128,46.1725],[6.0125,46.1729],[6.0124,46.173],[6.0122,46.1733],[6.012,46.1739],[6.0121,46.1741],[6.0121,46.1743],[6.012,46.1744],[6.0119,46.1745],[6.0117,46.1746],[6.0117,46.1748],[6.0115,46.175],[6.0115,46.1752],[6.0113,46.1753],[6.0114,46.1756],[6.0112,46.1759],[6.0111,46.176],[6.0112,46.1761],[6.011,46.1763],[6.0111,46.1765],[6.0108,46.1769]]]}},{"type":"Feature","properties":{"id":"ch-ge-6604"},"geometry":{"type":"Polygon","coordinates":[[[6.0058,46.1577],[6.0052,46.1574],[6.0049,46.1572],[6.0033,46.1566],[6.0027,46.1563],[6.0026,46.1563],[6.0022,46.1561],[6.0008,46.1556],[6.0001,46.1553],[5.9997,46.1552],[5.9981,46.1548],[5.9976,46.1546],[5.9966,46.1543],[5.9953,46.154],[5.9943,46.1537],[5.9937,46.1536],[5.9933,46.1535],[5.9917,46.1533],[5.9916,46.1533],[5.9911,46.1531],[5.9906,46.153],[5.9899,46.1527],[5.9891,46.1524],[5.989,46.1523],[5.9889,46.1522],[5.9881,46.152],[5.9873,46.1519],[5.9865,46.1516],[5.9858,46.1512],[5.9858,46.151],[5.9859,46.1504],[5.9858,46.1502],[5.9857,46.1501],[5.9855,46.1499],[5.9857,46.1499],[5.9852,46.1493],[5.985,46.1491],[5.9848,46.149],[5.9845,46.1488],[5.9838,46.1457],[5.9832,46.1453],[5.9828,46.1447],[5.9826,46.1434],[5.9824,46.1423],[5.9831,46.1426],[5.9833,46.1427],[5.9835,46.143],[5.9838,46.1432],[5.984,46.1432],[5.9847,46.1433],[5.9849,46.1434],[5.985,46.1434],[5.9852,46.1434],[5.9855,46.1434],[5.9856,46.1433],[5.9857,46.1431],[5.9859,46.1429],[5.9861,46.1428],[5.9864,46.1429],[5.9865,46.143],[5.9867,46.1428],[5.9869,46.1426],[5.9871,46.1426],[5.9877,46.1431],[5.9879,46.1433],[5.9881,46.1433],[5.9884,46.1433],[5.9886,46.1433],[5.9888,46.1438],[5.989,46.1439],[5.9892,46.1437],[5.9896,46.1435],[5.99,46.1435],[5.9903,46.1433],[5.9905,46.1434],[5.9909,46.1435],[5.9917,46.1438],[5.9921,46.1439],[5.9926,46.144],[5.993,46.1441],[5.9932,46.1442],[5.9938,46.1445],[5.9941,46.1446],[5.9942,46.1446],[5.9941,46.1444],[5.9941,46.1443],[5.9942,46.1441],[5.9945,46.1438],[5.9946,46.1437],[5.9948,46.1437],[5.9948,46.144],[5.995,46.1441],[5.9953,46.144],[5.9956,46.144],[5.9958,46.1439],[5.996,46.1438],[5.9964,46.1438],[5.9967,46.1436],[5.9968,46.1434],[5.9969,46.1433],[5.9969,46.1431],[5.9969,46.143],[5.997,46.1429],[5.9973,46.1428],[5.9981,46.1431],[5.9984,46.143],[5.9987,46.1429],[5.9991,46.1429],[5.9992,46.1429],[5.9995,46.143],[5.9996,46.1431],[5.9999,46.1432],[6,46.1431],[6,46.1429],[6.0001,46.1427],[6.0003,46.1426],[6.0005,46.1426],[6.0006,46.1427],[6.0008,46.1427],[6.0009,46.1426],[6.001,46.1424],[6.0012,46.1422],[6.0014,46.1422],[6.0018,46.1423],[6.0021,46.1423],[6.0025,46.1422],[6.0028,46.142],[6.003,46.1419],[6.0031,46.1418],[6.0032,46.1418],[6.0037,46.142],[6.004,46.142],[6.0043,46.1419],[6.0045,46.142],[6.0049,46.1422],[6.0053,46.1423],[6.0057,46.1424],[6.0059,46.1423],[6.006,46.1422],[6.0061,46.1421],[6.0065,46.1421],[6.0067,46.1422],[6.007,46.1423],[6.0073,46.1424],[6.0074,46.1425],[6.0077,46.1426],[6.008,46.1427],[6.0082,46.1428],[6.0085,46.1428],[6.0088,46.1428],[6.009,46.1427],[6.0092,46.1426],[6.0095,46.1425],[6.0095,46.1422],[6.0096,46.1421],[6.0101,46.1422],[6.0105,46.1423],[6.0107,46.1422],[6.0108,46.142],[6.0109,46.142],[6.0111,46.1421],[6.0114,46.1422],[6.0116,46.1422],[6.0121,46.1421],[6.0123,46.1421],[6.0124,46.1422],[6.0127,46.1422],[6.0131,46.1421],[6.0133,46.1422],[6.0135,46.1425],[6.0136,46.1426],[6.0137,46.1426],[6.0142,46.1424],[6.0143,46.1424],[6.0144,46.1425],[6.0145,46.1427],[6.0147,46.1429],[6.0147,46.143],[6.0149,46.1431],[6.0151,46.1431],[6.0154,46.1428],[6.0159,46.1428],[6.0162,46.1428],[6.0166,46.1428],[6.017,46.1429],[6.0172,46.1429],[6.0177,46.1427],[6.0182,46.1424],[6.0183,46.1423],[6.0185,46.1422],[6.0186,46.1422],[6.019,46.1421],[6.0192,46.1421],[6.0192,46.142],[6.0196,46.1421],[6.0199,46.1421],[6.0203,46.142],[6.0205,46.1418],[6.0205,46.1416],[6.0209,46.1413],[6.0211,46.1411],[6.0214,46.1412],[6.0214,46.1413],[6.0216,46.1415],[6.0217,46.1416],[6.0222,46.1417],[6.0224,46.1417],[6.0227,46.1416],[6.0231,46.1412],[6.0232,46.1411],[6.0235,46.1409],[6.0237,46.1406],[6.0239,46.1407],[6.024,46.1408],[6.0243,46.1411],[6.0248,46.1413],[6.025,46.1414],[6.0253,46.1415],[6.0256,46.1418],[6.0258,46.1421],[6.026,46.1424],[6.0264,46.1426],[6.0266,46.1426],[6.0266,46.1427],[6.0269,46.1428],[6.0271,46.143],[6.0271,46.1432],[6.0274,46.1432],[6.0283,46.1439],[6.029,46.1444],[6.0296,46.1447],[6.0337,46.1468],[6.0356,46.1477],[6.0356,46.1478],[6.0339,46.1488],[6.0339,46.1489],[6.0334,46.1494],[6.0295,46.151],[6.0289,46.1506],[6.0274,46.1513],[6.0272,46.1513],[6.0267,46.1515],[6.0263,46.1517],[6.0259,46.1518],[6.025,46.1521],[6.0232,46.1527],[6.0225,46.1528],[6.0219,46.1529],[6.0211,46.1532],[6.0205,46.1533],[6.0199,46.1534],[6.0184,46.1534],[6.0177,46.1535],[6.0173,46.1534],[6.0168,46.1536],[6.0173,46.1545],[6.0178,46.1554],[6.0181,46.1559],[6.0184,46.1563],[6.0188,46.1569],[6.0192,46.1574],[6.0196,46.1582],[6.02,46.1591],[6.0201,46.16],[6.02,46.1603],[6.02,46.1608],[6.02,46.1609],[6.0201,46.1622],[6.0201,46.1625],[6.0203,46.1632],[6.0203,46.1633],[6.0202,46.1636],[6.02,46.1637],[6.0195,46.1634],[6.0178,46.1627],[6.0173,46.1625],[6.017,46.1623],[6.0164,46.1621],[6.0148,46.1615],[6.0142,46.1612],[6.0131,46.1607],[6.0119,46.1602],[6.0105,46.1596],[6.0091,46.1591],[6.0086,46.1588],[6.0085,46.1588],[6.0077,46.1585],[6.0063,46.1579],[6.0058,46.1577]]]}},{"type":"Feature","properties":{"id":"ch-ge-6605"},"geometry":{"type":"Polygon","coordinates":[[[6.0988,46.1577],[6.0988,46.1576],[6.0987,46.1572],[6.0985,46.1569],[6.0978,46.156],[6.0977,46.1558],[6.0974,46.1556],[6.0973,46.1555],[6.0971,46.1553],[6.0969,46.1552],[6.0967,46.1551],[6.0965,46.155],[6.0962,46.1548],[6.0959,46.1547],[6.0955,46.1544],[6.0953,46.1543],[6.0948,46.154],[6.0947,46.1539],[6.0941,46.1533],[6.0936,46.1529],[6.0935,46.1529],[6.093,46.1527],[6.0917,46.152],[6.0918,46.152],[6.0928,46.1513],[6.093,46.151],[6.0936,46.1506],[6.0935,46.15],[6.0949,46.1491],[6.0958,46.1483],[6.0985,46.1438],[6.0989,46.144],[6.0991,46.1441],[6.0994,46.1441],[6.1004,46.1442],[6.1006,46.1442],[6.1011,46.1442],[6.1015,46.1443],[6.1017,46.1442],[6.102,46.1442],[6.1023,46.1442],[6.1026,46.1442],[6.103,46.1443],[6.1033,46.1443],[6.1039,46.1443],[6.1043,46.1442],[6.1045,46.1443],[6.1048,46.1442],[6.1056,46.1441],[6.1063,46.1441],[6.1063,46.144],[6.1064,46.1437],[6.1064,46.1436],[6.1074,46.1431],[6.1077,46.1429],[6.1084,46.1431],[6.1086,46.1432],[6.1087,46.1432],[6.1094,46.1435],[6.1096,46.1433],[6.1098,46.1432],[6.1102,46.1429],[6.1103,46.1428],[6.1112,46.1428],[6.1114,46.1428],[6.1119,46.1429],[6.1123,46.1429],[6.1128,46.1429],[6.1132,46.1429],[6.1135,46.143],[6.114,46.143],[6.1142,46.1431],[6.1148,46.143],[6.1153,46.143],[6.1157,46.1429],[6.116,46.1429],[6.1164,46.1429],[6.1167,46.1428],[6.1173,46.1428],[6.1182,46.1428],[6.1186,46.1427],[6.1193,46.1426],[6.1196,46.1427],[6.12,46.1428],[6.1201,46.1428],[6.1211,46.1426],[6.1214,46.1425],[6.1218,46.1424],[6.1227,46.1422],[6.1229,46.1421],[6.1233,46.1421],[6.1236,46.1419],[6.1239,46.1419],[6.1241,46.1418],[6.1249,46.1414],[6.1251,46.1414],[6.1256,46.1411],[6.126,46.1409],[6.1266,46.1406],[6.1281,46.1403],[6.1298,46.1403],[6.1305,46.1404],[6.1312,46.1407],[6.1321,46.1415],[6.1328,46.1409],[6.1364,46.1416],[6.1364,46.1418],[6.1364,46.1423],[6.1365,46.1425],[6.1366,46.1426],[6.1368,46.1429],[6.1374,46.1434],[6.1377,46.1435],[6.1379,46.1436],[6.1381,46.1437],[6.1384,46.1439],[6.1393,46.1444],[6.1398,46.1445],[6.1399,46.1446],[6.1403,46.1447],[6.1407,46.1449],[6.1408,46.1451],[6.1409,46.1453],[6.1414,46.1454],[6.1415,46.1456],[6.1415,46.1458],[6.1414,46.146],[6.1414,46.1461],[6.1415,46.1463],[6.1417,46.1464],[6.1418,46.1466],[6.1417,46.1468],[6.1418,46.1471],[6.1419,46.1472],[6.1421,46.147],[6.1424,46.1468],[6.1425,46.1463],[6.1427,46.1459],[6.1438,46.1454],[6.1439,46.1455],[6.1449,46.145],[6.1472,46.1467],[6.1463,46.1472],[6.1459,46.1473],[6.1455,46.1476],[6.1453,46.1477],[6.1453,46.1479],[6.1453,46.1481],[6.1451,46.1484],[6.1447,46.1484],[6.1446,46.1485],[6.144,46.149],[6.1432,46.1494],[6.1428,46.1496],[6.1424,46.1499],[6.1418,46.1499],[6.1414,46.15],[6.1407,46.1503],[6.1403,46.1505],[6.1396,46.1507],[6.1384,46.1508],[6.1386,46.1513],[6.1389,46.1521],[6.139,46.1526],[6.1392,46.1533],[6.1392,46.1537],[6.1391,46.1541],[6.1391,46.1545],[6.1392,46.155],[6.138,46.1554],[6.1378,46.1555],[6.1371,46.1552],[6.1369,46.1552],[6.1357,46.1554],[6.1353,46.1556],[6.1349,46.1558],[6.1348,46.1557],[6.1338,46.1548],[6.1333,46.1544],[6.1329,46.1543],[6.1321,46.1541],[6.131,46.1538],[6.1304,46.1537],[6.13,46.1537],[6.1291,46.1534],[6.1289,46.1535],[6.1288,46.1534],[6.1275,46.1536],[6.1269,46.1537],[6.1267,46.1537],[6.1263,46.1531],[6.1262,46.153],[6.1257,46.1528],[6.125,46.1524],[6.1247,46.1523],[6.1244,46.1521],[6.124,46.1518],[6.1236,46.1518],[6.1231,46.1519],[6.1226,46.1521],[6.1224,46.152],[6.1226,46.1523],[6.1229,46.153],[6.1196,46.154],[6.1177,46.1546],[6.1176,46.1544],[6.1174,46.1544],[6.1167,46.1547],[6.1161,46.155],[6.1158,46.1551],[6.1152,46.1553],[6.1148,46.1555],[6.1145,46.1557],[6.1141,46.1561],[6.114,46.1562],[6.1133,46.1564],[6.1129,46.1566],[6.1129,46.1568],[6.1124,46.1563],[6.1112,46.1568],[6.1098,46.1575],[6.1094,46.1577],[6.1086,46.1581],[6.1082,46.1582],[6.1076,46.1584],[6.1071,46.1586],[6.1061,46.1588],[6.106,46.1589],[6.1053,46.1581],[6.103,46.1549],[6.1027,46.1555],[6.1017,46.1561],[6.1012,46.1563],[6.1012,46.1566],[6.1007,46.1569],[6.1002,46.1572],[6.0998,46.1573],[6.0993,46.1574],[6.0989,46.1576],[6.0988,46.1577]]]}},{"type":"Feature","properties":{"id":"ch-ge-6606"},"geometry":{"type":"Polygon","coordinates":[[[6.1538,46.2456],[6.154,46.2457],[6.154,46.2459],[6.1539,46.2461],[6.1538,46.2463],[6.1534,46.2467],[6.1531,46.247],[6.1528,46.2471],[6.1522,46.2474],[6.1518,46.2477],[6.1516,46.248],[6.1517,46.2482],[6.1518,46.2483],[6.1519,46.2482],[6.152,46.2483],[6.152,46.2486],[6.1517,46.2488],[6.1516,46.2491],[6.1516,46.2495],[6.1515,46.25],[6.1515,46.2502],[6.1517,46.2503],[6.1516,46.2504],[6.1516,46.2508],[6.1517,46.2509],[6.1517,46.2512],[6.1517,46.2513],[6.152,46.2517],[6.1521,46.2517],[6.1526,46.2522],[6.1526,46.2524],[6.1527,46.2525],[6.153,46.2527],[6.1541,46.2535],[6.1543,46.2533],[6.1543,46.2531],[6.1545,46.253],[6.1546,46.2531],[6.1546,46.2533],[6.1545,46.2534],[6.1547,46.2535],[6.1547,46.2537],[6.1549,46.2537],[6.1548,46.2539],[6.1553,46.2542],[6.1555,46.2543],[6.1558,46.2548],[6.156,46.255],[6.156,46.2551],[6.1565,46.2549],[6.1566,46.255],[6.1561,46.2552],[6.1562,46.2554],[6.1564,46.2554],[6.1564,46.2556],[6.156,46.2557],[6.1558,46.2557],[6.1555,46.2558],[6.1542,46.2564],[6.1537,46.2566],[6.1532,46.2568],[6.1523,46.2574],[6.1518,46.2576],[6.1514,46.2578],[6.1508,46.258],[6.15,46.2583],[6.1454,46.2597],[6.145,46.2598],[6.1445,46.2601],[6.1433,46.2609],[6.144,46.2617],[6.1441,46.262],[6.1441,46.2623],[6.1439,46.2629],[6.1438,46.2633],[6.1438,46.2637],[6.1438,46.2643],[6.1438,46.2646],[6.1437,46.2652],[6.1435,46.2657],[6.1431,46.2662],[6.1426,46.2669],[6.1418,46.2683],[6.1411,46.2689],[6.1417,46.2698],[6.1428,46.2716],[6.1427,46.2717],[6.1413,46.2721],[6.1411,46.2723],[6.1412,46.2723],[6.1385,46.2709],[6.1377,46.2705],[6.1326,46.2678],[6.1315,46.2672],[6.1291,46.2659],[6.1249,46.2636],[6.1228,46.2625],[6.1197,46.2609],[6.1225,46.2582],[6.1221,46.258],[6.122,46.258],[6.1215,46.2577],[6.1223,46.2569],[6.1225,46.2567],[6.1227,46.2565],[6.1225,46.2562],[6.1221,46.2561],[6.1219,46.2561],[6.1215,46.2557],[6.121,46.2551],[6.1208,46.255],[6.1209,46.2549],[6.1208,46.2546],[6.1209,46.2545],[6.121,46.2543],[6.1212,46.254],[6.1214,46.2539],[6.1217,46.2536],[6.1218,46.2536],[6.1221,46.2534],[6.1222,46.2534],[6.1226,46.2533],[6.123,46.2532],[6.1231,46.2529],[6.1233,46.2529],[6.1234,46.2527],[6.1238,46.2527],[6.1239,46.2526],[6.1241,46.2527],[6.1244,46.2526],[6.1238,46.2519],[6.1245,46.2513],[6.1236,46.2507],[6.1241,46.2504],[6.1247,46.2502],[6.125,46.2495],[6.1252,46.2488],[6.126,46.2477],[6.1267,46.247],[6.127,46.2472],[6.1271,46.2472],[6.1276,46.2475],[6.1287,46.2479],[6.129,46.2479],[6.1289,46.2476],[6.1286,46.247],[6.1287,46.2469],[6.1285,46.2462],[6.1284,46.2458],[6.1285,46.2451],[6.1285,46.2452],[6.1287,46.2455],[6.1294,46.2459],[6.1303,46.2466],[6.1309,46.2469],[6.1314,46.2471],[6.1319,46.2474],[6.133,46.2478],[6.1337,46.2481],[6.1347,46.2485],[6.1351,46.2486],[6.1352,46.2486],[6.1357,46.2488],[6.1362,46.249],[6.1368,46.2491],[6.1376,46.2494],[6.138,46.2495],[6.1389,46.25],[6.1392,46.2501],[6.1394,46.2503],[6.1404,46.2507],[6.141,46.2509],[6.1418,46.251],[6.1421,46.2509],[6.1428,46.2503],[6.1431,46.2501],[6.1439,46.2495],[6.1448,46.249],[6.1458,46.2485],[6.1463,46.2482],[6.1469,46.248],[6.1472,46.248],[6.1476,46.2478],[6.1476,46.2477],[6.1482,46.2473],[6.1492,46.2469],[6.1497,46.2467],[6.1501,46.2464],[6.1504,46.2463],[6.1517,46.2464],[6.152,46.2464],[6.1523,46.2463],[6.1536,46.2457],[6.1538,46.2456]]]}},{"type":"Feature","properties":{"id":"ch-ge-6607"},"geometry":{"type":"Polygon","coordinates":[[[6.0506,46.1822],[6.0507,46.182],[6.0508,46.1819],[6.051,46.1818],[6.0508,46.1816],[6.0508,46.1815],[6.0509,46.1813],[6.0511,46.1812],[6.0513,46.181],[6.0512,46.1808],[6.0511,46.1807],[6.0511,46.1806],[6.0513,46.1804],[6.0512,46.1801],[6.0513,46.1801],[6.0514,46.18],[6.0512,46.1798],[6.0511,46.1797],[6.0512,46.1796],[6.0514,46.1796],[6.0515,46.1795],[6.0515,46.1793],[6.0517,46.1792],[6.0517,46.1791],[6.0513,46.179],[6.0512,46.179],[6.0512,46.1789],[6.0511,46.1787],[6.0509,46.1786],[6.0507,46.1784],[6.0508,46.1784],[6.0507,46.1782],[6.0507,46.1781],[6.0504,46.1781],[6.0504,46.1779],[6.0503,46.1778],[6.0502,46.1777],[6.0502,46.1776],[6.0501,46.1775],[6.0499,46.1775],[6.0499,46.1772],[6.0498,46.1771],[6.0498,46.177],[6.0497,46.1769],[6.0496,46.1768],[6.0497,46.1767],[6.0495,46.1766],[6.0495,46.1764],[6.0492,46.1762],[6.0491,46.176],[6.0489,46.1758],[6.0486,46.1757],[6.0481,46.1753],[6.0479,46.175],[6.0472,46.1746],[6.0467,46.1744],[6.0466,46.1744],[6.0455,46.174],[6.0452,46.1739],[6.0449,46.1741],[6.0447,46.174],[6.0443,46.1736],[6.0443,46.1735],[6.044,46.1732],[6.0436,46.1728],[6.0434,46.1727],[6.0431,46.1723],[6.0431,46.1722],[6.0413,46.1719],[6.0402,46.1716],[6.0397,46.1715],[6.0392,46.1713],[6.0384,46.1709],[6.0383,46.1708],[6.0385,46.1705],[6.0393,46.17],[6.04,46.1695],[6.0405,46.1691],[6.0426,46.1674],[6.0429,46.1671],[6.0432,46.167],[6.0441,46.1662],[6.0442,46.1662],[6.0447,46.1648],[6.0449,46.1647],[6.0454,46.1643],[6.0448,46.164],[6.0452,46.1633],[6.0449,46.1626],[6.0452,46.1623],[6.0456,46.162],[6.044,46.1615],[6.0452,46.1605],[6.0483,46.1582],[6.0496,46.1574],[6.0485,46.1561],[6.05,46.1545],[6.0491,46.1537],[6.0489,46.1536],[6.0497,46.1515],[6.0502,46.1521],[6.0506,46.1526],[6.051,46.1532],[6.0527,46.1554],[6.0529,46.1557],[6.0533,46.156],[6.0538,46.1565],[6.0544,46.1568],[6.055,46.1571],[6.0556,46.1574],[6.0611,46.1596],[6.0613,46.1595],[6.0634,46.1582],[6.0646,46.1574],[6.0661,46.1565],[6.0679,46.1555],[6.0717,46.1531],[6.0721,46.1528],[6.0723,46.1525],[6.0725,46.1522],[6.0729,46.1516],[6.073,46.1511],[6.0735,46.1506],[6.0738,46.1502],[6.0746,46.1494],[6.0749,46.1497],[6.0754,46.1503],[6.0755,46.1507],[6.0755,46.1509],[6.0761,46.1524],[6.0763,46.1531],[6.0765,46.1539],[6.0766,46.1542],[6.0767,46.1548],[6.0768,46.1566],[6.0768,46.157],[6.077,46.159],[6.0769,46.1594],[6.0767,46.1611],[6.0767,46.1612],[6.0778,46.1605],[6.0795,46.1617],[6.0801,46.1613],[6.0827,46.1633],[6.0828,46.1633],[6.0818,46.1641],[6.0866,46.1663],[6.0855,46.1674],[6.0854,46.1674],[6.0829,46.1665],[6.0828,46.1665],[6.082,46.1668],[6.0818,46.167],[6.0817,46.167],[6.0815,46.1673],[6.0811,46.1676],[6.0811,46.1677],[6.0812,46.1679],[6.0812,46.168],[6.0808,46.1683],[6.0807,46.1682],[6.0803,46.168],[6.0802,46.168],[6.0794,46.1686],[6.0793,46.1687],[6.078,46.1697],[6.0777,46.1695],[6.0774,46.1693],[6.0771,46.1692],[6.0771,46.1693],[6.0769,46.1694],[6.0761,46.1697],[6.076,46.1697],[6.0755,46.1699],[6.0753,46.17],[6.0752,46.1702],[6.0757,46.1704],[6.0761,46.1706],[6.0765,46.1709],[6.0764,46.171],[6.0768,46.1716],[6.0768,46.1717],[6.0764,46.1726],[6.076,46.1733],[6.0759,46.1737],[6.0756,46.1739],[6.0756,46.174],[6.0773,46.1749],[6.0774,46.1749],[6.0792,46.176],[6.0791,46.1764],[6.079,46.1765],[6.0787,46.1769],[6.0781,46.1773],[6.0783,46.1773],[6.0785,46.1775],[6.0787,46.1776],[6.0792,46.1777],[6.0794,46.1778],[6.08,46.178],[6.0807,46.1781],[6.0814,46.1782],[6.0818,46.1782],[6.0835,46.1783],[6.0848,46.1784],[6.0869,46.1785],[6.088,46.1784],[6.0886,46.1784],[6.0887,46.1786],[6.0887,46.1795],[6.0887,46.1799],[6.0886,46.1803],[6.0885,46.1808],[6.0884,46.1813],[6.0885,46.1818],[6.0886,46.1821],[6.0885,46.1823],[6.0885,46.1826],[6.0883,46.183],[6.0881,46.1839],[6.088,46.1841],[6.0875,46.1847],[6.087,46.1853],[6.0869,46.1854],[6.0862,46.1861],[6.0856,46.1866],[6.0851,46.187],[6.0848,46.1871],[6.0847,46.1873],[6.084,46.1889],[6.0838,46.1894],[6.0837,46.1896],[6.0836,46.1898],[6.0838,46.1902],[6.0841,46.1903],[6.0843,46.1905],[6.0846,46.1905],[6.0848,46.1906],[6.0849,46.1908],[6.0855,46.1911],[6.0856,46.1912],[6.0857,46.1915],[6.0857,46.1916],[6.0857,46.1917],[6.0858,46.1917],[6.0859,46.192],[6.0859,46.1921],[6.0861,46.1923],[6.0863,46.1923],[6.0865,46.1924],[6.087,46.1925],[6.0872,46.1926],[6.0873,46.1927],[6.0874,46.1928],[6.0875,46.1928],[6.0891,46.1934],[6.0888,46.1935],[6.0884,46.1937],[6.0881,46.194],[6.0878,46.1942],[6.0875,46.1945],[6.0872,46.195],[6.087,46.1954],[6.087,46.1957],[6.087,46.1961],[6.0871,46.1964],[6.0873,46.1967],[6.0875,46.197],[6.0878,46.1973],[6.0882,46.1975],[6.0898,46.1982],[6.0901,46.1985],[6.0903,46.1986],[6.0904,46.1988],[6.0905,46.1991],[6.0905,46.1993],[6.0904,46.2004],[6.0903,46.2008],[6.0904,46.2012],[6.0904,46.2016],[6.0907,46.2025],[6.0909,46.2032],[6.0919,46.2053],[6.0923,46.2063],[6.0924,46.2065],[6.0927,46.2068],[6.0935,46.2078],[6.0937,46.2081],[6.0938,46.2085],[6.0938,46.2089],[6.0938,46.2093],[6.0936,46.2096],[6.0935,46.2098],[6.0929,46.2104],[6.0926,46.2107],[6.0924,46.2108],[6.0919,46.211],[6.0914,46.2112],[6.0912,46.2113],[6.0906,46.2113],[6.0904,46.2113],[6.0899,46.2113],[6.0896,46.2113],[6.0891,46.2111],[6.0889,46.2111],[6.0884,46.2109],[6.0871,46.2101],[6.0867,46.2098],[6.0863,46.2095],[6.085,46.2085],[6.0846,46.2081],[6.0842,46.2077],[6.0839,46.2074],[6.0818,46.2049],[6.0815,46.2046],[6.0812,46.2043],[6.0809,46.204],[6.0799,46.2032],[6.0795,46.2029],[6.0792,46.2028],[6.0787,46.2026],[6.0782,46.2024],[6.0779,46.2024],[6.0773,46.2023],[6.0767,46.2023],[6.0747,46.2024],[6.0741,46.2024],[6.0738,46.2024],[6.0732,46.2023],[6.0729,46.2023],[6.0722,46.2021],[6.0715,46.2017],[6.0712,46.2015],[6.0709,46.2013],[6.0706,46.2011],[6.0699,46.2004],[6.0695,46.2],[6.0692,46.1996],[6.0689,46.1992],[6.0687,46.1987],[6.0683,46.1981],[6.0677,46.1967],[6.0673,46.1961],[6.067,46.1956],[6.0666,46.1952],[6.0661,46.1948],[6.0656,46.1945],[6.065,46.1942],[6.0644,46.1939],[6.0638,46.1937],[6.0632,46.1935],[6.0626,46.1934],[6.0598,46.1929],[6.0602,46.1919],[6.0604,46.1917],[6.06,46.1914],[6.0599,46.1912],[6.0599,46.191],[6.0596,46.1908],[6.0596,46.1906],[6.0593,46.1904],[6.0589,46.1901],[6.0589,46.1899],[6.0586,46.1897],[6.0553,46.1875],[6.053,46.1864],[6.053,46.1863],[6.0561,46.1852],[6.0561,46.1851],[6.055,46.1837],[6.0544,46.1828],[6.0537,46.1823],[6.0535,46.1824],[6.0532,46.1826],[6.0531,46.1825],[6.0529,46.1825],[6.0523,46.1825],[6.0519,46.1827],[6.0518,46.1827],[6.0515,46.1826],[6.0508,46.1827],[6.0507,46.1826],[6.0507,46.1825],[6.0506,46.1823],[6.0506,46.1822]]]}},{"type":"Feature","properties":{"id":"ch-ge-6608"},"geometry":{"type":"Polygon","coordinates":[[[6.1403,46.1683],[6.1405,46.1684],[6.1405,46.1686],[6.1405,46.169],[6.1404,46.1695],[6.1403,46.1698],[6.1398,46.1707],[6.1395,46.1713],[6.1393,46.1718],[6.1389,46.1723],[6.139,46.1724],[6.1392,46.1724],[6.1393,46.1724],[6.1407,46.1734],[6.1407,46.1735],[6.141,46.1735],[6.1416,46.174],[6.1426,46.1748],[6.1435,46.1757],[6.1436,46.1757],[6.144,46.176],[6.1454,46.177],[6.1458,46.1773],[6.146,46.1774],[6.1463,46.1772],[6.1473,46.1766],[6.1477,46.1764],[6.1478,46.1765],[6.148,46.1765],[6.1481,46.1764],[6.1482,46.1763],[6.1489,46.1768],[6.1491,46.1766],[6.1499,46.1772],[6.1496,46.1773],[6.1497,46.1774],[6.15,46.1775],[6.1506,46.1777],[6.151,46.1776],[6.1511,46.1776],[6.1513,46.1775],[6.1518,46.1778],[6.1522,46.1781],[6.1523,46.1784],[6.1523,46.1786],[6.1526,46.1789],[6.1527,46.1793],[6.1528,46.1794],[6.1538,46.1799],[6.1542,46.1825],[6.1545,46.1847],[6.1544,46.1853],[6.1542,46.1857],[6.1537,46.1861],[6.1534,46.1863],[6.1531,46.1865],[6.1526,46.1866],[6.1522,46.1866],[6.1518,46.1867],[6.1511,46.1867],[6.1499,46.1868],[6.1488,46.1868],[6.1482,46.1869],[6.1475,46.1869],[6.1459,46.1868],[6.1454,46.1868],[6.1448,46.1868],[6.1439,46.187],[6.1436,46.1871],[6.1427,46.1874],[6.1419,46.188],[6.1419,46.1881],[6.1414,46.1891],[6.1397,46.1887],[6.1395,46.1888],[6.1374,46.1889],[6.137,46.1888],[6.135,46.1909],[6.1333,46.19],[6.1318,46.1892],[6.1316,46.1894],[6.1291,46.1881],[6.129,46.188],[6.1287,46.1879],[6.1285,46.1878],[6.1279,46.1878],[6.1276,46.1878],[6.1276,46.1874],[6.1277,46.1872],[6.1278,46.1863],[6.128,46.1864],[6.1281,46.1858],[6.1282,46.1853],[6.1283,46.1842],[6.1284,46.1811],[6.129,46.1811],[6.1291,46.181],[6.1292,46.181],[6.1308,46.182],[6.1311,46.182],[6.1311,46.1818],[6.1312,46.1818],[6.1312,46.1805],[6.1312,46.18],[6.1312,46.1789],[6.1311,46.1785],[6.1312,46.1785],[6.1312,46.178],[6.1312,46.1776],[6.1313,46.1775],[6.1312,46.1772],[6.1313,46.1772],[6.1313,46.1768],[6.1313,46.1766],[6.1312,46.1764],[6.1311,46.1762],[6.1309,46.176],[6.1306,46.1757],[6.1302,46.1755],[6.13,46.1754],[6.1294,46.1753],[6.1296,46.1748],[6.1299,46.1747],[6.1301,46.1745],[6.1309,46.175],[6.1324,46.176],[6.1331,46.1764],[6.1333,46.1763],[6.1337,46.1758],[6.1345,46.1751],[6.1347,46.1748],[6.1347,46.1745],[6.1348,46.1743],[6.1349,46.1742],[6.135,46.174],[6.1351,46.1738],[6.1353,46.1738],[6.1358,46.1737],[6.1359,46.1737],[6.1366,46.1734],[6.1367,46.1733],[6.137,46.1732],[6.137,46.1731],[6.137,46.1729],[6.137,46.1727],[6.1368,46.1725],[6.1369,46.1723],[6.1371,46.1723],[6.1373,46.1722],[6.1375,46.1719],[6.1377,46.1716],[6.1379,46.1713],[6.138,46.1706],[6.1381,46.1706],[6.138,46.1703],[6.1381,46.1702],[6.1384,46.1701],[6.1386,46.1699],[6.1388,46.1698],[6.1386,46.1697],[6.1384,46.1696],[6.1382,46.1694],[6.1381,46.1693],[6.1384,46.1691],[6.1387,46.1691],[6.1389,46.169],[6.1389,46.1687],[6.139,46.1686],[6.1392,46.1686],[6.1394,46.1685],[6.1396,46.1684],[6.1398,46.1681],[6.14,46.1684],[6.1403,46.1683]]]}},{"type":"Feature","properties":{"id":"ch-ge-6609"},"geometry":{"type":"Polygon","coordinates":[[[6.0287,46.1862],[6.0242,46.1835],[6.0236,46.1832],[6.023,46.1829],[6.0224,46.1827],[6.0221,46.1826],[6.019,46.1817],[6.0187,46.1816],[6.0183,46.1814],[6.018,46.1813],[6.0177,46.1811],[6.0174,46.1809],[6.0171,46.1807],[6.0169,46.1805],[6.0167,46.1802],[6.0156,46.1788],[6.0153,46.1785],[6.0146,46.1779],[6.0141,46.1776],[6.0136,46.1775],[6.0132,46.1774],[6.0108,46.1769],[6.0111,46.1765],[6.011,46.1763],[6.0112,46.1761],[6.0111,46.176],[6.0112,46.1759],[6.0114,46.1756],[6.0113,46.1753],[6.0115,46.1752],[6.0115,46.175],[6.0117,46.1748],[6.0117,46.1746],[6.0119,46.1745],[6.012,46.1744],[6.0121,46.1743],[6.0121,46.1741],[6.012,46.1739],[6.0122,46.1733],[6.0124,46.173],[6.0125,46.1729],[6.0128,46.1725],[6.0131,46.1723],[6.0135,46.172],[6.0141,46.1718],[6.0143,46.1717],[6.0145,46.1715],[6.0149,46.1713],[6.015,46.1712],[6.0155,46.1709],[6.0157,46.1708],[6.0162,46.1706],[6.0165,46.1704],[6.0168,46.1702],[6.0171,46.1701],[6.0172,46.1699],[6.0173,46.1698],[6.0174,46.1697],[6.0177,46.1695],[6.0179,46.1692],[6.018,46.1691],[6.0181,46.169],[6.0182,46.169],[6.0184,46.1686],[6.0184,46.1685],[6.0185,46.1683],[6.0185,46.1682],[6.0186,46.168],[6.0186,46.1679],[6.0187,46.1678],[6.0188,46.1677],[6.0189,46.1675],[6.019,46.1674],[6.019,46.1672],[6.019,46.167],[6.0191,46.1669],[6.0192,46.1666],[6.0192,46.1665],[6.0192,46.1664],[6.0193,46.1662],[6.0194,46.1661],[6.0195,46.1659],[6.0197,46.1658],[6.0196,46.1655],[6.0199,46.1653],[6.0197,46.1652],[6.0195,46.1652],[6.0196,46.1647],[6.0197,46.1644],[6.0199,46.1644],[6.02,46.1642],[6.0199,46.1641],[6.02,46.1639],[6.0202,46.1638],[6.0204,46.1639],[6.0205,46.1637],[6.0215,46.1642],[6.023,46.1648],[6.0245,46.1654],[6.0252,46.1657],[6.0267,46.1663],[6.0284,46.167],[6.0296,46.1674],[6.0322,46.1683],[6.0341,46.1689],[6.0348,46.1691],[6.0355,46.1693],[6.0364,46.1696],[6.037,46.1699],[6.038,46.1705],[6.0383,46.1708],[6.0384,46.1709],[6.0392,46.1713],[6.0397,46.1715],[6.0402,46.1716],[6.0413,46.1719],[6.0431,46.1722],[6.0431,46.1723],[6.0434,46.1727],[6.0436,46.1728],[6.044,46.1732],[6.0443,46.1735],[6.0443,46.1736],[6.0447,46.174],[6.0449,46.1741],[6.0452,46.1739],[6.0455,46.174],[6.0466,46.1744],[6.0467,46.1744],[6.0472,46.1746],[6.0479,46.175],[6.0481,46.1753],[6.0486,46.1757],[6.0489,46.1758],[6.0491,46.176],[6.0492,46.1762],[6.0495,46.1764],[6.0495,46.1766],[6.0497,46.1767],[6.0496,46.1768],[6.0497,46.1769],[6.0498,46.177],[6.0498,46.1771],[6.0499,46.1772],[6.0499,46.1775],[6.0501,46.1775],[6.0502,46.1776],[6.0502,46.1777],[6.0503,46.1778],[6.0504,46.1779],[6.0504,46.1781],[6.0507,46.1781],[6.0507,46.1782],[6.0508,46.1784],[6.0507,46.1784],[6.0509,46.1786],[6.0511,46.1787],[6.0512,46.1789],[6.0512,46.179],[6.0513,46.179],[6.0517,46.1791],[6.0517,46.1792],[6.0515,46.1793],[6.0515,46.1795],[6.0514,46.1796],[6.0512,46.1796],[6.0511,46.1797],[6.0512,46.1798],[6.0514,46.18],[6.0513,46.1801],[6.0512,46.1801],[6.0513,46.1804],[6.0511,46.1806],[6.0511,46.1807],[6.0512,46.1808],[6.0513,46.181],[6.0511,46.1812],[6.0509,46.1813],[6.0508,46.1815],[6.0508,46.1816],[6.051,46.1818],[6.0508,46.1819],[6.0507,46.182],[6.0506,46.1822],[6.0505,46.1824],[6.0504,46.1825],[6.0501,46.1825],[6.05,46.1826],[6.0498,46.1826],[6.0495,46.1826],[6.0493,46.1827],[6.0491,46.1829],[6.0488,46.183],[6.0483,46.1833],[6.0482,46.1837],[6.0479,46.1839],[6.0476,46.1845],[6.0474,46.1846],[6.0472,46.1847],[6.0469,46.1847],[6.0464,46.1847],[6.0462,46.1847],[6.0459,46.1848],[6.0456,46.1847],[6.0452,46.1846],[6.045,46.1848],[6.045,46.185],[6.0449,46.1851],[6.0447,46.1848],[6.0446,46.1847],[6.0438,46.1844],[6.0433,46.184],[6.0426,46.1836],[6.0421,46.1832],[6.0416,46.1829],[6.0397,46.1819],[6.0338,46.1844],[6.0287,46.1862]]]}},{"type":"Feature","properties":{"id":"ch-ge-6610"},"geometry":{"type":"MultiPolygon","coordinates":[[[[6.1931,46.3437],[6.1944,46.3431],[6.1967,46.342],[6.1982,46.3413],[6.1984,46.3413],[6.2013,46.3399],[6.2036,46.3388],[6.2041,46.3397],[6.2061,46.3394],[6.2059,46.3392],[6.2069,46.3388],[6.207,46.3389],[6.2073,46.3393],[6.2074,46.3395],[6.2073,46.3396],[6.2075,46.3399],[6.2073,46.3401],[6.2074,46.3403],[6.2073,46.3403],[6.2072,46.3405],[6.2073,46.3405],[6.2072,46.3407],[6.2071,46.3408],[6.2071,46.341],[6.2069,46.3412],[6.2069,46.3414],[6.2069,46.3415],[6.2068,46.3418],[6.2068,46.3422],[6.2069,46.3423],[6.207,46.3427],[6.2074,46.343],[6.2076,46.3431],[6.2075,46.3432],[6.2074,46.3434],[6.2075,46.3437],[6.2074,46.3439],[6.2074,46.3443],[6.2074,46.3448],[6.2073,46.345],[6.2074,46.3451],[6.2076,46.3452],[6.2077,46.3453],[6.2075,46.3454],[6.2073,46.3457],[6.2072,46.3463],[6.2071,46.3467],[6.2072,46.3474],[6.2074,46.3477],[6.2075,46.3478],[6.2078,46.348],[6.2083,46.3483],[6.2085,46.3483],[6.2086,46.3482],[6.2095,46.348],[6.2088,46.3483],[6.2086,46.3484],[6.2087,46.3487],[6.2087,46.3488],[6.2089,46.3492],[6.2093,46.3494],[6.2098,46.3497],[6.2104,46.3501],[6.2105,46.3502],[6.2107,46.3504],[6.2108,46.3508],[6.2107,46.3508],[6.2108,46.3509],[6.211,46.351],[6.2115,46.3514],[6.2116,46.3516],[6.2118,46.3519],[6.212,46.3522],[6.2121,46.3523],[6.2121,46.3525],[6.2122,46.3527],[6.2123,46.3528],[6.2125,46.353],[6.2126,46.353],[6.2127,46.3532],[6.2125,46.3533],[6.2126,46.3534],[6.2124,46.3535],[6.2121,46.3536],[6.2121,46.3537],[6.2118,46.3538],[6.2116,46.3536],[6.2115,46.3536],[6.2105,46.3539],[6.2103,46.354],[6.2102,46.3539],[6.2101,46.354],[6.2099,46.3541],[6.2098,46.3542],[6.2096,46.3542],[6.2095,46.3543],[6.2092,46.3543],[6.2088,46.3545],[6.2087,46.3546],[6.2083,46.3547],[6.2081,46.3547],[6.2075,46.355],[6.207,46.3551],[6.2068,46.355],[6.2066,46.355],[6.2064,46.3551],[6.206,46.3552],[6.2056,46.3552],[6.2053,46.3552],[6.205,46.3553],[6.2047,46.3552],[6.2045,46.3552],[6.2041,46.3552],[6.2036,46.355],[6.2035,46.3549],[6.203,46.3549],[6.2028,46.3548],[6.2025,46.3548],[6.2021,46.3548],[6.2017,46.355],[6.2014,46.3551],[6.2005,46.3556],[6.2003,46.3556],[6.1999,46.3556],[6.1999,46.3559],[6.1998,46.356],[6.1999,46.3562],[6.1997,46.3566],[6.1995,46.3567],[6.1994,46.357],[6.1993,46.3571],[6.1992,46.3571],[6.1989,46.3574],[6.199,46.3574],[6.1988,46.3576],[6.1985,46.3578],[6.1984,46.358],[6.1983,46.3582],[6.1982,46.3584],[6.198,46.3585],[6.1979,46.3586],[6.1981,46.3589],[6.1983,46.359],[6.1985,46.359],[6.1986,46.3592],[6.1985,46.3593],[6.1982,46.3596],[6.1981,46.3598],[6.1979,46.3599],[6.1979,46.3601],[6.1979,46.3602],[6.1981,46.3603],[6.1977,46.3604],[6.197,46.3606],[6.1961,46.3607],[6.1952,46.3608],[6.1945,46.3608],[6.1937,46.3608],[6.1922,46.3607],[6.1912,46.3607],[6.1899,46.3605],[6.1889,46.3604],[6.1885,46.3603],[6.188,46.3604],[6.1875,46.3604],[6.1869,46.3606],[6.1867,46.3606],[6.1868,46.3607],[6.1863,46.361],[6.1859,46.3613],[6.1857,46.3617],[6.1852,46.362],[6.185,46.3622],[6.1849,46.3622],[6.1841,46.3627],[6.1838,46.3628],[6.183,46.3632],[6.1825,46.3634],[6.1816,46.3639],[6.1806,46.3644],[6.1802,46.3646],[6.1801,46.3645],[6.1784,46.3638],[6.1766,46.3631],[6.1765,46.3632],[6.1744,46.3624],[6.1746,46.3622],[6.174,46.3618],[6.1751,46.361],[6.1762,46.3601],[6.1739,46.3593],[6.1728,46.3589],[6.1711,46.3584],[6.1715,46.3575],[6.172,46.3561],[6.1727,46.355],[6.1726,46.3549],[6.1729,46.3547],[6.173,46.3547],[6.1734,46.3546],[6.1738,46.3544],[6.1742,46.3543],[6.1743,46.3542],[6.1745,46.3542],[6.1748,46.3541],[6.1755,46.3538],[6.1803,46.3528],[6.1817,46.3521],[6.1833,46.3512],[6.1829,46.3507],[6.183,46.3507],[6.1863,46.3496],[6.1865,46.3495],[6.1867,46.3495],[6.1869,46.3495],[6.187,46.3495],[6.1871,46.3496],[6.1872,46.3496],[6.1875,46.3498],[6.1877,46.3498],[6.1879,46.3499],[6.1881,46.3499],[6.1883,46.35],[6.1885,46.35],[6.1888,46.3501],[6.189,46.35],[6.1895,46.3495],[6.1898,46.3495],[6.1899,46.3494],[6.1901,46.3493],[6.1903,46.3492],[6.1906,46.3491],[6.1909,46.3488],[6.1911,46.3487],[6.1914,46.3486],[6.1916,46.3486],[6.1919,46.3487],[6.1923,46.3487],[6.1928,46.3488],[6.1929,46.3488],[6.1934,46.3489],[6.1936,46.3488],[6.1938,46.3487],[6.1939,46.3486],[6.1943,46.3486],[6.1949,46.3486],[6.1931,46.3437]]],[[[6.1844,46.3459],[6.184,46.346],[6.1838,46.3461],[6.1836,46.3463],[6.182,46.3473],[6.1817,46.3477],[6.1808,46.3481],[6.1807,46.3481],[6.1756,46.3513],[6.1752,46.3512],[6.175,46.3507],[6.1747,46.3505],[6.1747,46.3503],[6.1747,46.35],[6.1746,46.3498],[6.1744,46.3495],[6.1743,46.3494],[6.1739,46.349],[6.1718,46.3499],[6.171,46.3489],[6.1704,46.3481],[6.1703,46.3479],[6.1697,46.3472],[6.1686,46.3456],[6.1679,46.3447],[6.1668,46.3431],[6.1685,46.3422],[6.1684,46.3421],[6.17,46.3414],[6.1707,46.341],[6.1713,46.3406],[6.1713,46.3407],[6.1715,46.341],[6.1718,46.341],[6.172,46.3411],[6.1724,46.3413],[6.1725,46.3414],[6.1726,46.3417],[6.1726,46.3418],[6.1727,46.342],[6.1726,46.3421],[6.1724,46.3424],[6.1725,46.3425],[6.1725,46.3427],[6.1724,46.3427],[6.1724,46.3429],[6.1723,46.343],[6.1721,46.3432],[6.1722,46.3435],[6.1721,46.3436],[6.1722,46.3437],[6.1721,46.3438],[6.1723,46.344],[6.1722,46.3441],[6.1722,46.3445],[6.1728,46.3449],[6.1729,46.3449],[6.1732,46.3451],[6.1733,46.3452],[6.1735,46.3452],[6.1736,46.3454],[6.1738,46.3456],[6.1738,46.3457],[6.174,46.346],[6.1741,46.3461],[6.1743,46.3463],[6.1743,46.3465],[6.1743,46.3466],[6.1745,46.3468],[6.1745,46.3469],[6.1751,46.3467],[6.1766,46.3459],[6.1765,46.3457],[6.1767,46.3456],[6.1769,46.3454],[6.1777,46.3451],[6.1778,46.3451],[6.1787,46.3447],[6.1808,46.3439],[6.1811,46.3442],[6.1817,46.3437],[6.1844,46.3459]]]]}},{"type":"Feature","properties":{"id":"ch-ge-6611"},"geometry":{"type":"Polygon","coordinates":[[[5.9758,46.1609],[5.9747,46.1592],[5.9746,46.1589],[5.9746,46.1587],[5.9745,46.1584],[5.9737,46.157],[5.9731,46.1562],[5.9725,46.1555],[5.9718,46.1548],[5.9692,46.1523],[5.9689,46.1519],[5.9688,46.1518],[5.9674,46.1497],[5.9673,46.1494],[5.9669,46.1482],[5.9668,46.148],[5.9666,46.1478],[5.9659,46.1471],[5.9655,46.1468],[5.9652,46.1465],[5.9649,46.1461],[5.9647,46.1457],[5.9643,46.1448],[5.9642,46.1445],[5.9641,46.1442],[5.964,46.1439],[5.964,46.1436],[5.964,46.1433],[5.9641,46.143],[5.9643,46.1422],[5.9645,46.1417],[5.9646,46.1415],[5.9648,46.1412],[5.9655,46.1405],[5.9657,46.1401],[5.9662,46.1392],[5.9664,46.1388],[5.9664,46.1385],[5.9664,46.1382],[5.9662,46.1379],[5.9657,46.1371],[5.9655,46.1369],[5.9653,46.1367],[5.9649,46.1365],[5.9641,46.136],[5.9634,46.1358],[5.9626,46.1356],[5.9622,46.1355],[5.9588,46.1342],[5.9584,46.134],[5.9579,46.1338],[5.9575,46.1336],[5.9571,46.1333],[5.9559,46.1324],[5.9564,46.1318],[5.9568,46.1288],[5.9574,46.1286],[5.9588,46.1294],[5.9599,46.1299],[5.9605,46.1303],[5.9606,46.1304],[5.9609,46.1306],[5.9611,46.1306],[5.9611,46.1308],[5.9627,46.1305],[5.9648,46.1302],[5.9652,46.1297],[5.9653,46.1298],[5.9654,46.1299],[5.9654,46.13],[5.9656,46.1301],[5.9657,46.1301],[5.9659,46.1301],[5.9662,46.1302],[5.9665,46.1302],[5.9667,46.1303],[5.9667,46.1304],[5.9671,46.1305],[5.9672,46.1307],[5.9673,46.1307],[5.9675,46.131],[5.9676,46.1311],[5.9679,46.1311],[5.968,46.1311],[5.9682,46.1312],[5.9683,46.1312],[5.9689,46.1313],[5.9689,46.1314],[5.9692,46.1315],[5.9693,46.1317],[5.9693,46.1319],[5.9695,46.1321],[5.9699,46.1321],[5.9701,46.132],[5.9705,46.132],[5.9707,46.1321],[5.9709,46.1321],[5.9715,46.1322],[5.9721,46.1321],[5.9723,46.132],[5.9726,46.1319],[5.9726,46.1318],[5.9729,46.1316],[5.9734,46.1321],[5.9741,46.1324],[5.9754,46.1327],[5.9767,46.1332],[5.9772,46.1334],[5.9775,46.1336],[5.9791,46.1356],[5.9799,46.136],[5.9806,46.1365],[5.9819,46.1374],[5.9822,46.1387],[5.9826,46.1404],[5.9828,46.141],[5.9829,46.1413],[5.9823,46.1416],[5.9824,46.1423],[5.9826,46.1434],[5.9828,46.1447],[5.9832,46.1453],[5.9838,46.1457],[5.9845,46.1488],[5.9848,46.149],[5.985,46.1491],[5.9852,46.1493],[5.9857,46.1499],[5.9855,46.1499],[5.9857,46.1501],[5.9858,46.1502],[5.9859,46.1504],[5.9858,46.151],[5.9858,46.1512],[5.9865,46.1516],[5.9873,46.1519],[5.9881,46.152],[5.9889,46.1522],[5.989,46.1523],[5.9891,46.1524],[5.9899,46.1527],[5.9906,46.153],[5.9911,46.1531],[5.9916,46.1533],[5.9917,46.1533],[5.9933,46.1535],[5.9937,46.1536],[5.9943,46.1537],[5.9953,46.154],[5.9966,46.1543],[5.9976,46.1546],[5.9981,46.1548],[5.9997,46.1552],[6.0001,46.1553],[6.0008,46.1556],[6.0022,46.1561],[6.0026,46.1563],[6.0027,46.1563],[6.0033,46.1566],[6.0049,46.1572],[6.0052,46.1574],[6.0058,46.1577],[6.0055,46.158],[6.0049,46.1585],[6.0045,46.1587],[6.0038,46.1593],[6.0034,46.1596],[6.0041,46.1602],[6.0043,46.1605],[6.0043,46.1607],[6.0035,46.1611],[6.0037,46.1614],[6.0023,46.1619],[6.0023,46.162],[6.0017,46.1626],[6.0015,46.1627],[6.001,46.1631],[6.0009,46.1631],[6.0001,46.163],[5.9999,46.1629],[5.9992,46.163],[5.999,46.163],[5.9984,46.1629],[5.9981,46.1629],[5.9979,46.1628],[5.9971,46.1628],[5.9967,46.1629],[5.9964,46.163],[5.9957,46.1633],[5.9954,46.1635],[5.9953,46.1636],[5.9949,46.164],[5.9945,46.1643],[5.9939,46.1644],[5.9936,46.1644],[5.993,46.1644],[5.9923,46.1645],[5.9917,46.1641],[5.9911,46.1635],[5.9909,46.1633],[5.9908,46.1631],[5.9903,46.1624],[5.9902,46.1621],[5.9898,46.1618],[5.9893,46.1613],[5.9891,46.1611],[5.9887,46.1609],[5.9882,46.1606],[5.9876,46.16],[5.9868,46.1589],[5.9867,46.1589],[5.9866,46.1588],[5.9861,46.1585],[5.9853,46.1582],[5.9845,46.1579],[5.984,46.1578],[5.984,46.1581],[5.9839,46.1583],[5.9837,46.1584],[5.9833,46.1585],[5.9829,46.1586],[5.9824,46.1583],[5.9823,46.1584],[5.982,46.1583],[5.9814,46.1583],[5.9811,46.1583],[5.9809,46.1583],[5.9802,46.1583],[5.9801,46.1583],[5.9799,46.1584],[5.9799,46.1586],[5.9798,46.1587],[5.9794,46.1586],[5.9792,46.1587],[5.9791,46.1588],[5.979,46.1589],[5.9786,46.1589],[5.9785,46.1591],[5.9785,46.1592],[5.9783,46.1592],[5.9782,46.1593],[5.978,46.1593],[5.9779,46.1595],[5.9775,46.1597],[5.9775,46.1598],[5.9774,46.1599],[5.9773,46.1598],[5.9769,46.1599],[5.9768,46.1601],[5.9769,46.1603],[5.9769,46.1604],[5.9765,46.1604],[5.9764,46.1605],[5.9763,46.1608],[5.9758,46.1609]]]}},{"type":"Feature","properties":{"id":"ch-ge-6612"},"geometry":{"type":"Polygon","coordinates":[[[6.1954,46.207],[6.1926,46.2059],[6.1912,46.2054],[6.1908,46.2055],[6.1907,46.2056],[6.1903,46.2059],[6.1902,46.2059],[6.1896,46.206],[6.1881,46.2063],[6.1872,46.2056],[6.1867,46.2052],[6.1858,46.2046],[6.1853,46.2048],[6.1848,46.205],[6.1831,46.2053],[6.1825,46.2054],[6.1818,46.2056],[6.18,46.206],[6.1797,46.2061],[6.1795,46.206],[6.1789,46.2054],[6.1788,46.2052],[6.1793,46.2047],[6.1795,46.2042],[6.1792,46.2041],[6.1785,46.2036],[6.1782,46.2034],[6.1781,46.2034],[6.1767,46.2022],[6.1758,46.2013],[6.175,46.2005],[6.1743,46.1999],[6.1742,46.1996],[6.1747,46.1995],[6.1746,46.1992],[6.1744,46.1985],[6.1743,46.1983],[6.1738,46.1976],[6.1734,46.197],[6.1731,46.1966],[6.1724,46.1958],[6.1718,46.1951],[6.1712,46.1945],[6.1714,46.1944],[6.1721,46.1941],[6.1724,46.194],[6.1726,46.1939],[6.1725,46.1937],[6.1706,46.1923],[6.1693,46.1912],[6.169,46.1911],[6.1684,46.1906],[6.1674,46.19],[6.1673,46.1898],[6.1674,46.1896],[6.1676,46.1891],[6.1675,46.189],[6.1676,46.1889],[6.1678,46.1873],[6.1683,46.187],[6.1687,46.1867],[6.1695,46.1858],[6.1699,46.1852],[6.1701,46.1848],[6.1703,46.1842],[6.1706,46.1839],[6.1709,46.1834],[6.1712,46.1828],[6.1713,46.1822],[6.1715,46.181],[6.1715,46.1805],[6.1715,46.1798],[6.1715,46.1793],[6.1714,46.1789],[6.1711,46.1786],[6.1701,46.1778],[6.1693,46.1775],[6.169,46.1771],[6.169,46.1768],[6.1692,46.1764],[6.1695,46.1761],[6.1699,46.1759],[6.1707,46.1757],[6.1712,46.1757],[6.1717,46.1757],[6.1724,46.1759],[6.1732,46.1761],[6.1743,46.1765],[6.176,46.1772],[6.1767,46.1775],[6.1772,46.1778],[6.1779,46.1787],[6.1784,46.1791],[6.1788,46.1793],[6.1794,46.1796],[6.1802,46.1797],[6.1813,46.1795],[6.1818,46.1799],[6.1819,46.1801],[6.1822,46.1801],[6.1825,46.1801],[6.1827,46.1801],[6.1829,46.1802],[6.1829,46.1803],[6.1829,46.1806],[6.183,46.1809],[6.1832,46.181],[6.1835,46.1809],[6.1837,46.1809],[6.1839,46.181],[6.184,46.1811],[6.1839,46.1813],[6.1838,46.1816],[6.184,46.1819],[6.1842,46.182],[6.1842,46.1821],[6.1842,46.1822],[6.184,46.1823],[6.1838,46.1825],[6.1837,46.1827],[6.1834,46.1829],[6.183,46.1831],[6.1829,46.1834],[6.1828,46.1837],[6.1828,46.1839],[6.1826,46.1844],[6.1826,46.1845],[6.1828,46.1845],[6.1831,46.1843],[6.1833,46.1844],[6.1833,46.1845],[6.1832,46.1847],[6.1833,46.1848],[6.1832,46.185],[6.1835,46.1854],[6.1834,46.1856],[6.1836,46.1858],[6.1836,46.186],[6.1834,46.1861],[6.1833,46.1863],[6.1832,46.1865],[6.1833,46.1866],[6.1837,46.1867],[6.1839,46.1869],[6.184,46.1872],[6.1844,46.1874],[6.1843,46.1877],[6.1845,46.1878],[6.1846,46.188],[6.1849,46.1882],[6.185,46.1882],[6.185,46.1884],[6.1854,46.1886],[6.1859,46.1888],[6.186,46.1888],[6.1861,46.1889],[6.186,46.1891],[6.1862,46.1894],[6.1864,46.1898],[6.1866,46.19],[6.1867,46.1902],[6.1867,46.1906],[6.1867,46.1907],[6.1865,46.1909],[6.1866,46.191],[6.1866,46.1913],[6.1865,46.1914],[6.1862,46.1916],[6.1863,46.1917],[6.1861,46.1918],[6.1855,46.1917],[6.1854,46.1918],[6.185,46.1925],[6.1852,46.1927],[6.1857,46.1929],[6.1858,46.193],[6.1858,46.1932],[6.1858,46.1934],[6.186,46.1937],[6.186,46.1938],[6.1861,46.1939],[6.1861,46.194],[6.1862,46.1942],[6.1862,46.1943],[6.1864,46.1945],[6.1867,46.1945],[6.1871,46.1943],[6.1871,46.1942],[6.1877,46.194],[6.1882,46.1943],[6.1883,46.1943],[6.1887,46.1943],[6.1889,46.1944],[6.1894,46.1946],[6.1899,46.1947],[6.1901,46.1948],[6.1913,46.195],[6.1915,46.1951],[6.1918,46.1953],[6.1919,46.1954],[6.1917,46.196],[6.1915,46.1963],[6.1915,46.1965],[6.1918,46.1968],[6.1918,46.1969],[6.1916,46.1971],[6.1917,46.1971],[6.1924,46.1974],[6.1928,46.1977],[6.1932,46.1978],[6.1933,46.198],[6.1933,46.1983],[6.1934,46.1985],[6.1935,46.1987],[6.1936,46.1988],[6.1939,46.199],[6.1937,46.1992],[6.1935,46.1994],[6.1936,46.1996],[6.1939,46.1998],[6.1941,46.1999],[6.1942,46.1999],[6.1943,46.1999],[6.1948,46.2],[6.1949,46.2001],[6.1951,46.2002],[6.1952,46.2004],[6.1954,46.2004],[6.1956,46.2001],[6.1958,46.2002],[6.1957,46.2005],[6.1956,46.2006],[6.1957,46.2007],[6.1959,46.2008],[6.1957,46.2009],[6.1959,46.201],[6.1963,46.2013],[6.1962,46.2015],[6.1965,46.2017],[6.1967,46.2017],[6.1968,46.2018],[6.1969,46.202],[6.1972,46.2021],[6.1976,46.2021],[6.1982,46.202],[6.1985,46.2022],[6.199,46.2022],[6.1993,46.2023],[6.1996,46.2023],[6.1998,46.2024],[6.1998,46.2025],[6.1997,46.2027],[6.1999,46.2028],[6.1997,46.2029],[6.1999,46.2031],[6.2,46.203],[6.2001,46.2032],[6.2003,46.2031],[6.2003,46.203],[6.2005,46.203],[6.2008,46.203],[6.2011,46.2032],[6.2015,46.2033],[6.2016,46.2034],[6.202,46.2041],[6.2014,46.2046],[6.2012,46.2047],[6.2011,46.2049],[6.2011,46.2051],[6.2012,46.205],[6.2014,46.2051],[6.2013,46.2052],[6.2011,46.2053],[6.2012,46.2054],[6.2013,46.2055],[6.2012,46.2056],[6.2012,46.2059],[6.2014,46.2059],[6.2015,46.2061],[6.2016,46.2062],[6.2016,46.2064],[6.2015,46.2068],[6.2014,46.2069],[6.2012,46.2071],[6.2011,46.2072],[6.2006,46.2072],[6.2001,46.2076],[6.1991,46.2083],[6.199,46.2083],[6.1985,46.2079],[6.1981,46.2076],[6.1974,46.2075],[6.1966,46.2073],[6.1957,46.2071],[6.1954,46.207]]]}},{"type":"Feature","properties":{"id":"ch-ge-6613"},"geometry":{"type":"Polygon","coordinates":[[[6.1867,46.1902],[6.1874,46.1901],[6.1879,46.1901],[6.1888,46.19],[6.1896,46.1903],[6.1902,46.1905],[6.1903,46.1905],[6.1904,46.1906],[6.1909,46.1907],[6.1913,46.1909],[6.1915,46.1911],[6.1916,46.1912],[6.1924,46.191],[6.193,46.1907],[6.1933,46.1907],[6.1941,46.1907],[6.1947,46.1904],[6.1949,46.1904],[6.1953,46.1902],[6.196,46.19],[6.1959,46.19],[6.1964,46.1906],[6.1967,46.1911],[6.1972,46.1909],[6.1976,46.1908],[6.1982,46.1906],[6.1983,46.1907],[6.1988,46.1921],[6.2001,46.1958],[6.2007,46.1959],[6.2019,46.196],[6.2027,46.1962],[6.2032,46.1974],[6.2026,46.1974],[6.2025,46.1975],[6.2027,46.1976],[6.203,46.198],[6.2032,46.1982],[6.2035,46.1984],[6.2037,46.1985],[6.2042,46.1987],[6.2047,46.199],[6.2049,46.1991],[6.2053,46.1992],[6.2043,46.2001],[6.2042,46.2002],[6.2054,46.2007],[6.2045,46.2026],[6.2042,46.2029],[6.2038,46.2033],[6.2049,46.2042],[6.2044,46.2045],[6.2047,46.205],[6.2049,46.2059],[6.2049,46.2081],[6.2037,46.2092],[6.2034,46.2091],[6.2031,46.209],[6.2025,46.2088],[6.2023,46.2087],[6.202,46.2084],[6.2018,46.2082],[6.2018,46.208],[6.2017,46.2077],[6.2013,46.2076],[6.2012,46.2075],[6.2011,46.2072],[6.2012,46.2071],[6.2014,46.2069],[6.2015,46.2068],[6.2016,46.2064],[6.2016,46.2062],[6.2015,46.2061],[6.2014,46.2059],[6.2012,46.2059],[6.2012,46.2056],[6.2013,46.2055],[6.2012,46.2054],[6.2011,46.2053],[6.2013,46.2052],[6.2014,46.2051],[6.2012,46.205],[6.2011,46.2051],[6.2011,46.2049],[6.2012,46.2047],[6.2014,46.2046],[6.202,46.2041],[6.2016,46.2034],[6.2015,46.2033],[6.2011,46.2032],[6.2008,46.203],[6.2005,46.203],[6.2003,46.203],[6.2003,46.2031],[6.2001,46.2032],[6.2,46.203],[6.1999,46.2031],[6.1997,46.2029],[6.1999,46.2028],[6.1997,46.2027],[6.1998,46.2025],[6.1998,46.2024],[6.1996,46.2023],[6.1993,46.2023],[6.199,46.2022],[6.1985,46.2022],[6.1982,46.202],[6.1976,46.2021],[6.1972,46.2021],[6.1969,46.202],[6.1968,46.2018],[6.1967,46.2017],[6.1965,46.2017],[6.1962,46.2015],[6.1963,46.2013],[6.1959,46.201],[6.1957,46.2009],[6.1959,46.2008],[6.1957,46.2007],[6.1956,46.2006],[6.1957,46.2005],[6.1958,46.2002],[6.1956,46.2001],[6.1954,46.2004],[6.1952,46.2004],[6.1951,46.2002],[6.1949,46.2001],[6.1948,46.2],[6.1943,46.1999],[6.1942,46.1999],[6.1941,46.1999],[6.1939,46.1998],[6.1936,46.1996],[6.1935,46.1994],[6.1937,46.1992],[6.1939,46.199],[6.1936,46.1988],[6.1935,46.1987],[6.1934,46.1985],[6.1933,46.1983],[6.1933,46.198],[6.1932,46.1978],[6.1928,46.1977],[6.1924,46.1974],[6.1917,46.1971],[6.1916,46.1971],[6.1918,46.1969],[6.1918,46.1968],[6.1915,46.1965],[6.1915,46.1963],[6.1917,46.196],[6.1919,46.1954],[6.1918,46.1953],[6.1915,46.1951],[6.1913,46.195],[6.1901,46.1948],[6.1899,46.1947],[6.1894,46.1946],[6.1889,46.1944],[6.1887,46.1943],[6.1883,46.1943],[6.1882,46.1943],[6.1877,46.194],[6.1871,46.1942],[6.1871,46.1943],[6.1867,46.1945],[6.1864,46.1945],[6.1862,46.1943],[6.1862,46.1942],[6.1861,46.194],[6.1861,46.1939],[6.186,46.1938],[6.186,46.1937],[6.1858,46.1934],[6.1858,46.1932],[6.1858,46.193],[6.1857,46.1929],[6.1852,46.1927],[6.185,46.1925],[6.1854,46.1918],[6.1855,46.1917],[6.1861,46.1918],[6.1863,46.1917],[6.1862,46.1916],[6.1865,46.1914],[6.1866,46.1913],[6.1866,46.191],[6.1865,46.1909],[6.1867,46.1907],[6.1867,46.1906],[6.1867,46.1902]]]}},{"type":"Feature","properties":{"id":"ch-ge-6614"},"geometry":{"type":"Polygon","coordinates":[[[6.2171,46.2105],[6.2172,46.2104],[6.2175,46.2105],[6.2178,46.2106],[6.218,46.2108],[6.219,46.2116],[6.2192,46.2119],[6.2196,46.2125],[6.2198,46.2128],[6.2205,46.2132],[6.2207,46.2135],[6.221,46.2133],[6.2243,46.216],[6.2248,46.2165],[6.2259,46.2176],[6.2263,46.2175],[6.227,46.2174],[6.228,46.2173],[6.2284,46.2173],[6.2284,46.2172],[6.2281,46.2163],[6.2289,46.2162],[6.2295,46.2161],[6.2301,46.216],[6.2309,46.2158],[6.2312,46.2157],[6.2317,46.2156],[6.2322,46.2155],[6.2327,46.2166],[6.2334,46.2165],[6.234,46.2183],[6.234,46.2184],[6.2343,46.2193],[6.2344,46.2195],[6.2348,46.2196],[6.2349,46.2199],[6.2355,46.2203],[6.2358,46.2201],[6.2367,46.2208],[6.2369,46.2209],[6.2372,46.2207],[6.2386,46.2216],[6.2408,46.2241],[6.2416,46.2238],[6.2423,46.2235],[6.2424,46.2235],[6.243,46.2258],[6.2432,46.2262],[6.2408,46.2267],[6.2407,46.2267],[6.2386,46.2271],[6.2388,46.2273],[6.2359,46.2279],[6.2359,46.2281],[6.2361,46.2292],[6.2359,46.2293],[6.236,46.2303],[6.2363,46.2327],[6.2364,46.2329],[6.2372,46.2341],[6.2372,46.2342],[6.2371,46.2342],[6.2311,46.2362],[6.231,46.2361],[6.2312,46.2359],[6.2315,46.2353],[6.2296,46.234],[6.2289,46.2336],[6.229,46.2335],[6.2279,46.233],[6.2276,46.2326],[6.227,46.2329],[6.2265,46.2331],[6.2261,46.2326],[6.2255,46.2328],[6.2245,46.2312],[6.224,46.2312],[6.2237,46.2307],[6.2235,46.2303],[6.2225,46.2304],[6.2213,46.2306],[6.2212,46.2307],[6.2216,46.2315],[6.2212,46.2316],[6.2211,46.2316],[6.22,46.2317],[6.219,46.2318],[6.2188,46.2318],[6.2184,46.2317],[6.2176,46.2314],[6.2175,46.2313],[6.2167,46.2313],[6.216,46.2312],[6.2157,46.2313],[6.2155,46.2313],[6.2145,46.2315],[6.2142,46.2316],[6.2145,46.2319],[6.2152,46.2325],[6.2153,46.2327],[6.2155,46.2331],[6.2157,46.2337],[6.2159,46.2346],[6.2163,46.2356],[6.2158,46.2357],[6.2142,46.2361],[6.2141,46.2361],[6.2136,46.2363],[6.2132,46.2366],[6.2136,46.2368],[6.2131,46.2372],[6.2122,46.2371],[6.2117,46.2371],[6.2113,46.237],[6.2108,46.2368],[6.2101,46.2366],[6.2097,46.2365],[6.2098,46.2364],[6.2091,46.2361],[6.2084,46.2358],[6.2078,46.2356],[6.2077,46.2356],[6.2054,46.2355],[6.2051,46.2354],[6.2048,46.2353],[6.2042,46.2351],[6.2031,46.2341],[6.2017,46.2329],[6.2023,46.2325],[6.2028,46.232],[6.2035,46.2314],[6.2039,46.2312],[6.2044,46.2315],[6.2047,46.2316],[6.205,46.2311],[6.2053,46.2307],[6.2058,46.2299],[6.2063,46.2293],[6.2064,46.2292],[6.208,46.2282],[6.2086,46.2278],[6.2089,46.2277],[6.2092,46.2276],[6.2098,46.2273],[6.2099,46.2271],[6.2103,46.2268],[6.2108,46.2267],[6.2111,46.2265],[6.2115,46.2263],[6.2122,46.2261],[6.2126,46.2259],[6.2134,46.2259],[6.2135,46.2262],[6.2137,46.2262],[6.2138,46.2262],[6.2148,46.2261],[6.2156,46.2261],[6.2161,46.226],[6.217,46.2257],[6.2174,46.2255],[6.2182,46.2249],[6.2183,46.2248],[6.2177,46.2236],[6.2171,46.2226],[6.2168,46.2222],[6.2167,46.2218],[6.2176,46.2204],[6.2178,46.2203],[6.2183,46.2198],[6.2186,46.2194],[6.2191,46.219],[6.2193,46.2188],[6.2196,46.2186],[6.2199,46.2183],[6.2199,46.218],[6.2196,46.2169],[6.2195,46.2165],[6.2195,46.2164],[6.2196,46.2158],[6.2195,46.2155],[6.2194,46.2151],[6.2192,46.2147],[6.2189,46.2142],[6.2187,46.214],[6.2179,46.2134],[6.2173,46.2128],[6.217,46.2127],[6.2168,46.2126],[6.2168,46.2125],[6.2166,46.2124],[6.2167,46.212],[6.2169,46.2105],[6.2171,46.2105]]]}},{"type":"Feature","properties":{"id":"ch-ge-6615"},"geometry":{"type":"Polygon","coordinates":[[[6.1412,46.2723],[6.1412,46.2725],[6.1412,46.2737],[6.1412,46.2739],[6.1411,46.2742],[6.141,46.2744],[6.1407,46.2748],[6.1403,46.2753],[6.1408,46.2761],[6.1414,46.2774],[6.1424,46.2793],[6.1425,46.2793],[6.1429,46.2801],[6.1433,46.2812],[6.1432,46.2812],[6.1428,46.2811],[6.1423,46.2809],[6.1422,46.2808],[6.1421,46.2806],[6.1421,46.2803],[6.1418,46.2798],[6.1415,46.2797],[6.141,46.2797],[6.1408,46.2797],[6.1404,46.2796],[6.1402,46.2794],[6.1402,46.2792],[6.1401,46.279],[6.1399,46.2788],[6.1398,46.2787],[6.1394,46.2787],[6.139,46.2787],[6.1388,46.2787],[6.1385,46.2789],[6.1384,46.279],[6.1382,46.2792],[6.138,46.2794],[6.138,46.2795],[6.138,46.2798],[6.1383,46.2801],[6.1384,46.2803],[6.1386,46.2804],[6.1388,46.2806],[6.1391,46.2808],[6.1391,46.281],[6.1389,46.2812],[6.1385,46.2814],[6.1376,46.2816],[6.1374,46.2817],[6.1372,46.2818],[6.1371,46.2817],[6.1368,46.2813],[6.1364,46.2809],[6.136,46.2807],[6.1358,46.2806],[6.1357,46.2807],[6.1356,46.281],[6.1354,46.281],[6.1351,46.2809],[6.1349,46.281],[6.1348,46.2811],[6.1347,46.2813],[6.1346,46.2815],[6.1344,46.2815],[6.1338,46.2816],[6.1335,46.2816],[6.1333,46.2819],[6.1332,46.2819],[6.1329,46.2817],[6.1327,46.2814],[6.1327,46.2813],[6.1326,46.2811],[6.1322,46.2812],[6.1319,46.2813],[6.1318,46.2815],[6.1317,46.2817],[6.1317,46.2821],[6.1316,46.2825],[6.1314,46.2828],[6.1313,46.2831],[6.1311,46.2832],[6.1308,46.2833],[6.1307,46.2835],[6.1306,46.2841],[6.1305,46.2844],[6.1305,46.2846],[6.1309,46.2848],[6.131,46.285],[6.131,46.2852],[6.1308,46.2851],[6.1307,46.2852],[6.1308,46.2854],[6.1309,46.2854],[6.1311,46.2854],[6.1312,46.2857],[6.1313,46.2857],[6.1316,46.2857],[6.1317,46.2859],[6.1319,46.2859],[6.1319,46.2861],[6.132,46.2866],[6.1318,46.2866],[6.1317,46.2866],[6.1316,46.2867],[6.1318,46.2869],[6.1322,46.287],[6.1321,46.2871],[6.1322,46.2874],[6.1321,46.2874],[6.1322,46.2876],[6.1324,46.2876],[6.1324,46.2878],[6.1327,46.2879],[6.1327,46.2878],[6.1329,46.2879],[6.1331,46.2881],[6.1333,46.2882],[6.1338,46.2882],[6.1338,46.2883],[6.1337,46.2886],[6.1339,46.2886],[6.1337,46.2887],[6.1337,46.289],[6.1338,46.289],[6.1337,46.2893],[6.1335,46.2894],[6.1335,46.2895],[6.1334,46.2897],[6.1335,46.2898],[6.1336,46.2898],[6.1334,46.29],[6.1334,46.2901],[6.1332,46.2901],[6.1333,46.2904],[6.1331,46.2907],[6.1332,46.2908],[6.1332,46.2909],[6.1329,46.2909],[6.1329,46.291],[6.133,46.2911],[6.133,46.2913],[6.1332,46.2914],[6.126,46.2946],[6.1217,46.2971],[6.1205,46.2975],[6.1209,46.2972],[6.1209,46.297],[6.1205,46.2967],[6.12,46.2965],[6.1194,46.2964],[6.1191,46.2963],[6.1188,46.2961],[6.1185,46.2959],[6.1187,46.2956],[6.1188,46.2954],[6.1189,46.2952],[6.1192,46.2951],[6.1196,46.295],[6.1197,46.2949],[6.1198,46.2947],[6.1196,46.2943],[6.1194,46.2944],[6.1191,46.2944],[6.1189,46.2945],[6.1187,46.2944],[6.1185,46.2945],[6.118,46.2946],[6.1173,46.2944],[6.1169,46.2943],[6.1166,46.294],[6.1163,46.294],[6.1162,46.2941],[6.1158,46.2943],[6.1154,46.2944],[6.115,46.2945],[6.1148,46.2946],[6.1145,46.2945],[6.1141,46.2947],[6.1139,46.2944],[6.1132,46.2941],[6.1127,46.2935],[6.113,46.2933],[6.1123,46.2926],[6.1116,46.2915],[6.1098,46.2901],[6.1089,46.2894],[6.1074,46.2887],[6.1061,46.2878],[6.1045,46.287],[6.1044,46.2866],[6.1039,46.2862],[6.1035,46.2856],[6.1028,46.2851],[6.1024,46.2849],[6.1036,46.2846],[6.1044,46.2842],[6.1047,46.2839],[6.1044,46.2836],[6.1051,46.283],[6.1049,46.2826],[6.1047,46.2821],[6.1047,46.2817],[6.1046,46.2811],[6.1046,46.281],[6.1045,46.2806],[6.1044,46.2803],[6.1041,46.2797],[6.1034,46.2788],[6.1033,46.2787],[6.1038,46.2785],[6.1046,46.2783],[6.1048,46.2783],[6.105,46.278],[6.1053,46.2776],[6.1054,46.2775],[6.1055,46.2774],[6.1056,46.2772],[6.1056,46.277],[6.1057,46.2769],[6.106,46.2769],[6.1062,46.2767],[6.1064,46.2768],[6.1066,46.2768],[6.1069,46.2767],[6.1071,46.2766],[6.1072,46.2764],[6.1073,46.2764],[6.1076,46.2761],[6.1076,46.2759],[6.1078,46.2757],[6.1079,46.2754],[6.1081,46.2751],[6.1082,46.275],[6.1084,46.2749],[6.1085,46.2748],[6.1088,46.2748],[6.1091,46.2748],[6.1095,46.2747],[6.1097,46.2746],[6.11,46.2745],[6.1103,46.2744],[6.1102,46.2742],[6.1111,46.274],[6.1112,46.2737],[6.1118,46.2735],[6.1116,46.2733],[6.1135,46.2726],[6.1132,46.2724],[6.1128,46.2723],[6.1128,46.2722],[6.1124,46.272],[6.1116,46.2716],[6.1105,46.2709],[6.1099,46.2706],[6.1119,46.2692],[6.1116,46.2691],[6.1135,46.2677],[6.1154,46.266],[6.1162,46.2663],[6.1163,46.2662],[6.1166,46.2661],[6.1173,46.2659],[6.118,46.2656],[6.1181,46.2656],[6.1188,46.2653],[6.1191,46.2652],[6.12,46.2648],[6.1201,46.2647],[6.1181,46.2635],[6.12,46.2617],[6.1193,46.2613],[6.1197,46.2609],[6.1228,46.2625],[6.1249,46.2636],[6.1291,46.2659],[6.1315,46.2672],[6.1326,46.2678],[6.1377,46.2705],[6.1385,46.2709],[6.1412,46.2723]]]}},{"type":"Feature","properties":{"id":"ch-ge-6616"},"geometry":{"type":"Polygon","coordinates":[[[6.2136,46.2368],[6.2142,46.2372],[6.2145,46.2375],[6.2147,46.2383],[6.2142,46.2401],[6.2149,46.241],[6.2135,46.2416],[6.2135,46.2417],[6.2153,46.2439],[6.218,46.2471],[6.2181,46.2473],[6.2183,46.2477],[6.2186,46.2481],[6.2189,46.2483],[6.219,46.2482],[6.2216,46.2504],[6.222,46.2511],[6.2226,46.2509],[6.2234,46.2506],[6.2237,46.2502],[6.2239,46.2502],[6.2252,46.2496],[6.2252,46.2499],[6.2254,46.2502],[6.2256,46.2503],[6.2259,46.2505],[6.226,46.2507],[6.226,46.2508],[6.226,46.251],[6.2262,46.2515],[6.2264,46.2519],[6.2266,46.2521],[6.2269,46.2526],[6.2274,46.2529],[6.228,46.2534],[6.2282,46.2537],[6.2281,46.2538],[6.228,46.2539],[6.2277,46.254],[6.2271,46.254],[6.2265,46.254],[6.2259,46.2539],[6.2256,46.254],[6.2251,46.2541],[6.2257,46.255],[6.224,46.2557],[6.2236,46.2558],[6.2226,46.2563],[6.2228,46.2566],[6.2218,46.2571],[6.2221,46.2573],[6.221,46.2581],[6.2211,46.2583],[6.2202,46.2603],[6.2201,46.2604],[6.2193,46.2604],[6.2182,46.2607],[6.2174,46.2609],[6.2168,46.2611],[6.2161,46.2614],[6.2153,46.2617],[6.215,46.2618],[6.2134,46.2625],[6.2136,46.2628],[6.2132,46.263],[6.2134,46.2633],[6.2129,46.2635],[6.2129,46.2637],[6.2119,46.2641],[6.2117,46.2642],[6.2114,46.2645],[6.2112,46.2646],[6.2109,46.2648],[6.2106,46.2649],[6.2102,46.2651],[6.2099,46.2653],[6.2098,46.2655],[6.2096,46.2656],[6.2094,46.2655],[6.2093,46.2654],[6.2088,46.2654],[6.2087,46.2652],[6.2085,46.2651],[6.2082,46.2653],[6.2082,46.2652],[6.208,46.2652],[6.2078,46.2653],[6.2076,46.2653],[6.2075,46.2654],[6.2074,46.2652],[6.207,46.2652],[6.2069,46.2652],[6.2065,46.2652],[6.2061,46.2653],[6.2058,46.2653],[6.2054,46.2653],[6.2048,46.2651],[6.2044,46.2651],[6.2039,46.2651],[6.2036,46.265],[6.2034,46.265],[6.2034,46.2649],[6.2031,46.265],[6.2029,46.2649],[6.2026,46.2649],[6.2022,46.2649],[6.2021,46.2648],[6.2019,46.2647],[6.2016,46.2647],[6.2015,46.2647],[6.2011,46.2646],[6.2008,46.2646],[6.2007,46.2648],[6.2005,46.2646],[6.1999,46.2645],[6.2,46.2642],[6.1996,46.264],[6.1995,46.264],[6.199,46.2638],[6.199,46.2639],[6.1988,46.2639],[6.1988,46.2637],[6.1985,46.2636],[6.1981,46.2633],[6.1978,46.263],[6.1968,46.2616],[6.1966,46.2611],[6.1964,46.261],[6.1966,46.2609],[6.1965,46.2605],[6.1964,46.2602],[6.1957,46.2592],[6.1952,46.259],[6.1955,46.2589],[6.1955,46.2588],[6.1953,46.2585],[6.1951,46.2585],[6.1951,46.2583],[6.1949,46.2582],[6.1942,46.2576],[6.1942,46.2569],[6.1942,46.2567],[6.1944,46.2565],[6.1944,46.2564],[6.1946,46.2564],[6.1946,46.2568],[6.1945,46.2573],[6.1943,46.2575],[6.1943,46.2576],[6.1946,46.2578],[6.1948,46.2578],[6.1947,46.2575],[6.1947,46.2573],[6.1947,46.2571],[6.1947,46.2567],[6.1947,46.2565],[6.1945,46.2563],[6.1946,46.2561],[6.1945,46.2558],[6.1946,46.2557],[6.1944,46.2555],[6.194,46.2544],[6.1938,46.2541],[6.1935,46.2537],[6.1934,46.2534],[6.1933,46.2532],[6.1933,46.253],[6.1931,46.2529],[6.1932,46.2526],[6.1934,46.2522],[6.1934,46.252],[6.1937,46.2514],[6.194,46.2514],[6.194,46.2513],[6.194,46.2512],[6.1939,46.2511],[6.194,46.251],[6.1939,46.2505],[6.1937,46.25],[6.1936,46.2499],[6.1931,46.2487],[6.1929,46.2483],[6.1929,46.2482],[6.1928,46.2479],[6.1926,46.2477],[6.1924,46.2478],[6.1924,46.2476],[6.1926,46.2476],[6.1926,46.2474],[6.1923,46.2474],[6.1922,46.2473],[6.1926,46.2472],[6.1924,46.2471],[6.1921,46.2472],[6.1921,46.2471],[6.1924,46.247],[6.1923,46.2467],[6.1919,46.2468],[6.1917,46.2465],[6.1921,46.2464],[6.1921,46.2462],[6.1918,46.2462],[6.1917,46.2461],[6.1916,46.2453],[6.1917,46.2453],[6.1917,46.2451],[6.1916,46.2449],[6.1915,46.2446],[6.1916,46.2445],[6.1918,46.2445],[6.1919,46.2444],[6.192,46.2443],[6.1919,46.2441],[6.1921,46.2438],[6.1922,46.2437],[6.1926,46.2433],[6.1926,46.2435],[6.1923,46.2438],[6.1923,46.2439],[6.1925,46.2439],[6.1927,46.2439],[6.1928,46.2439],[6.1928,46.2438],[6.1929,46.2436],[6.193,46.2435],[6.1932,46.2435],[6.1931,46.2434],[6.1928,46.2434],[6.1928,46.2433],[6.1933,46.2431],[6.1936,46.2431],[6.1938,46.243],[6.1939,46.2429],[6.1939,46.2427],[6.1939,46.2425],[6.1939,46.2422],[6.194,46.2422],[6.194,46.242],[6.1939,46.2419],[6.1936,46.2419],[6.1936,46.2418],[6.1938,46.2418],[6.1938,46.2417],[6.1938,46.2415],[6.1937,46.2414],[6.1935,46.2415],[6.1934,46.2412],[6.1933,46.2411],[6.1933,46.2406],[6.1936,46.2399],[6.1935,46.2392],[6.1934,46.239],[6.1934,46.2388],[6.1933,46.2382],[6.1931,46.2379],[6.1926,46.2378],[6.1928,46.2376],[6.1931,46.2375],[6.1932,46.2373],[6.1938,46.2369],[6.1941,46.2369],[6.1943,46.2368],[6.1944,46.2367],[6.1948,46.2366],[6.1952,46.2365],[6.1954,46.2365],[6.1956,46.2365],[6.1958,46.2365],[6.1961,46.2365],[6.1968,46.2361],[6.1972,46.2359],[6.1974,46.2358],[6.198,46.2352],[6.1984,46.2348],[6.199,46.2345],[6.2,46.2339],[6.2002,46.2339],[6.2013,46.2331],[6.2017,46.2329],[6.2031,46.2341],[6.2042,46.2351],[6.2048,46.2353],[6.2051,46.2354],[6.2054,46.2355],[6.2077,46.2356],[6.2078,46.2356],[6.2084,46.2358],[6.2091,46.2361],[6.2098,46.2364],[6.2097,46.2365],[6.2101,46.2366],[6.2108,46.2368],[6.2113,46.237],[6.2117,46.2371],[6.2122,46.2371],[6.2131,46.2372],[6.2136,46.2368]]]}},{"type":"Feature","properties":{"id":"ch-ge-6617"},"geometry":{"type":"Polygon","coordinates":[[[6.1954,46.207],[6.195,46.2077],[6.1939,46.2091],[6.1908,46.213],[6.1899,46.2139],[6.1898,46.214],[6.1908,46.2144],[6.1909,46.2145],[6.1907,46.2148],[6.1908,46.2148],[6.1906,46.2155],[6.1905,46.2156],[6.19,46.2161],[6.1896,46.2164],[6.1894,46.2166],[6.1882,46.2173],[6.1881,46.2174],[6.1887,46.2178],[6.1892,46.2181],[6.1894,46.2184],[6.1896,46.2186],[6.1901,46.2193],[6.1902,46.2194],[6.19,46.2194],[6.1892,46.2198],[6.1877,46.2207],[6.1883,46.2212],[6.1888,46.2218],[6.1893,46.2222],[6.1903,46.2231],[6.1923,46.2247],[6.1934,46.2257],[6.1958,46.2278],[6.1964,46.2283],[6.1972,46.2289],[6.1986,46.2302],[6.2004,46.2317],[6.2017,46.2329],[6.2013,46.2331],[6.2002,46.2339],[6.2,46.2339],[6.199,46.2345],[6.1984,46.2348],[6.198,46.2352],[6.1974,46.2358],[6.1972,46.2359],[6.1968,46.2361],[6.1961,46.2365],[6.1958,46.2365],[6.1956,46.2365],[6.1954,46.2365],[6.1952,46.2365],[6.1948,46.2366],[6.1944,46.2367],[6.1943,46.2368],[6.1941,46.2369],[6.1938,46.2369],[6.1932,46.2373],[6.1931,46.2375],[6.1928,46.2376],[6.1926,46.2378],[6.1924,46.2376],[6.1922,46.2376],[6.1924,46.2374],[6.1925,46.2373],[6.1924,46.2372],[6.1925,46.2371],[6.1925,46.2369],[6.1924,46.2365],[6.1923,46.2364],[6.192,46.2361],[6.1919,46.2358],[6.1918,46.2358],[6.1917,46.2356],[6.1915,46.2355],[6.1915,46.2354],[6.1914,46.2352],[6.1914,46.235],[6.1914,46.2346],[6.1911,46.2338],[6.1905,46.233],[6.1901,46.2326],[6.1899,46.2325],[6.1895,46.232],[6.189,46.2314],[6.1888,46.2315],[6.1884,46.2311],[6.1885,46.2311],[6.1867,46.2289],[6.1863,46.2285],[6.1858,46.2281],[6.1846,46.2272],[6.184,46.2267],[6.1831,46.2255],[6.183,46.2254],[6.1826,46.2253],[6.1821,46.225],[6.1818,46.2246],[6.1818,46.2245],[6.1821,46.225],[6.1826,46.2248],[6.1822,46.2242],[6.1818,46.2238],[6.1793,46.2204],[6.1791,46.2202],[6.179,46.2202],[6.1788,46.2201],[6.1787,46.2198],[6.1788,46.2198],[6.1756,46.2153],[6.1754,46.2152],[6.1751,46.2151],[6.1745,46.2151],[6.1746,46.215],[6.1748,46.215],[6.1748,46.2149],[6.1748,46.2148],[6.1741,46.2147],[6.1736,46.2146],[6.1735,46.2146],[6.173,46.2145],[6.1728,46.2145],[6.1724,46.2145],[6.1717,46.2144],[6.1714,46.2145],[6.171,46.2145],[6.1706,46.2147],[6.1709,46.2149],[6.1705,46.215],[6.1703,46.2151],[6.1695,46.2155],[6.1694,46.2154],[6.1689,46.2157],[6.1687,46.2156],[6.1687,46.2155],[6.1689,46.2155],[6.1701,46.2148],[6.17,46.2147],[6.1706,46.2141],[6.1703,46.214],[6.1706,46.2137],[6.1711,46.2139],[6.1712,46.2139],[6.1719,46.2134],[6.1723,46.2131],[6.173,46.2123],[6.1723,46.2119],[6.1725,46.2116],[6.172,46.2114],[6.1714,46.2111],[6.173,46.2099],[6.1729,46.2099],[6.1733,46.2096],[6.1721,46.2089],[6.1723,46.2088],[6.1719,46.2085],[6.1709,46.2077],[6.1707,46.2067],[6.171,46.2064],[6.1714,46.2062],[6.1717,46.2059],[6.1742,46.2068],[6.1749,46.207],[6.1748,46.2068],[6.1751,46.2067],[6.1758,46.2058],[6.1756,46.2058],[6.1747,46.2052],[6.174,46.2045],[6.1749,46.204],[6.1745,46.2037],[6.1742,46.2034],[6.1741,46.2035],[6.1734,46.203],[6.1738,46.2026],[6.1737,46.2025],[6.1747,46.202],[6.1758,46.2013],[6.1767,46.2022],[6.1781,46.2034],[6.1782,46.2034],[6.1785,46.2036],[6.1792,46.2041],[6.1795,46.2042],[6.1793,46.2047],[6.1788,46.2052],[6.1789,46.2054],[6.1795,46.206],[6.1797,46.2061],[6.18,46.206],[6.1818,46.2056],[6.1825,46.2054],[6.1831,46.2053],[6.1848,46.205],[6.1853,46.2048],[6.1858,46.2046],[6.1867,46.2052],[6.1872,46.2056],[6.1881,46.2063],[6.1896,46.206],[6.1902,46.2059],[6.1903,46.2059],[6.1907,46.2056],[6.1908,46.2055],[6.1912,46.2054],[6.1926,46.2059],[6.1954,46.207]]]}},{"type":"Feature","properties":{"id":"ch-ge-6618"},"geometry":{"type":"Polygon","coordinates":[[[6.0866,46.1663],[6.0872,46.1657],[6.0875,46.1652],[6.0868,46.1647],[6.0882,46.1633],[6.0914,46.1654],[6.0956,46.1675],[6.0974,46.1659],[6.102,46.1685],[6.1047,46.1697],[6.103,46.1712],[6.1021,46.1708],[6.1014,46.1714],[6.0999,46.1723],[6.0999,46.1725],[6.1,46.1728],[6.1001,46.1731],[6.1,46.1732],[6.0997,46.1734],[6.0994,46.1736],[6.0995,46.1738],[6.0995,46.1742],[6.0989,46.174],[6.0987,46.1741],[6.0989,46.1743],[6.0991,46.1746],[6.0991,46.175],[6.099,46.1754],[6.099,46.1756],[6.099,46.1759],[6.0989,46.1759],[6.0981,46.1762],[6.0979,46.1763],[6.0977,46.1765],[6.0967,46.1762],[6.096,46.1759],[6.0959,46.1759],[6.095,46.177],[6.0951,46.1771],[6.0954,46.1772],[6.0948,46.1778],[6.0946,46.1781],[6.0939,46.178],[6.0937,46.1784],[6.0931,46.1793],[6.0935,46.1795],[6.0933,46.1798],[6.0934,46.1801],[6.0946,46.1807],[6.0948,46.1808],[6.0948,46.1809],[6.0938,46.181],[6.0931,46.1811],[6.0925,46.1812],[6.0923,46.1813],[6.0918,46.1816],[6.0922,46.1818],[6.0926,46.1822],[6.0927,46.1822],[6.0919,46.1838],[6.0912,46.1836],[6.0904,46.1848],[6.0902,46.1849],[6.0901,46.1849],[6.0902,46.1851],[6.0898,46.1856],[6.0895,46.1858],[6.0894,46.1859],[6.0896,46.1861],[6.0899,46.1867],[6.09,46.187],[6.0902,46.1873],[6.0905,46.1875],[6.0905,46.1876],[6.0901,46.1885],[6.0902,46.1887],[6.0887,46.19],[6.0886,46.1902],[6.0882,46.1906],[6.0873,46.1916],[6.0865,46.1924],[6.0863,46.1923],[6.0861,46.1923],[6.0859,46.1921],[6.0859,46.192],[6.0858,46.1917],[6.0857,46.1917],[6.0857,46.1916],[6.0857,46.1915],[6.0856,46.1912],[6.0855,46.1911],[6.0849,46.1908],[6.0848,46.1906],[6.0846,46.1905],[6.0843,46.1905],[6.0841,46.1903],[6.0838,46.1902],[6.0836,46.1898],[6.0837,46.1896],[6.0838,46.1894],[6.084,46.1889],[6.0847,46.1873],[6.0848,46.1871],[6.0851,46.187],[6.0856,46.1866],[6.0862,46.1861],[6.0869,46.1854],[6.087,46.1853],[6.0875,46.1847],[6.088,46.1841],[6.0881,46.1839],[6.0883,46.183],[6.0885,46.1826],[6.0885,46.1823],[6.0886,46.1821],[6.0885,46.1818],[6.0884,46.1813],[6.0885,46.1808],[6.0886,46.1803],[6.0887,46.1799],[6.0887,46.1795],[6.0887,46.1786],[6.0886,46.1784],[6.088,46.1784],[6.0869,46.1785],[6.0848,46.1784],[6.0835,46.1783],[6.0818,46.1782],[6.0814,46.1782],[6.0807,46.1781],[6.08,46.178],[6.0794,46.1778],[6.0792,46.1777],[6.0787,46.1776],[6.0785,46.1775],[6.0783,46.1773],[6.0781,46.1773],[6.0787,46.1769],[6.079,46.1765],[6.0791,46.1764],[6.0792,46.176],[6.0774,46.1749],[6.0773,46.1749],[6.0756,46.174],[6.0756,46.1739],[6.0759,46.1737],[6.076,46.1733],[6.0764,46.1726],[6.0768,46.1717],[6.0768,46.1716],[6.0764,46.171],[6.0765,46.1709],[6.0761,46.1706],[6.0757,46.1704],[6.0752,46.1702],[6.0753,46.17],[6.0755,46.1699],[6.076,46.1697],[6.0761,46.1697],[6.0769,46.1694],[6.0771,46.1693],[6.0771,46.1692],[6.0774,46.1693],[6.0777,46.1695],[6.078,46.1697],[6.0793,46.1687],[6.0794,46.1686],[6.0802,46.168],[6.0803,46.168],[6.0807,46.1682],[6.0808,46.1683],[6.0812,46.168],[6.0812,46.1679],[6.0811,46.1677],[6.0811,46.1676],[6.0815,46.1673],[6.0817,46.167],[6.0818,46.167],[6.082,46.1668],[6.0828,46.1665],[6.0829,46.1665],[6.0854,46.1674],[6.0855,46.1674],[6.0866,46.1663]]]}},{"type":"Feature","properties":{"id":"ch-ge-6619"},"geometry":{"type":"Polygon","coordinates":[[[6.2164,46.2718],[6.2165,46.2718],[6.2163,46.2717],[6.2162,46.2715],[6.2158,46.2711],[6.2155,46.2709],[6.2152,46.2708],[6.2149,46.2706],[6.2146,46.2705],[6.2144,46.2703],[6.2141,46.2698],[6.2139,46.2692],[6.2138,46.2691],[6.2136,46.2687],[6.2133,46.2683],[6.2132,46.2682],[6.2127,46.2677],[6.2124,46.2674],[6.2121,46.2672],[6.2115,46.2669],[6.2114,46.2668],[6.2111,46.2666],[6.2108,46.2666],[6.2105,46.2663],[6.2106,46.2662],[6.2105,46.266],[6.2103,46.2659],[6.21,46.2656],[6.2096,46.2656],[6.2098,46.2655],[6.2099,46.2653],[6.2102,46.2651],[6.2106,46.2649],[6.2109,46.2648],[6.2112,46.2646],[6.2114,46.2645],[6.2117,46.2642],[6.2119,46.2641],[6.2129,46.2637],[6.2129,46.2635],[6.2134,46.2633],[6.2132,46.263],[6.2136,46.2628],[6.2134,46.2625],[6.215,46.2618],[6.2153,46.2617],[6.2161,46.2614],[6.2168,46.2611],[6.2174,46.2609],[6.2182,46.2607],[6.2193,46.2604],[6.2201,46.2604],[6.2202,46.2603],[6.2211,46.2583],[6.221,46.2581],[6.2221,46.2573],[6.2218,46.2571],[6.2228,46.2566],[6.2226,46.2563],[6.2236,46.2558],[6.224,46.2557],[6.2257,46.255],[6.2251,46.2541],[6.2256,46.254],[6.2259,46.2539],[6.2265,46.254],[6.2271,46.254],[6.2277,46.254],[6.228,46.2539],[6.2281,46.2538],[6.2282,46.2539],[6.2286,46.2546],[6.2289,46.2547],[6.2291,46.2549],[6.2295,46.2554],[6.2297,46.2557],[6.2305,46.2561],[6.231,46.2564],[6.2337,46.2557],[6.234,46.2562],[6.2341,46.2563],[6.2346,46.257],[6.2416,46.2574],[6.2419,46.2572],[6.2422,46.2571],[6.2425,46.2571],[6.2432,46.2569],[6.245,46.2561],[6.2452,46.2561],[6.2457,46.2565],[6.2465,46.2574],[6.2473,46.2584],[6.248,46.2593],[6.2482,46.2597],[6.2483,46.2596],[6.2485,46.2599],[6.2486,46.2601],[6.2489,46.2604],[6.2491,46.2607],[6.2493,46.2611],[6.2495,46.2616],[6.2498,46.2622],[6.2499,46.2622],[6.2498,46.2622],[6.2497,46.2626],[6.2493,46.2625],[6.249,46.2623],[6.2485,46.262],[6.2478,46.2615],[6.2477,46.2615],[6.2469,46.2617],[6.2462,46.2618],[6.2458,46.2619],[6.2448,46.2623],[6.2442,46.2624],[6.2431,46.2624],[6.2411,46.2623],[6.2408,46.2623],[6.2406,46.2624],[6.2401,46.2625],[6.2399,46.2626],[6.24,46.263],[6.2389,46.2635],[6.2386,46.2635],[6.2388,46.2642],[6.2378,46.2647],[6.2376,46.2648],[6.2359,46.2657],[6.2354,46.2662],[6.2286,46.2667],[6.2281,46.2663],[6.2274,46.266],[6.227,46.2657],[6.2264,46.2654],[6.2263,46.2655],[6.2261,46.2656],[6.2261,46.2658],[6.226,46.2659],[6.2258,46.266],[6.2259,46.2662],[6.2257,46.2664],[6.2256,46.2666],[6.2256,46.2668],[6.2253,46.2669],[6.2254,46.2669],[6.2254,46.2671],[6.2253,46.2672],[6.2252,46.2672],[6.2251,46.2673],[6.2249,46.2673],[6.2248,46.2674],[6.2244,46.2674],[6.2243,46.2676],[6.2238,46.2677],[6.2237,46.2677],[6.2233,46.2679],[6.2231,46.2679],[6.2226,46.2682],[6.2224,46.2684],[6.2223,46.2685],[6.222,46.2688],[6.2219,46.2689],[6.2215,46.2694],[6.2212,46.2696],[6.2209,46.2697],[6.2206,46.2698],[6.2206,46.2699],[6.2202,46.2699],[6.22,46.27],[6.2198,46.27],[6.2196,46.2699],[6.2194,46.27],[6.2192,46.27],[6.219,46.2701],[6.2188,46.2701],[6.2182,46.2705],[6.2182,46.2706],[6.2181,46.2706],[6.218,46.2708],[6.2177,46.2709],[6.2174,46.2709],[6.2173,46.271],[6.2169,46.2712],[6.2169,46.2714],[6.2167,46.2715],[6.2166,46.2717],[6.2164,46.2718]]]}},{"type":"Feature","properties":{"id":"ch-ge-6620"},"geometry":{"type":"Polygon","coordinates":[[[6.0097,46.1769],[6.0097,46.1773],[6.0097,46.1779],[6.0092,46.1795],[6.0086,46.1805],[6.0093,46.1819],[6.0099,46.1826],[6.0103,46.1837],[6.0098,46.1849],[6.009,46.1856],[6.0072,46.1868],[6.0069,46.1878],[6.0068,46.1887],[6.0059,46.1897],[6.0052,46.1914],[6.0045,46.1927],[6.0036,46.1935],[6.0031,46.194],[6.0023,46.1952],[6.0023,46.1953],[6.0036,46.1968],[6.0039,46.1976],[6.0019,46.1995],[6.0016,46.2002],[6.0013,46.2009],[5.9999,46.2016],[5.9989,46.2023],[5.9949,46.204],[5.9941,46.2073],[5.9924,46.2083],[5.9923,46.2084],[5.9923,46.2086],[5.9928,46.2089],[5.9937,46.2091],[5.9943,46.209],[5.9947,46.2093],[5.9948,46.2094],[5.9947,46.2102],[5.9956,46.2114],[5.9952,46.2122],[5.9948,46.2126],[5.9949,46.2129],[5.9961,46.2141],[5.9964,46.2146],[5.9965,46.2153],[5.9966,46.2156],[5.9967,46.2161],[5.997,46.2163],[5.9979,46.2167],[5.9986,46.2171],[5.9988,46.2173],[5.9988,46.2179],[5.9988,46.2185],[5.9985,46.2192],[5.9986,46.2195],[5.9989,46.2197],[5.9994,46.2199],[6,46.2201],[5.9996,46.2211],[5.9991,46.2216],[5.9988,46.2217],[5.9985,46.2219],[5.998,46.2222],[5.9979,46.2222],[5.9976,46.2223],[5.997,46.2224],[5.9968,46.2223],[5.9964,46.2224],[5.9961,46.2224],[5.9958,46.2225],[5.9953,46.2226],[5.995,46.2225],[5.9948,46.2225],[5.9947,46.2225],[5.9943,46.2224],[5.994,46.2226],[5.9937,46.2227],[5.9935,46.2227],[5.9932,46.2229],[5.993,46.223],[5.9928,46.223],[5.9902,46.2217],[5.9906,46.2214],[5.9909,46.2211],[5.9911,46.2208],[5.9913,46.2203],[5.9914,46.22],[5.9916,46.2198],[5.9929,46.2191],[5.9934,46.2182],[5.9935,46.2179],[5.9936,46.2173],[5.9933,46.2167],[5.9933,46.2163],[5.993,46.2156],[5.9928,46.2152],[5.9925,46.2153],[5.992,46.2155],[5.9918,46.2155],[5.9915,46.2155],[5.9914,46.2155],[5.9912,46.2158],[5.991,46.2159],[5.9907,46.2158],[5.9903,46.216],[5.9902,46.216],[5.99,46.2159],[5.9899,46.216],[5.9897,46.2162],[5.9893,46.2162],[5.989,46.2161],[5.9888,46.2161],[5.9885,46.2162],[5.9882,46.2164],[5.988,46.2165],[5.9878,46.2165],[5.9877,46.2165],[5.9876,46.2167],[5.9874,46.2168],[5.9871,46.2167],[5.9868,46.2167],[5.9866,46.2168],[5.9863,46.2168],[5.9861,46.2169],[5.9857,46.2168],[5.9855,46.2169],[5.9853,46.2169],[5.9849,46.217],[5.9848,46.2172],[5.9846,46.2171],[5.9846,46.217],[5.9845,46.2169],[5.9843,46.217],[5.9843,46.2171],[5.9841,46.2172],[5.984,46.2171],[5.9838,46.2171],[5.9836,46.2169],[5.983,46.2169],[5.9827,46.2169],[5.9824,46.2169],[5.9823,46.217],[5.9821,46.217],[5.9816,46.2171],[5.981,46.2173],[5.9807,46.2172],[5.9806,46.2172],[5.9803,46.2172],[5.9802,46.217],[5.9801,46.217],[5.9798,46.2171],[5.9796,46.2172],[5.9795,46.2173],[5.9792,46.2173],[5.9785,46.217],[5.9747,46.215],[5.9733,46.2137],[5.9716,46.2113],[5.971,46.2099],[5.9703,46.2085],[5.97,46.2078],[5.9695,46.207],[5.9692,46.2067],[5.9694,46.2066],[5.9694,46.2064],[5.9695,46.2063],[5.9696,46.2062],[5.9697,46.2061],[5.9698,46.2059],[5.9699,46.2059],[5.97,46.2057],[5.9702,46.2052],[5.9708,46.205],[5.9707,46.2048],[5.9707,46.2047],[5.9706,46.2045],[5.9707,46.2044],[5.9711,46.2043],[5.9713,46.2043],[5.9719,46.204],[5.9725,46.2038],[5.9728,46.2036],[5.9729,46.2035],[5.9728,46.2034],[5.973,46.2033],[5.9731,46.203],[5.9733,46.2029],[5.9735,46.2028],[5.9734,46.2027],[5.9734,46.2026],[5.973,46.2025],[5.9725,46.2024],[5.9726,46.2023],[5.9727,46.2022],[5.9723,46.2021],[5.9721,46.2022],[5.972,46.202],[5.9717,46.2017],[5.9715,46.2016],[5.9713,46.2016],[5.9712,46.2017],[5.9709,46.2016],[5.9705,46.2017],[5.9704,46.2016],[5.9705,46.2015],[5.9703,46.2015],[5.97,46.2012],[5.9698,46.2012],[5.9697,46.2011],[5.9695,46.2012],[5.9693,46.2013],[5.9692,46.2012],[5.9693,46.201],[5.9692,46.2008],[5.9692,46.2006],[5.969,46.2006],[5.9688,46.2007],[5.9687,46.2004],[5.9686,46.2003],[5.9681,46.2],[5.9681,46.2003],[5.968,46.2003],[5.9678,46.2001],[5.9677,46.2003],[5.9676,46.2003],[5.9675,46.2002],[5.9673,46.2001],[5.9672,46.2],[5.967,46.1999],[5.9668,46.2],[5.9666,46.1999],[5.9665,46.1998],[5.9663,46.1996],[5.9661,46.1997],[5.9656,46.1996],[5.9654,46.1993],[5.9652,46.1991],[5.9648,46.199],[5.9646,46.1988],[5.9646,46.1984],[5.9646,46.1982],[5.9645,46.1982],[5.9644,46.198],[5.9642,46.1978],[5.9642,46.1977],[5.9641,46.1977],[5.964,46.1975],[5.9638,46.1974],[5.9639,46.1974],[5.9637,46.1972],[5.9638,46.1971],[5.9637,46.197],[5.9674,46.1958],[5.9706,46.1946],[5.9719,46.1942],[5.9759,46.1929],[5.9773,46.1925],[5.9828,46.1908],[5.9819,46.19],[5.9833,46.1893],[5.9837,46.189],[5.9838,46.1889],[5.984,46.1889],[5.9844,46.1888],[5.9846,46.1887],[5.9849,46.1887],[5.9879,46.188],[5.9888,46.1877],[5.989,46.1877],[5.9893,46.1877],[5.9894,46.1878],[5.9897,46.1879],[5.9903,46.1878],[5.9914,46.1871],[5.9922,46.1866],[5.9924,46.1856],[5.9926,46.1855],[5.9927,46.1853],[5.9927,46.1852],[5.9928,46.1851],[5.993,46.1848],[5.9932,46.1845],[5.9933,46.1842],[5.9934,46.1841],[5.9936,46.1839],[5.9937,46.1838],[5.994,46.1836],[5.9943,46.1835],[5.9946,46.1833],[5.9947,46.1831],[5.9949,46.1831],[5.995,46.1829],[5.9949,46.1825],[5.9949,46.1821],[5.9948,46.1818],[5.9947,46.1816],[5.9947,46.1814],[5.9946,46.1813],[5.9942,46.1811],[5.9941,46.1809],[5.994,46.1809],[5.9938,46.1806],[5.9937,46.1806],[5.9935,46.1805],[5.9934,46.1802],[5.9932,46.18],[5.9931,46.1799],[5.9928,46.1796],[5.9927,46.1795],[5.9923,46.1792],[5.9922,46.1791],[5.9921,46.1792],[5.9919,46.1792],[5.9918,46.1791],[5.9916,46.1791],[5.9915,46.179],[5.9912,46.1789],[5.9913,46.1787],[5.9912,46.1785],[5.9911,46.1784],[5.9909,46.178],[5.9907,46.1779],[5.9904,46.1776],[5.9908,46.1774],[5.9909,46.1773],[5.9912,46.1773],[5.9914,46.1773],[5.9914,46.1772],[5.9917,46.1769],[5.9922,46.177],[5.9927,46.1771],[5.9933,46.1771],[5.9938,46.1771],[5.9941,46.1771],[5.9979,46.1765],[5.9986,46.1764],[5.9993,46.1762],[5.9997,46.1761],[6.0014,46.1758],[6.0021,46.1756],[6.0028,46.1755],[6.0039,46.1754],[6.0044,46.1754],[6.0049,46.1754],[6.0054,46.1755],[6.0062,46.1756],[6.0067,46.1758],[6.0094,46.1768],[6.0097,46.1769]]]}},{"type":"Feature","properties":{"id":"ch-ge-6621"},"geometry":{"type":"Polygon","coordinates":[[[6.1538,46.1799],[6.154,46.1794],[6.1542,46.1792],[6.1545,46.1787],[6.1548,46.1785],[6.1549,46.1784],[6.1553,46.1782],[6.1557,46.178],[6.156,46.1779],[6.1565,46.1778],[6.1567,46.1778],[6.1572,46.1778],[6.1577,46.1778],[6.1584,46.178],[6.1588,46.1782],[6.1591,46.1785],[6.1593,46.1787],[6.1595,46.1789],[6.1596,46.1792],[6.1597,46.1799],[6.1597,46.1806],[6.1598,46.181],[6.16,46.1815],[6.1613,46.1835],[6.162,46.1844],[6.1622,46.1849],[6.1624,46.1853],[6.1624,46.1858],[6.1623,46.1862],[6.1623,46.1865],[6.1623,46.1869],[6.1624,46.1872],[6.1625,46.1873],[6.163,46.1877],[6.1632,46.1879],[6.1635,46.188],[6.1639,46.1881],[6.1642,46.1881],[6.1647,46.1882],[6.165,46.1882],[6.1656,46.1881],[6.1663,46.188],[6.1671,46.1877],[6.1675,46.1875],[6.1678,46.1873],[6.1676,46.1889],[6.1675,46.189],[6.1676,46.1891],[6.1674,46.1896],[6.1673,46.1898],[6.1674,46.19],[6.1684,46.1906],[6.169,46.1911],[6.1693,46.1912],[6.1706,46.1923],[6.1725,46.1937],[6.1726,46.1939],[6.1724,46.194],[6.1721,46.1941],[6.1714,46.1944],[6.1712,46.1945],[6.1718,46.1951],[6.1724,46.1958],[6.1731,46.1966],[6.1734,46.197],[6.1738,46.1976],[6.1743,46.1983],[6.1744,46.1985],[6.1746,46.1992],[6.1747,46.1995],[6.1742,46.1996],[6.1743,46.1999],[6.175,46.2005],[6.1758,46.2013],[6.1747,46.202],[6.1737,46.2025],[6.1738,46.2026],[6.1734,46.203],[6.1741,46.2035],[6.1742,46.2034],[6.1745,46.2037],[6.1749,46.204],[6.174,46.2045],[6.1747,46.2052],[6.1756,46.2058],[6.1758,46.2058],[6.1751,46.2067],[6.1748,46.2068],[6.1749,46.207],[6.1742,46.2068],[6.1717,46.2059],[6.1714,46.2062],[6.171,46.2064],[6.1707,46.2067],[6.1709,46.2077],[6.1719,46.2085],[6.1723,46.2088],[6.1721,46.2089],[6.1733,46.2096],[6.1729,46.2099],[6.173,46.2099],[6.1714,46.2111],[6.172,46.2114],[6.1725,46.2116],[6.1723,46.2119],[6.1708,46.2113],[6.1706,46.2115],[6.1699,46.2112],[6.1698,46.2111],[6.1674,46.21],[6.1666,46.2096],[6.1665,46.2097],[6.1673,46.2104],[6.1677,46.2109],[6.1678,46.2111],[6.1677,46.2111],[6.1678,46.2113],[6.1671,46.2121],[6.167,46.212],[6.1672,46.2118],[6.167,46.2116],[6.1667,46.2114],[6.1666,46.2112],[6.166,46.2108],[6.1658,46.2106],[6.1657,46.2104],[6.1654,46.2101],[6.1651,46.21],[6.1649,46.2099],[6.1649,46.2097],[6.1648,46.2095],[6.1646,46.2093],[6.1642,46.2092],[6.1643,46.2091],[6.1643,46.209],[6.1642,46.2089],[6.1638,46.2088],[6.163,46.2088],[6.1626,46.2089],[6.1625,46.2092],[6.1625,46.2093],[6.1624,46.2094],[6.1622,46.2093],[6.1615,46.2091],[6.1612,46.2091],[6.1601,46.209],[6.1591,46.209],[6.1591,46.2089],[6.1615,46.209],[6.162,46.2092],[6.1622,46.2092],[6.1624,46.2091],[6.1625,46.2089],[6.1626,46.2086],[6.1626,46.2084],[6.1613,46.2078],[6.1612,46.2078],[6.161,46.208],[6.1604,46.2081],[6.1594,46.2081],[6.1594,46.208],[6.1604,46.208],[6.161,46.2079],[6.1612,46.2077],[6.1586,46.2064],[6.1575,46.206],[6.1573,46.2063],[6.1572,46.2062],[6.1575,46.2059],[6.1563,46.2054],[6.1542,46.2043],[6.1539,46.2044],[6.1537,46.2043],[6.1505,46.2051],[6.15,46.205],[6.1498,46.2051],[6.1486,46.2063],[6.148,46.2069],[6.1483,46.2071],[6.1486,46.2071],[6.1488,46.2074],[6.1488,46.2076],[6.1498,46.2085],[6.1501,46.2083],[6.1503,46.2086],[6.1505,46.2085],[6.1507,46.2085],[6.1509,46.2086],[6.1511,46.2088],[6.1512,46.209],[6.151,46.2092],[6.1528,46.2109],[6.153,46.2111],[6.1535,46.2108],[6.1535,46.2109],[6.1531,46.2111],[6.1531,46.2114],[6.1532,46.2116],[6.1529,46.2127],[6.1538,46.2128],[6.154,46.2128],[6.1543,46.2127],[6.1544,46.2126],[6.1545,46.2121],[6.1546,46.212],[6.1545,46.2125],[6.1545,46.2127],[6.1543,46.2128],[6.1539,46.2129],[6.1536,46.2129],[6.153,46.2128],[6.1529,46.2129],[6.1525,46.214],[6.1517,46.2171],[6.1516,46.2174],[6.1516,46.2175],[6.1519,46.218],[6.1521,46.218],[6.1522,46.2181],[6.1525,46.2188],[6.1525,46.2193],[6.1525,46.2194],[6.1531,46.2199],[6.1532,46.2198],[6.153,46.2196],[6.1531,46.2195],[6.1533,46.2194],[6.1531,46.2197],[6.1532,46.2198],[6.1532,46.2199],[6.1533,46.22],[6.1533,46.2201],[6.1535,46.2203],[6.1537,46.2208],[6.1537,46.2212],[6.1536,46.2215],[6.1531,46.222],[6.1526,46.2223],[6.1522,46.2226],[6.152,46.2226],[6.1518,46.2228],[6.152,46.223],[6.1517,46.2232],[6.1513,46.2235],[6.1512,46.224],[6.1513,46.2242],[6.1511,46.2243],[6.151,46.2243],[6.1499,46.2254],[6.1497,46.2255],[6.1498,46.2256],[6.1498,46.2257],[6.1495,46.226],[6.1491,46.2265],[6.149,46.2266],[6.1491,46.227],[6.1491,46.2272],[6.1493,46.2273],[6.1492,46.2275],[6.1493,46.2277],[6.1495,46.2276],[6.1496,46.2276],[6.1489,46.2278],[6.149,46.228],[6.148,46.2282],[6.1472,46.2283],[6.1468,46.2284],[6.1464,46.2286],[6.1462,46.2287],[6.1458,46.2289],[6.1456,46.2289],[6.1441,46.2299],[6.1437,46.2301],[6.1436,46.2302],[6.1434,46.2307],[6.1429,46.2296],[6.1428,46.2293],[6.1402,46.23],[6.1393,46.2302],[6.1385,46.2303],[6.1387,46.2298],[6.1388,46.2294],[6.1388,46.2289],[6.1388,46.2286],[6.1385,46.2282],[6.1384,46.2282],[6.1382,46.2281],[6.1379,46.2282],[6.1375,46.2284],[6.1373,46.2287],[6.1372,46.2289],[6.1369,46.2292],[6.1368,46.2295],[6.1367,46.2297],[6.1366,46.2301],[6.1363,46.2304],[6.1359,46.2306],[6.1357,46.2306],[6.1346,46.2307],[6.1343,46.2308],[6.1341,46.231],[6.1338,46.2312],[6.1331,46.2319],[6.1329,46.2318],[6.1326,46.2317],[6.1325,46.2316],[6.1315,46.231],[6.1312,46.2308],[6.1303,46.2302],[6.1301,46.2301],[6.1301,46.2299],[6.1299,46.2297],[6.1298,46.2297],[6.1292,46.2292],[6.1282,46.2286],[6.1283,46.2284],[6.1287,46.2281],[6.1277,46.2274],[6.127,46.2278],[6.1262,46.2271],[6.1258,46.2274],[6.1255,46.2271],[6.1253,46.2269],[6.1254,46.2269],[6.1243,46.2258],[6.1242,46.2257],[6.1232,46.2261],[6.123,46.2262],[6.122,46.2268],[6.1219,46.2267],[6.1214,46.2263],[6.1212,46.2261],[6.1212,46.226],[6.1213,46.2259],[6.1221,46.2252],[6.1217,46.2249],[6.1201,46.2237],[6.1199,46.2235],[6.1185,46.2227],[6.1178,46.2222],[6.1178,46.222],[6.1177,46.2219],[6.1174,46.2221],[6.1169,46.2218],[6.1164,46.2215],[6.1157,46.2212],[6.115,46.2208],[6.1139,46.2203],[6.1138,46.2203],[6.1143,46.2199],[6.1146,46.2195],[6.1148,46.2192],[6.1152,46.2186],[6.1154,46.2185],[6.1158,46.218],[6.1162,46.2176],[6.117,46.2171],[6.1173,46.217],[6.1177,46.2168],[6.1186,46.2164],[6.1192,46.2162],[6.1188,46.216],[6.1184,46.216],[6.1179,46.2152],[6.1163,46.213],[6.1163,46.2129],[6.1158,46.2123],[6.1155,46.2119],[6.115,46.2115],[6.1147,46.2111],[6.1149,46.211],[6.1147,46.2107],[6.1145,46.2107],[6.1141,46.2103],[6.1137,46.2098],[6.1129,46.2091],[6.1125,46.2086],[6.1123,46.2084],[6.112,46.208],[6.1116,46.2073],[6.1111,46.2067],[6.111,46.2065],[6.1106,46.206],[6.1104,46.206],[6.1103,46.2058],[6.1102,46.2055],[6.1103,46.205],[6.1104,46.2046],[6.1105,46.2039],[6.1106,46.2038],[6.1108,46.2028],[6.1107,46.2028],[6.1107,46.2024],[6.1109,46.2025],[6.111,46.2017],[6.1113,46.2017],[6.1112,46.2016],[6.1113,46.2009],[6.1113,46.2003],[6.1113,46.2],[6.1113,46.1991],[6.1114,46.1985],[6.1116,46.1978],[6.1118,46.1971],[6.1119,46.197],[6.1121,46.1969],[6.1124,46.1969],[6.1162,46.1972],[6.1162,46.1971],[6.1169,46.1972],[6.1181,46.1973],[6.1215,46.1976],[6.1216,46.1975],[6.1217,46.1966],[6.1215,46.1962],[6.1216,46.1961],[6.1221,46.1961],[6.1225,46.196],[6.1227,46.196],[6.123,46.196],[6.1232,46.1959],[6.1234,46.1959],[6.1236,46.1959],[6.1238,46.196],[6.1241,46.196],[6.1242,46.196],[6.1245,46.1961],[6.1248,46.1963],[6.125,46.1964],[6.1253,46.1964],[6.1255,46.1965],[6.1257,46.1966],[6.1258,46.1967],[6.1261,46.1969],[6.1264,46.197],[6.1266,46.1971],[6.127,46.1972],[6.1274,46.1971],[6.1268,46.1954],[6.1271,46.1954],[6.1269,46.1946],[6.1274,46.1947],[6.1278,46.1947],[6.1279,46.1947],[6.1279,46.1907],[6.1278,46.19],[6.1278,46.1894],[6.1278,46.189],[6.1277,46.1884],[6.1278,46.188],[6.1277,46.1878],[6.1276,46.1878],[6.1279,46.1878],[6.1285,46.1878],[6.1287,46.1879],[6.129,46.188],[6.1291,46.1881],[6.1316,46.1894],[6.1318,46.1892],[6.1333,46.19],[6.135,46.1909],[6.137,46.1888],[6.1374,46.1889],[6.1395,46.1888],[6.1397,46.1887],[6.1414,46.1891],[6.1419,46.1881],[6.1419,46.188],[6.1427,46.1874],[6.1436,46.1871],[6.1439,46.187],[6.1448,46.1868],[6.1454,46.1868],[6.1459,46.1868],[6.1475,46.1869],[6.1482,46.1869],[6.1488,46.1868],[6.1499,46.1868],[6.1511,46.1867],[6.1518,46.1867],[6.1522,46.1866],[6.1526,46.1866],[6.1531,46.1865],[6.1534,46.1863],[6.1537,46.1861],[6.1542,46.1857],[6.1544,46.1853],[6.1545,46.1847],[6.1542,46.1825],[6.1538,46.1799]]]}},{"type":"Feature","properties":{"id":"ch-ge-6622"},"geometry":{"type":"Polygon","coordinates":[[[6.1564,46.2556],[6.1565,46.256],[6.1569,46.2567],[6.1569,46.2568],[6.1574,46.2578],[6.1576,46.2582],[6.1577,46.2582],[6.1579,46.2584],[6.1579,46.2587],[6.1581,46.2591],[6.1583,46.2594],[6.1585,46.2595],[6.1586,46.2597],[6.1588,46.2598],[6.1589,46.2599],[6.159,46.26],[6.1592,46.26],[6.1595,46.2602],[6.1599,46.2604],[6.1601,46.2605],[6.1606,46.2609],[6.1615,46.2619],[6.1616,46.2621],[6.1618,46.2622],[6.1617,46.2623],[6.1618,46.2626],[6.162,46.2628],[6.1624,46.2631],[6.1634,46.2634],[6.1638,46.2635],[6.1642,46.2636],[6.1645,46.2636],[6.1646,46.2636],[6.1652,46.2635],[6.1653,46.2636],[6.1654,46.2636],[6.1655,46.2635],[6.1657,46.2635],[6.1657,46.2637],[6.166,46.2638],[6.1662,46.2639],[6.1664,46.2638],[6.1664,46.2637],[6.1663,46.2633],[6.1662,46.2633],[6.166,46.2634],[6.1659,46.2634],[6.1662,46.2632],[6.1664,46.263],[6.1664,46.2627],[6.1666,46.263],[6.1666,46.2631],[6.1665,46.2635],[6.1666,46.2637],[6.1669,46.2641],[6.1669,46.2644],[6.1675,46.2662],[6.1675,46.2663],[6.1677,46.267],[6.1679,46.2677],[6.1679,46.2678],[6.1681,46.2683],[6.1682,46.2685],[6.1683,46.2687],[6.1684,46.2688],[6.1684,46.2689],[6.1686,46.2695],[6.1687,46.2696],[6.169,46.2696],[6.169,46.2698],[6.1692,46.27],[6.1694,46.2703],[6.169,46.2704],[6.166,46.2714],[6.1622,46.2726],[6.1621,46.2726],[6.1575,46.2739],[6.1537,46.2726],[6.1512,46.2729],[6.1476,46.2755],[6.1472,46.2754],[6.1469,46.2753],[6.1461,46.2749],[6.1411,46.2723],[6.1413,46.2721],[6.1427,46.2717],[6.1428,46.2716],[6.1417,46.2698],[6.1411,46.2689],[6.1418,46.2683],[6.1426,46.2669],[6.1431,46.2662],[6.1435,46.2657],[6.1437,46.2652],[6.1438,46.2646],[6.1438,46.2643],[6.1438,46.2637],[6.1438,46.2633],[6.1439,46.2629],[6.1441,46.2623],[6.1441,46.262],[6.144,46.2617],[6.1433,46.2609],[6.1445,46.2601],[6.145,46.2598],[6.1454,46.2597],[6.15,46.2583],[6.1508,46.258],[6.1514,46.2578],[6.1518,46.2576],[6.1523,46.2574],[6.1532,46.2568],[6.1537,46.2566],[6.1542,46.2564],[6.1555,46.2558],[6.1558,46.2557],[6.156,46.2557],[6.1564,46.2556]]]}},{"type":"Feature","properties":{"id":"ch-ge-6623"},"geometry":{"type":"Polygon","coordinates":[[[6.1236,46.2507],[6.1209,46.2488],[6.1203,46.2485],[6.1208,46.248],[6.1088,46.2399],[6.1068,46.2412],[6.1055,46.2402],[6.1018,46.2379],[6.102,46.2377],[6.1009,46.2374],[6.1023,46.236],[6.1026,46.2357],[6.1032,46.2354],[6.1037,46.2353],[6.1046,46.235],[6.105,46.2349],[6.1049,46.2345],[6.1051,46.2346],[6.105,46.2342],[6.1051,46.234],[6.1059,46.2324],[6.1071,46.231],[6.1074,46.2306],[6.1079,46.2301],[6.1082,46.2299],[6.1079,46.2296],[6.1094,46.2279],[6.1089,46.2277],[6.1094,46.227],[6.1095,46.2269],[6.1114,46.2253],[6.1119,46.2249],[6.1122,46.2247],[6.1144,46.223],[6.1145,46.223],[6.1147,46.2229],[6.1151,46.2227],[6.1155,46.2226],[6.1157,46.2226],[6.1165,46.2226],[6.117,46.2223],[6.1172,46.2222],[6.1174,46.2221],[6.1177,46.2219],[6.1178,46.222],[6.1178,46.2222],[6.1185,46.2227],[6.1199,46.2235],[6.1201,46.2237],[6.1217,46.2249],[6.1221,46.2252],[6.1213,46.2259],[6.1212,46.226],[6.1212,46.2261],[6.1214,46.2263],[6.1219,46.2267],[6.122,46.2268],[6.123,46.2262],[6.1232,46.2261],[6.1242,46.2257],[6.1243,46.2258],[6.1254,46.2269],[6.1253,46.2269],[6.1255,46.2271],[6.1258,46.2274],[6.1262,46.2271],[6.127,46.2278],[6.1277,46.2274],[6.1287,46.2281],[6.1283,46.2284],[6.1282,46.2286],[6.1292,46.2292],[6.1298,46.2297],[6.1299,46.2297],[6.1301,46.2299],[6.1301,46.2301],[6.1303,46.2302],[6.1312,46.2308],[6.1315,46.231],[6.1325,46.2316],[6.1326,46.2317],[6.1318,46.2323],[6.1307,46.2332],[6.1303,46.2336],[6.1298,46.2339],[6.1304,46.2342],[6.1309,46.2344],[6.132,46.2352],[6.1324,46.2354],[6.1333,46.2357],[6.1345,46.2363],[6.135,46.2365],[6.1356,46.2367],[6.136,46.237],[6.1357,46.2371],[6.1355,46.2373],[6.1343,46.2382],[6.134,46.2385],[6.1336,46.2388],[6.1334,46.239],[6.1333,46.2392],[6.1331,46.2394],[6.1324,46.2398],[6.1321,46.2401],[6.1318,46.2407],[6.131,46.2417],[6.1309,46.2419],[6.13,46.2432],[6.1294,46.2439],[6.1293,46.2443],[6.1292,46.2445],[6.1285,46.245],[6.1285,46.2451],[6.1284,46.2458],[6.1285,46.2462],[6.1287,46.2469],[6.1286,46.247],[6.1289,46.2476],[6.129,46.2479],[6.1287,46.2479],[6.1276,46.2475],[6.1271,46.2472],[6.127,46.2472],[6.1267,46.247],[6.126,46.2477],[6.1252,46.2488],[6.125,46.2495],[6.1247,46.2502],[6.1241,46.2504],[6.1236,46.2507]]]}},{"type":"Feature","properties":{"id":"ch-ge-6624"},"geometry":{"type":"Polygon","coordinates":[[[6.2452,46.2561],[6.2536,46.2525],[6.2536,46.2523],[6.252,46.2512],[6.2519,46.2511],[6.2517,46.2511],[6.2517,46.251],[6.2518,46.2509],[6.2506,46.2501],[6.2495,46.2489],[6.2496,46.2488],[6.2509,46.2488],[6.2514,46.2488],[6.252,46.2489],[6.2525,46.2489],[6.253,46.249],[6.2543,46.2492],[6.2542,46.2491],[6.2542,46.2488],[6.2541,46.2484],[6.2539,46.248],[6.2535,46.2475],[6.2535,46.2474],[6.2543,46.247],[6.2546,46.2469],[6.2553,46.2464],[6.2557,46.2463],[6.2566,46.2458],[6.2567,46.2458],[6.2557,46.2435],[6.2559,46.2435],[6.2564,46.2435],[6.2566,46.2436],[6.2568,46.2437],[6.2569,46.2438],[6.2573,46.2437],[6.2573,46.2436],[6.2572,46.2434],[6.2577,46.2432],[6.258,46.243],[6.2584,46.2428],[6.2593,46.2426],[6.2602,46.2426],[6.2603,46.2426],[6.2605,46.2426],[6.2607,46.2425],[6.2608,46.2425],[6.261,46.2426],[6.2613,46.2425],[6.2614,46.2426],[6.2617,46.2429],[6.2619,46.2429],[6.2622,46.243],[6.2627,46.243],[6.263,46.243],[6.2631,46.243],[6.2632,46.2431],[6.2632,46.2436],[6.2631,46.2438],[6.2628,46.244],[6.2628,46.2441],[6.2628,46.2442],[6.2633,46.2455],[6.2634,46.2457],[6.2636,46.2459],[6.264,46.2459],[6.265,46.2459],[6.2682,46.2443],[6.2688,46.2439],[6.2697,46.2431],[6.2702,46.2425],[6.2712,46.2428],[6.2718,46.243],[6.2731,46.2432],[6.2734,46.2433],[6.2753,46.2439],[6.2761,46.2442],[6.2767,46.2443],[6.2792,46.2448],[6.2799,46.2449],[6.2805,46.245],[6.2808,46.2451],[6.2819,46.2457],[6.2826,46.2461],[6.283,46.2463],[6.2836,46.2466],[6.2847,46.2473],[6.2852,46.2477],[6.2855,46.2481],[6.2866,46.25],[6.2868,46.2502],[6.2873,46.2507],[6.2875,46.2507],[6.2878,46.2507],[6.2879,46.2507],[6.2883,46.2514],[6.2886,46.2516],[6.2897,46.2527],[6.2901,46.2533],[6.2906,46.2537],[6.2912,46.2543],[6.2917,46.2549],[6.292,46.2552],[6.2924,46.2555],[6.2928,46.2556],[6.2932,46.2557],[6.2935,46.2556],[6.2939,46.2554],[6.2943,46.2553],[6.2947,46.2552],[6.2952,46.2553],[6.2953,46.2554],[6.2955,46.2557],[6.2957,46.2558],[6.296,46.2559],[6.2959,46.256],[6.2957,46.2559],[6.2953,46.2561],[6.2952,46.2562],[6.295,46.2562],[6.2948,46.2564],[6.2949,46.2566],[6.2951,46.2567],[6.2949,46.2568],[6.2948,46.257],[6.2949,46.2571],[6.2947,46.2572],[6.2947,46.2573],[6.2946,46.2574],[6.2945,46.2575],[6.2941,46.2578],[6.2942,46.2579],[6.294,46.258],[6.2941,46.2583],[6.2941,46.2586],[6.2941,46.2588],[6.2942,46.2589],[6.2944,46.2589],[6.2943,46.2591],[6.2943,46.2592],[6.2941,46.2592],[6.2939,46.2595],[6.2941,46.2596],[6.2943,46.2598],[6.2945,46.2598],[6.2946,46.26],[6.2947,46.26],[6.2951,46.26],[6.295,46.2601],[6.2953,46.2603],[6.2951,46.2603],[6.2953,46.2605],[6.2952,46.2605],[6.2955,46.2608],[6.2954,46.2608],[6.2958,46.2611],[6.2959,46.2611],[6.2959,46.2613],[6.2959,46.2615],[6.2963,46.2618],[6.2962,46.2621],[6.2962,46.2623],[6.2961,46.2623],[6.2961,46.2624],[6.296,46.2626],[6.2963,46.2628],[6.2964,46.263],[6.2964,46.2631],[6.2966,46.2633],[6.2965,46.2635],[6.2966,46.2636],[6.2963,46.2638],[6.2962,46.2639],[6.2963,46.2642],[6.2961,46.2642],[6.2959,46.2642],[6.2957,46.2641],[6.2956,46.2643],[6.2958,46.2644],[6.2952,46.2644],[6.2951,46.2645],[6.2948,46.2646],[6.2947,46.2646],[6.2945,46.2645],[6.2944,46.2643],[6.2941,46.2642],[6.2939,46.264],[6.2938,46.264],[6.2935,46.2641],[6.2934,46.264],[6.2933,46.2638],[6.2931,46.2637],[6.2929,46.2635],[6.2926,46.2635],[6.2923,46.2635],[6.2919,46.2631],[6.2917,46.2629],[6.2915,46.2627],[6.2915,46.2626],[6.2914,46.262],[6.2912,46.2618],[6.2898,46.26],[6.2893,46.2596],[6.2883,46.2588],[6.2873,46.258],[6.2866,46.2574],[6.2834,46.256],[6.2852,46.2549],[6.2841,46.2542],[6.2832,46.254],[6.2818,46.2537],[6.2808,46.2535],[6.2785,46.2525],[6.2792,46.2515],[6.2787,46.2513],[6.2786,46.2514],[6.2783,46.2512],[6.2779,46.2514],[6.2767,46.251],[6.2765,46.251],[6.276,46.2508],[6.2757,46.2507],[6.275,46.2506],[6.2747,46.2505],[6.2745,46.2504],[6.2745,46.2502],[6.2742,46.2501],[6.274,46.2501],[6.2738,46.2499],[6.2735,46.2498],[6.2734,46.2498],[6.2733,46.2496],[6.2731,46.2496],[6.2727,46.2494],[6.2718,46.2492],[6.2716,46.2492],[6.2712,46.249],[6.271,46.249],[6.2709,46.2488],[6.2704,46.2487],[6.2701,46.2485],[6.2686,46.2486],[6.2681,46.2482],[6.2671,46.2478],[6.2668,46.2477],[6.2665,46.248],[6.2658,46.2491],[6.2648,46.2497],[6.2644,46.2499],[6.264,46.2502],[6.2638,46.2504],[6.263,46.2509],[6.2626,46.2511],[6.2619,46.2512],[6.2614,46.2513],[6.2608,46.2515],[6.2604,46.2516],[6.2601,46.2517],[6.2602,46.2518],[6.2607,46.2525],[6.2609,46.2528],[6.2609,46.2529],[6.2611,46.2533],[6.2617,46.2546],[6.259,46.2563],[6.2499,46.2622],[6.2498,46.2622],[6.2495,46.2616],[6.2493,46.2611],[6.2491,46.2607],[6.2489,46.2604],[6.2486,46.2601],[6.2485,46.2599],[6.2483,46.2596],[6.2482,46.2597],[6.248,46.2593],[6.2473,46.2584],[6.2465,46.2574],[6.2457,46.2565],[6.2452,46.2561]]]}},{"type":"Feature","properties":{"id":"ch-ge-6625"},"geometry":{"type":"Polygon","coordinates":[[[6.2441,46.2853],[6.2445,46.2853],[6.2449,46.2852],[6.2452,46.2852],[6.2459,46.2852],[6.2462,46.2853],[6.2465,46.2853],[6.2467,46.2855],[6.247,46.2857],[6.2471,46.2859],[6.247,46.2861],[6.2471,46.2862],[6.2478,46.2861],[6.2479,46.2862],[6.2478,46.2865],[6.2479,46.2866],[6.2481,46.2866],[6.2484,46.2865],[6.2489,46.2865],[6.2491,46.2867],[6.249,46.2868],[6.249,46.2871],[6.249,46.2872],[6.2487,46.2873],[6.2487,46.2874],[6.2488,46.2876],[6.2489,46.2877],[6.2492,46.2877],[6.2496,46.2878],[6.2499,46.2877],[6.2502,46.2877],[6.2506,46.2879],[6.2509,46.288],[6.2512,46.288],[6.2515,46.2881],[6.2516,46.2883],[6.2517,46.2887],[6.2517,46.2888],[6.2517,46.289],[6.2516,46.2892],[6.2519,46.2897],[6.2521,46.2899],[6.2525,46.2901],[6.253,46.2904],[6.253,46.2905],[6.2529,46.2907],[6.2527,46.2908],[6.2524,46.2909],[6.2525,46.291],[6.2524,46.2911],[6.2524,46.2914],[6.2522,46.2915],[6.2521,46.2916],[6.2523,46.2917],[6.2523,46.2918],[6.2521,46.2919],[6.2518,46.2919],[6.2517,46.2917],[6.2516,46.2917],[6.2515,46.2917],[6.2514,46.2918],[6.2512,46.2919],[6.2509,46.2919],[6.2506,46.2918],[6.2504,46.2919],[6.2503,46.2921],[6.2504,46.2922],[6.2505,46.2923],[6.2506,46.2925],[6.2507,46.2926],[6.2509,46.2926],[6.2512,46.293],[6.2513,46.2932],[6.2512,46.2933],[6.2509,46.2933],[6.2509,46.2935],[6.2507,46.2936],[6.2506,46.2936],[6.2503,46.2937],[6.2499,46.2936],[6.2497,46.2934],[6.2494,46.2934],[6.2493,46.2934],[6.2492,46.2937],[6.249,46.2938],[6.2486,46.2941],[6.2486,46.2943],[6.2485,46.2946],[6.2485,46.2949],[6.2486,46.295],[6.2489,46.2953],[6.2491,46.2953],[6.2495,46.2952],[6.2497,46.2952],[6.2498,46.2953],[6.2496,46.2954],[6.2495,46.2956],[6.2496,46.2958],[6.25,46.2961],[6.2501,46.2964],[6.25,46.2966],[6.2496,46.2965],[6.2491,46.2965],[6.2484,46.2965],[6.2482,46.2966],[6.2483,46.2967],[6.2482,46.2968],[6.248,46.297],[6.2481,46.2971],[6.2487,46.2972],[6.2489,46.2974],[6.2489,46.2975],[6.2487,46.2977],[6.2486,46.2977],[6.2481,46.2978],[6.248,46.298],[6.2484,46.2983],[6.2488,46.2985],[6.2491,46.2986],[6.2493,46.2988],[6.2493,46.2989],[6.2491,46.2991],[6.2488,46.2991],[6.2486,46.2992],[6.2484,46.2994],[6.2483,46.2994],[6.2482,46.2996],[6.2481,46.2998],[6.248,46.3],[6.2478,46.3],[6.2475,46.2999],[6.2474,46.2999],[6.247,46.3],[6.2472,46.3004],[6.2472,46.3006],[6.2473,46.3007],[6.2477,46.3008],[6.2478,46.3007],[6.2481,46.3007],[6.2483,46.3008],[6.2486,46.3013],[6.249,46.3017],[6.249,46.3019],[6.2489,46.302],[6.2486,46.302],[6.2483,46.3019],[6.248,46.302],[6.2478,46.3022],[6.2478,46.3025],[6.2477,46.3027],[6.2473,46.3028],[6.2471,46.3027],[6.2467,46.3027],[6.2466,46.3027],[6.2462,46.3027],[6.2458,46.3028],[6.2453,46.303],[6.2451,46.3033],[6.2449,46.3038],[6.2448,46.304],[6.2447,46.3041],[6.2444,46.304],[6.2442,46.3039],[6.2436,46.3035],[6.2435,46.3034],[6.2432,46.3034],[6.2427,46.3036],[6.2424,46.3038],[6.242,46.3041],[6.2418,46.3042],[6.2414,46.3044],[6.2413,46.3043],[6.2408,46.304],[6.2406,46.304],[6.2406,46.3038],[6.2407,46.3036],[6.2414,46.3031],[6.2415,46.3028],[6.2415,46.3025],[6.2416,46.3024],[6.2415,46.3021],[6.2415,46.3019],[6.2416,46.3018],[6.2416,46.3017],[6.2417,46.3016],[6.2417,46.3011],[6.2417,46.3008],[6.2418,46.3008],[6.2421,46.2998],[6.2422,46.2997],[6.2424,46.2993],[6.2425,46.2989],[6.2426,46.2987],[6.2426,46.2984],[6.2425,46.2982],[6.2424,46.298],[6.2423,46.2977],[6.2419,46.2974],[6.2414,46.2969],[6.2412,46.2967],[6.2409,46.2963],[6.2405,46.296],[6.2403,46.2958],[6.2401,46.2956],[6.2397,46.2953],[6.2394,46.2949],[6.239,46.2944],[6.2388,46.2941],[6.2388,46.294],[6.2383,46.2935],[6.2383,46.2934],[6.238,46.2934],[6.2374,46.2924],[6.2369,46.2913],[6.2369,46.2909],[6.2366,46.2905],[6.2364,46.2904],[6.2363,46.2904],[6.2361,46.2901],[6.2362,46.2901],[6.2361,46.29],[6.2368,46.2896],[6.2379,46.289],[6.2385,46.2887],[6.24,46.2879],[6.2401,46.2879],[6.2414,46.2873],[6.2425,46.2869],[6.2425,46.2868],[6.2429,46.2866],[6.2436,46.286],[6.2441,46.2853]]]}},{"type":"Feature","properties":{"id":"ch-ge-6626"},"geometry":{"type":"Polygon","coordinates":[[[6.2573,46.2436],[6.257,46.2437],[6.2571,46.2435],[6.256,46.2415],[6.2559,46.2415],[6.2549,46.2412],[6.2547,46.241],[6.2544,46.2406],[6.2542,46.2401],[6.2537,46.2395],[6.2536,46.2393],[6.2534,46.2388],[6.2532,46.2382],[6.2531,46.2382],[6.2529,46.2381],[6.252,46.2384],[6.2515,46.2386],[6.2502,46.2389],[6.2486,46.2393],[6.2467,46.2363],[6.2459,46.2364],[6.2457,46.2363],[6.2449,46.2366],[6.2446,46.2366],[6.2436,46.2369],[6.2429,46.2372],[6.2429,46.2371],[6.2413,46.2334],[6.2413,46.2333],[6.2434,46.2331],[6.2435,46.2331],[6.2428,46.2306],[6.2429,46.2305],[6.2449,46.2301],[6.245,46.2301],[6.2481,46.2295],[6.2478,46.229],[6.2474,46.2282],[6.2464,46.2266],[6.2466,46.2268],[6.2467,46.2269],[6.247,46.2269],[6.248,46.2265],[6.2482,46.2264],[6.2485,46.2261],[6.2488,46.2259],[6.249,46.2257],[6.25,46.2242],[6.2502,46.2238],[6.2511,46.2225],[6.2514,46.2222],[6.252,46.2213],[6.2521,46.2214],[6.2525,46.2217],[6.2526,46.2218],[6.2527,46.2218],[6.2528,46.2219],[6.2535,46.2222],[6.2536,46.2223],[6.2541,46.2225],[6.2542,46.2226],[6.2545,46.2226],[6.2547,46.2226],[6.2548,46.2227],[6.2551,46.2229],[6.2551,46.2231],[6.2554,46.2232],[6.2555,46.2233],[6.2557,46.2233],[6.256,46.2233],[6.2562,46.2233],[6.2567,46.2233],[6.2567,46.2231],[6.2572,46.2231],[6.2575,46.223],[6.2579,46.223],[6.2586,46.2234],[6.2586,46.2235],[6.2589,46.2235],[6.2593,46.2236],[6.2597,46.2236],[6.2599,46.2236],[6.2602,46.2236],[6.2605,46.2236],[6.2606,46.2236],[6.2607,46.2235],[6.261,46.2235],[6.2614,46.2236],[6.2616,46.2237],[6.2619,46.2237],[6.2621,46.2239],[6.2623,46.2239],[6.2627,46.2238],[6.2633,46.2239],[6.2635,46.224],[6.264,46.2241],[6.2643,46.224],[6.2646,46.224],[6.2648,46.2241],[6.2653,46.2239],[6.2665,46.2239],[6.267,46.2237],[6.2689,46.2232],[6.2696,46.2236],[6.2704,46.224],[6.2707,46.2241],[6.2712,46.2243],[6.2716,46.2243],[6.2718,46.2244],[6.2719,46.2245],[6.2721,46.2246],[6.2727,46.2249],[6.2732,46.2251],[6.2735,46.2252],[6.2737,46.2252],[6.2739,46.2252],[6.2748,46.225],[6.275,46.225],[6.2757,46.2251],[6.2761,46.2254],[6.2763,46.2256],[6.2766,46.2253],[6.2771,46.2249],[6.2775,46.2247],[6.2779,46.2244],[6.2781,46.2245],[6.2786,46.2249],[6.2788,46.2251],[6.279,46.2254],[6.2794,46.2259],[6.2804,46.2256],[6.281,46.2255],[6.2823,46.2252],[6.2826,46.2251],[6.2836,46.2249],[6.2838,46.2249],[6.2852,46.2248],[6.2854,46.2249],[6.2856,46.2248],[6.2859,46.2252],[6.286,46.2252],[6.2867,46.225],[6.287,46.2251],[6.2874,46.2252],[6.2878,46.2253],[6.2884,46.2254],[6.2888,46.2254],[6.2894,46.2253],[6.2901,46.2249],[6.2904,46.2247],[6.2908,46.2244],[6.2913,46.2238],[6.2924,46.2243],[6.2935,46.2246],[6.2947,46.2252],[6.2957,46.2261],[6.2963,46.2268],[6.2985,46.2295],[6.3005,46.232],[6.3022,46.2345],[6.3027,46.2352],[6.3035,46.236],[6.3049,46.2372],[6.3054,46.2377],[6.3062,46.2387],[6.3066,46.2391],[6.3066,46.2393],[6.307,46.2396],[6.307,46.2398],[6.3075,46.2404],[6.3084,46.2415],[6.3089,46.2422],[6.3091,46.2424],[6.3094,46.2427],[6.3095,46.2428],[6.31,46.2436],[6.3103,46.244],[6.3101,46.2443],[6.3101,46.2447],[6.31,46.2451],[6.31,46.2453],[6.3099,46.2454],[6.3093,46.2458],[6.3092,46.2462],[6.3091,46.2466],[6.309,46.2469],[6.3088,46.247],[6.3087,46.2474],[6.3087,46.2475],[6.3088,46.2478],[6.3091,46.2485],[6.3092,46.249],[6.3092,46.2494],[6.3094,46.2499],[6.3094,46.2501],[6.3093,46.2502],[6.3088,46.2503],[6.3085,46.2504],[6.3081,46.2507],[6.3079,46.2508],[6.3073,46.2509],[6.3062,46.2512],[6.3059,46.2513],[6.3057,46.2514],[6.306,46.2517],[6.3067,46.2523],[6.3069,46.2528],[6.3072,46.253],[6.3077,46.2535],[6.3078,46.2537],[6.3078,46.2539],[6.3078,46.2544],[6.3078,46.2546],[6.3082,46.2549],[6.3085,46.2552],[6.3086,46.2555],[6.3089,46.2557],[6.3094,46.2559],[6.3097,46.2562],[6.3093,46.2564],[6.309,46.2564],[6.3088,46.2565],[6.3084,46.2566],[6.3082,46.2565],[6.308,46.2564],[6.3077,46.2565],[6.3075,46.2565],[6.3073,46.2565],[6.3072,46.2565],[6.307,46.2566],[6.3065,46.2565],[6.3063,46.2564],[6.3061,46.2562],[6.3058,46.2561],[6.3056,46.2559],[6.3054,46.2559],[6.305,46.2559],[6.3049,46.2559],[6.3046,46.2559],[6.3044,46.2557],[6.3041,46.2556],[6.3038,46.2554],[6.3036,46.2553],[6.3033,46.2551],[6.3033,46.255],[6.303,46.255],[6.3029,46.2549],[6.3026,46.2549],[6.3023,46.2549],[6.3023,46.2548],[6.3021,46.2547],[6.3017,46.2548],[6.3015,46.255],[6.3014,46.2549],[6.3008,46.2552],[6.3007,46.2553],[6.3005,46.2553],[6.3004,46.2554],[6.3002,46.2554],[6.3,46.2554],[6.2999,46.2553],[6.2995,46.2554],[6.2994,46.2555],[6.2991,46.2554],[6.2989,46.2553],[6.2988,46.2554],[6.2984,46.2553],[6.2981,46.2554],[6.2979,46.2555],[6.2977,46.2554],[6.2976,46.2556],[6.2974,46.2556],[6.2971,46.2555],[6.2971,46.2556],[6.2968,46.2556],[6.2964,46.2556],[6.2963,46.2557],[6.296,46.2559],[6.2957,46.2558],[6.2955,46.2557],[6.2953,46.2554],[6.2952,46.2553],[6.2947,46.2552],[6.2943,46.2553],[6.2939,46.2554],[6.2935,46.2556],[6.2932,46.2557],[6.2928,46.2556],[6.2924,46.2555],[6.292,46.2552],[6.2917,46.2549],[6.2912,46.2543],[6.2906,46.2537],[6.2901,46.2533],[6.2897,46.2527],[6.2886,46.2516],[6.2883,46.2514],[6.2879,46.2507],[6.2878,46.2507],[6.2875,46.2507],[6.2873,46.2507],[6.2868,46.2502],[6.2866,46.25],[6.2855,46.2481],[6.2852,46.2477],[6.2847,46.2473],[6.2836,46.2466],[6.283,46.2463],[6.2826,46.2461],[6.2819,46.2457],[6.2808,46.2451],[6.2805,46.245],[6.2799,46.2449],[6.2792,46.2448],[6.2767,46.2443],[6.2761,46.2442],[6.2753,46.2439],[6.2734,46.2433],[6.2731,46.2432],[6.2718,46.243],[6.2712,46.2428],[6.2702,46.2425],[6.2697,46.2431],[6.2688,46.2439],[6.2682,46.2443],[6.265,46.2459],[6.264,46.2459],[6.2636,46.2459],[6.2634,46.2457],[6.2633,46.2455],[6.2628,46.2442],[6.2628,46.2441],[6.2628,46.244],[6.2631,46.2438],[6.2632,46.2436],[6.2632,46.2431],[6.2631,46.243],[6.263,46.243],[6.2627,46.243],[6.2622,46.243],[6.2619,46.2429],[6.2617,46.2429],[6.2614,46.2426],[6.2613,46.2425],[6.261,46.2426],[6.2608,46.2425],[6.2607,46.2425],[6.2605,46.2426],[6.2603,46.2426],[6.2602,46.2426],[6.2593,46.2426],[6.2584,46.2428],[6.258,46.243],[6.2577,46.2432],[6.2572,46.2434],[6.2573,46.2436]]]}},{"type":"Feature","properties":{"id":"ch-ge-6627"},"geometry":{"type":"Polygon","coordinates":[[[6.0202,46.1636],[6.0203,46.1633],[6.0203,46.1632],[6.0201,46.1625],[6.0201,46.1622],[6.02,46.1609],[6.02,46.1608],[6.02,46.1603],[6.0201,46.16],[6.02,46.1591],[6.0196,46.1582],[6.0192,46.1574],[6.0188,46.1569],[6.0184,46.1563],[6.0181,46.1559],[6.0178,46.1554],[6.0173,46.1545],[6.0168,46.1536],[6.0173,46.1534],[6.0177,46.1535],[6.0184,46.1534],[6.0199,46.1534],[6.0205,46.1533],[6.0211,46.1532],[6.0219,46.1529],[6.0225,46.1528],[6.0232,46.1527],[6.025,46.1521],[6.0259,46.1518],[6.0263,46.1517],[6.0267,46.1515],[6.0272,46.1513],[6.0274,46.1513],[6.0289,46.1506],[6.0295,46.151],[6.0334,46.1494],[6.0339,46.1489],[6.0339,46.1488],[6.0356,46.1478],[6.0356,46.1477],[6.0368,46.1483],[6.0369,46.1485],[6.0368,46.1487],[6.0365,46.1494],[6.0362,46.1498],[6.0386,46.1514],[6.0391,46.151],[6.0392,46.1509],[6.0395,46.1511],[6.0401,46.1515],[6.0406,46.1517],[6.0409,46.1518],[6.0412,46.1521],[6.0415,46.1523],[6.0423,46.153],[6.0435,46.1528],[6.0446,46.1526],[6.0449,46.1525],[6.0457,46.1521],[6.046,46.1519],[6.0463,46.1516],[6.0472,46.1506],[6.0475,46.1503],[6.0483,46.1497],[6.0495,46.1512],[6.0497,46.1515],[6.0489,46.1536],[6.0491,46.1537],[6.05,46.1545],[6.0485,46.1561],[6.0496,46.1574],[6.0483,46.1582],[6.0452,46.1605],[6.044,46.1615],[6.0456,46.162],[6.0452,46.1623],[6.0449,46.1626],[6.0452,46.1633],[6.0448,46.164],[6.0454,46.1643],[6.0449,46.1647],[6.0447,46.1648],[6.0442,46.1662],[6.0441,46.1662],[6.0432,46.167],[6.0429,46.1671],[6.0426,46.1674],[6.0405,46.1691],[6.04,46.1695],[6.0393,46.17],[6.0385,46.1705],[6.0383,46.1708],[6.038,46.1705],[6.037,46.1699],[6.0364,46.1696],[6.0355,46.1693],[6.0348,46.1691],[6.0341,46.1689],[6.0322,46.1683],[6.0296,46.1674],[6.0284,46.167],[6.0267,46.1663],[6.0252,46.1657],[6.0245,46.1654],[6.023,46.1648],[6.0215,46.1642],[6.0205,46.1637],[6.0202,46.1636]]]}},{"type":"Feature","properties":{"id":"ch-ge-6628"},"geometry":{"type":"Polygon","coordinates":[[[6.1276,46.1878],[6.1277,46.1878],[6.1278,46.188],[6.1277,46.1884],[6.1278,46.189],[6.1278,46.1894],[6.1278,46.19],[6.1279,46.1907],[6.1279,46.1947],[6.1278,46.1947],[6.1274,46.1947],[6.1269,46.1946],[6.1271,46.1954],[6.1268,46.1954],[6.1274,46.1971],[6.127,46.1972],[6.1266,46.1971],[6.1264,46.197],[6.1261,46.1969],[6.1258,46.1967],[6.1257,46.1966],[6.1255,46.1965],[6.1253,46.1964],[6.125,46.1964],[6.1248,46.1963],[6.1245,46.1961],[6.1242,46.196],[6.1241,46.196],[6.1238,46.196],[6.1236,46.1959],[6.1234,46.1959],[6.1232,46.1959],[6.123,46.196],[6.1227,46.196],[6.1225,46.196],[6.1221,46.1961],[6.1216,46.1961],[6.1215,46.1962],[6.1217,46.1966],[6.1216,46.1975],[6.1215,46.1976],[6.1181,46.1973],[6.1169,46.1972],[6.1162,46.1971],[6.1162,46.1972],[6.1124,46.1969],[6.1121,46.1969],[6.1119,46.197],[6.1118,46.1971],[6.1116,46.1978],[6.1114,46.1985],[6.1113,46.1991],[6.1113,46.2],[6.1113,46.2003],[6.1113,46.2009],[6.1112,46.2016],[6.1113,46.2017],[6.111,46.2017],[6.1109,46.2025],[6.1107,46.2024],[6.1107,46.2028],[6.11,46.2028],[6.1097,46.2027],[6.1093,46.2026],[6.1091,46.2025],[6.1085,46.2022],[6.1082,46.202],[6.1078,46.2017],[6.107,46.2011],[6.1068,46.2009],[6.1067,46.2007],[6.1062,46.2001],[6.1058,46.1996],[6.1038,46.1978],[6.1033,46.1974],[6.1028,46.1969],[6.1034,46.1966],[6.1036,46.1964],[6.1037,46.1963],[6.1039,46.1963],[6.104,46.196],[6.1041,46.1958],[6.1041,46.1956],[6.1043,46.1956],[6.1045,46.1954],[6.1062,46.1932],[6.1064,46.193],[6.1062,46.193],[6.1061,46.1928],[6.1062,46.1927],[6.1071,46.1913],[6.1072,46.1913],[6.1074,46.1913],[6.1074,46.1911],[6.1075,46.1909],[6.1073,46.1909],[6.1078,46.1902],[6.1083,46.1903],[6.1084,46.1903],[6.1081,46.1901],[6.1082,46.1901],[6.1089,46.1888],[6.1082,46.1885],[6.1077,46.1884],[6.1086,46.1874],[6.1088,46.187],[6.1089,46.1868],[6.1083,46.1866],[6.1084,46.1864],[6.1087,46.1865],[6.1089,46.1862],[6.1087,46.1861],[6.1088,46.186],[6.109,46.1861],[6.1092,46.1858],[6.1089,46.1856],[6.1092,46.1853],[6.1096,46.1855],[6.1099,46.1851],[6.11,46.1851],[6.1105,46.1848],[6.1108,46.1843],[6.1111,46.184],[6.1108,46.1839],[6.11,46.1833],[6.1102,46.1831],[6.1099,46.1826],[6.1098,46.1824],[6.1098,46.182],[6.1097,46.1819],[6.1098,46.1813],[6.1099,46.181],[6.1102,46.1804],[6.1104,46.18],[6.1107,46.1801],[6.1122,46.1784],[6.1127,46.1779],[6.1122,46.1778],[6.112,46.1778],[6.1118,46.1777],[6.1117,46.1775],[6.1115,46.1773],[6.1113,46.1774],[6.111,46.1774],[6.1109,46.1774],[6.1109,46.177],[6.1109,46.1769],[6.1107,46.1767],[6.1105,46.1769],[6.11,46.1766],[6.1104,46.1761],[6.1112,46.1753],[6.1128,46.1742],[6.113,46.1744],[6.115,46.173],[6.1165,46.1739],[6.1167,46.1739],[6.1171,46.174],[6.1175,46.174],[6.1184,46.174],[6.1188,46.174],[6.1194,46.174],[6.1198,46.1741],[6.1199,46.174],[6.1202,46.1739],[6.1203,46.1737],[6.1202,46.1734],[6.1204,46.1733],[6.1206,46.1732],[6.1205,46.1731],[6.1206,46.1729],[6.1206,46.1728],[6.1207,46.1726],[6.1208,46.1726],[6.1211,46.1726],[6.1213,46.1725],[6.1225,46.172],[6.1234,46.1715],[6.1238,46.1713],[6.1241,46.1715],[6.1259,46.1723],[6.1276,46.1712],[6.1277,46.1712],[6.1299,46.1703],[6.1313,46.1698],[6.1324,46.1694],[6.1336,46.169],[6.1337,46.1695],[6.134,46.17],[6.1342,46.1702],[6.1346,46.1705],[6.1353,46.1711],[6.1357,46.1708],[6.1363,46.1703],[6.1366,46.17],[6.1362,46.1699],[6.136,46.1698],[6.1357,46.1696],[6.1356,46.1696],[6.1353,46.1693],[6.1351,46.1689],[6.1347,46.1683],[6.1345,46.168],[6.1348,46.1679],[6.1356,46.1681],[6.1362,46.1681],[6.1366,46.1681],[6.1368,46.1681],[6.1375,46.1684],[6.1377,46.1685],[6.138,46.1688],[6.1382,46.1688],[6.1389,46.1682],[6.1391,46.168],[6.1401,46.1674],[6.1403,46.1674],[6.14,46.1679],[6.14,46.168],[6.1401,46.1681],[6.1403,46.1683],[6.14,46.1684],[6.1398,46.1681],[6.1396,46.1684],[6.1394,46.1685],[6.1392,46.1686],[6.139,46.1686],[6.1389,46.1687],[6.1389,46.169],[6.1387,46.1691],[6.1384,46.1691],[6.1381,46.1693],[6.1382,46.1694],[6.1384,46.1696],[6.1386,46.1697],[6.1388,46.1698],[6.1386,46.1699],[6.1384,46.1701],[6.1381,46.1702],[6.138,46.1703],[6.1381,46.1706],[6.138,46.1706],[6.1379,46.1713],[6.1377,46.1716],[6.1375,46.1719],[6.1373,46.1722],[6.1371,46.1723],[6.1369,46.1723],[6.1368,46.1725],[6.137,46.1727],[6.137,46.1729],[6.137,46.1731],[6.137,46.1732],[6.1367,46.1733],[6.1366,46.1734],[6.1359,46.1737],[6.1358,46.1737],[6.1353,46.1738],[6.1351,46.1738],[6.135,46.174],[6.1349,46.1742],[6.1348,46.1743],[6.1347,46.1745],[6.1347,46.1748],[6.1345,46.1751],[6.1337,46.1758],[6.1333,46.1763],[6.1331,46.1764],[6.1324,46.176],[6.1309,46.175],[6.1301,46.1745],[6.1299,46.1747],[6.1296,46.1748],[6.1294,46.1753],[6.13,46.1754],[6.1302,46.1755],[6.1306,46.1757],[6.1309,46.176],[6.1311,46.1762],[6.1312,46.1764],[6.1313,46.1766],[6.1313,46.1768],[6.1313,46.1772],[6.1312,46.1772],[6.1313,46.1775],[6.1312,46.1776],[6.1312,46.178],[6.1312,46.1785],[6.1311,46.1785],[6.1312,46.1789],[6.1312,46.18],[6.1312,46.1805],[6.1312,46.1818],[6.1311,46.1818],[6.1311,46.182],[6.1308,46.182],[6.1292,46.181],[6.1291,46.181],[6.129,46.1811],[6.1284,46.1811],[6.1283,46.1842],[6.1282,46.1853],[6.1281,46.1858],[6.128,46.1864],[6.1278,46.1863],[6.1277,46.1872],[6.1276,46.1874],[6.1276,46.1878]]]}},{"type":"Feature","properties":{"id":"ch-ge-6629"},"geometry":{"type":"Polygon","coordinates":[[[6.2432,46.2262],[6.2433,46.2262],[6.2434,46.2266],[6.2461,46.226],[6.2464,46.2266],[6.2474,46.2282],[6.2478,46.229],[6.2481,46.2295],[6.245,46.2301],[6.2449,46.2301],[6.2429,46.2305],[6.2428,46.2306],[6.2435,46.2331],[6.2434,46.2331],[6.2413,46.2333],[6.2413,46.2334],[6.2429,46.2371],[6.2429,46.2372],[6.2436,46.2369],[6.2446,46.2366],[6.2449,46.2366],[6.2457,46.2363],[6.2459,46.2364],[6.2467,46.2363],[6.2486,46.2393],[6.2502,46.2389],[6.2515,46.2386],[6.252,46.2384],[6.2529,46.2381],[6.2531,46.2382],[6.2532,46.2382],[6.2534,46.2388],[6.2536,46.2393],[6.2537,46.2395],[6.2542,46.2401],[6.2544,46.2406],[6.2547,46.241],[6.2549,46.2412],[6.2559,46.2415],[6.256,46.2415],[6.2571,46.2435],[6.257,46.2437],[6.2573,46.2436],[6.2573,46.2437],[6.2569,46.2438],[6.2568,46.2437],[6.2566,46.2436],[6.2564,46.2435],[6.2559,46.2435],[6.2557,46.2435],[6.2567,46.2458],[6.2566,46.2458],[6.2557,46.2463],[6.2553,46.2464],[6.2546,46.2469],[6.2543,46.247],[6.2535,46.2474],[6.2535,46.2475],[6.2539,46.248],[6.2541,46.2484],[6.2542,46.2488],[6.2542,46.2491],[6.2543,46.2492],[6.253,46.249],[6.2525,46.2489],[6.252,46.2489],[6.2514,46.2488],[6.2509,46.2488],[6.2496,46.2488],[6.2495,46.2489],[6.2506,46.2501],[6.2518,46.2509],[6.2517,46.251],[6.2517,46.2511],[6.2519,46.2511],[6.252,46.2512],[6.2536,46.2523],[6.2536,46.2525],[6.2452,46.2561],[6.245,46.2561],[6.2432,46.2569],[6.2425,46.2571],[6.2422,46.2571],[6.2419,46.2572],[6.2416,46.2574],[6.2346,46.257],[6.2341,46.2563],[6.234,46.2562],[6.2337,46.2557],[6.231,46.2564],[6.2305,46.2561],[6.2297,46.2557],[6.2295,46.2554],[6.2291,46.2549],[6.2289,46.2547],[6.2286,46.2546],[6.2282,46.2539],[6.2281,46.2538],[6.2282,46.2537],[6.228,46.2534],[6.2274,46.2529],[6.2269,46.2526],[6.2266,46.2521],[6.2264,46.2519],[6.2262,46.2515],[6.226,46.251],[6.226,46.2508],[6.226,46.2507],[6.2259,46.2505],[6.2256,46.2503],[6.2254,46.2502],[6.2252,46.2499],[6.2252,46.2496],[6.2239,46.2502],[6.2237,46.2502],[6.2234,46.2506],[6.2226,46.2509],[6.222,46.2511],[6.2216,46.2504],[6.219,46.2482],[6.2189,46.2483],[6.2186,46.2481],[6.2183,46.2477],[6.2181,46.2473],[6.218,46.2471],[6.2153,46.2439],[6.2135,46.2417],[6.2135,46.2416],[6.2149,46.241],[6.2142,46.2401],[6.2147,46.2383],[6.2145,46.2375],[6.2142,46.2372],[6.2136,46.2368],[6.2132,46.2366],[6.2136,46.2363],[6.2141,46.2361],[6.2142,46.2361],[6.2158,46.2357],[6.2163,46.2356],[6.2159,46.2346],[6.2157,46.2337],[6.2155,46.2331],[6.2153,46.2327],[6.2152,46.2325],[6.2145,46.2319],[6.2142,46.2316],[6.2145,46.2315],[6.2155,46.2313],[6.2157,46.2313],[6.216,46.2312],[6.2167,46.2313],[6.2175,46.2313],[6.2176,46.2314],[6.2184,46.2317],[6.2188,46.2318],[6.219,46.2318],[6.22,46.2317],[6.2211,46.2316],[6.2212,46.2316],[6.2216,46.2315],[6.2212,46.2307],[6.2213,46.2306],[6.2225,46.2304],[6.2235,46.2303],[6.2237,46.2307],[6.224,46.2312],[6.2245,46.2312],[6.2255,46.2328],[6.2261,46.2326],[6.2265,46.2331],[6.227,46.2329],[6.2276,46.2326],[6.2279,46.233],[6.229,46.2335],[6.2289,46.2336],[6.2296,46.234],[6.2315,46.2353],[6.2312,46.2359],[6.231,46.2361],[6.2311,46.2362],[6.2371,46.2342],[6.2372,46.2342],[6.2372,46.2341],[6.2364,46.2329],[6.2363,46.2327],[6.236,46.2303],[6.2359,46.2293],[6.2361,46.2292],[6.2359,46.2281],[6.2359,46.2279],[6.2388,46.2273],[6.2386,46.2271],[6.2407,46.2267],[6.2408,46.2267],[6.2432,46.2262]]]}},{"type":"Feature","properties":{"id":"ch-ge-6630"},"geometry":{"type":"Polygon","coordinates":[[[6.1018,46.2379],[6.1014,46.2377],[6.099,46.2391],[6.097,46.2405],[6.0954,46.2416],[6.095,46.242],[6.0935,46.2431],[6.0933,46.2429],[6.0924,46.2437],[6.0923,46.2438],[6.0907,46.2451],[6.0885,46.2459],[6.0881,46.2463],[6.088,46.2471],[6.0855,46.246],[6.0856,46.2461],[6.0855,46.2462],[6.0844,46.247],[6.0843,46.247],[6.0837,46.2466],[6.0834,46.2464],[6.083,46.246],[6.0828,46.2458],[6.0828,46.2456],[6.0825,46.2454],[6.0819,46.2458],[6.0795,46.2454],[6.0792,46.2452],[6.0787,46.2449],[6.0785,46.2447],[6.0778,46.2442],[6.0771,46.2447],[6.0755,46.2436],[6.0752,46.2438],[6.0749,46.2436],[6.0739,46.2437],[6.0735,46.2437],[6.0728,46.2431],[6.0737,46.2423],[6.0735,46.242],[6.073,46.2414],[6.0718,46.2422],[6.0714,46.2417],[6.0709,46.2413],[6.0702,46.2417],[6.0695,46.2412],[6.0682,46.242],[6.0676,46.2419],[6.0673,46.2418],[6.0671,46.2419],[6.0669,46.2421],[6.0669,46.2422],[6.0663,46.2427],[6.066,46.2428],[6.0658,46.243],[6.0658,46.2432],[6.0657,46.2432],[6.0656,46.2434],[6.0655,46.2434],[6.0654,46.2436],[6.0649,46.2441],[6.0647,46.2443],[6.0646,46.2443],[6.0644,46.2445],[6.0641,46.2447],[6.0639,46.2451],[6.0633,46.2458],[6.0622,46.2454],[6.0614,46.2451],[6.0609,46.2451],[6.0604,46.245],[6.0601,46.2449],[6.0591,46.244],[6.0587,46.2436],[6.058,46.2429],[6.0577,46.2426],[6.0571,46.2422],[6.0564,46.2419],[6.0559,46.2417],[6.0546,46.2405],[6.0545,46.2405],[6.0534,46.2396],[6.0527,46.2388],[6.0521,46.2383],[6.0521,46.2381],[6.052,46.2379],[6.0517,46.2376],[6.0517,46.2375],[6.0513,46.2369],[6.0511,46.2366],[6.0511,46.2365],[6.0508,46.2359],[6.0503,46.2352],[6.05,46.2349],[6.0496,46.2346],[6.0495,46.2343],[6.049,46.2339],[6.0485,46.2335],[6.0482,46.2333],[6.048,46.2332],[6.0479,46.2332],[6.0474,46.2334],[6.0473,46.2331],[6.0465,46.2319],[6.0462,46.2315],[6.0461,46.2314],[6.0469,46.2311],[6.0475,46.2308],[6.048,46.2305],[6.0482,46.2305],[6.0489,46.2303],[6.0498,46.2299],[6.0502,46.2298],[6.0527,46.2293],[6.0535,46.2292],[6.0556,46.2278],[6.0577,46.2261],[6.0595,46.2248],[6.0612,46.2236],[6.0629,46.2223],[6.0637,46.2218],[6.0648,46.221],[6.0671,46.2194],[6.0679,46.2187],[6.0696,46.2173],[6.0697,46.2173],[6.0707,46.2179],[6.0721,46.2187],[6.0739,46.2172],[6.0747,46.2177],[6.0757,46.2183],[6.0763,46.2187],[6.0756,46.2192],[6.0754,46.2193],[6.0752,46.2193],[6.0742,46.2201],[6.0748,46.2204],[6.0756,46.2209],[6.0758,46.221],[6.0759,46.2211],[6.076,46.2213],[6.0761,46.2215],[6.0763,46.2216],[6.0768,46.2216],[6.0776,46.2217],[6.0784,46.2217],[6.0789,46.2217],[6.0799,46.2216],[6.0804,46.2215],[6.0814,46.2213],[6.082,46.2212],[6.0824,46.221],[6.084,46.2203],[6.0858,46.2216],[6.0855,46.2219],[6.0857,46.222],[6.0861,46.222],[6.087,46.222],[6.0871,46.2223],[6.0873,46.2224],[6.0872,46.2228],[6.087,46.2239],[6.0871,46.224],[6.0879,46.2245],[6.0894,46.2241],[6.0913,46.2236],[6.0934,46.223],[6.0948,46.2226],[6.0971,46.222],[6.1012,46.2209],[6.102,46.2206],[6.1029,46.2204],[6.1035,46.2202],[6.1042,46.2207],[6.1043,46.2208],[6.1055,46.2217],[6.1069,46.2226],[6.1074,46.2229],[6.1082,46.2224],[6.1092,46.2232],[6.1094,46.2233],[6.1096,46.2233],[6.1098,46.2231],[6.111,46.224],[6.1107,46.2242],[6.1113,46.2245],[6.1119,46.2249],[6.1114,46.2253],[6.1095,46.2269],[6.1094,46.227],[6.1089,46.2277],[6.1094,46.2279],[6.1079,46.2296],[6.1082,46.2299],[6.1079,46.2301],[6.1074,46.2306],[6.1071,46.231],[6.1059,46.2324],[6.1051,46.234],[6.105,46.2342],[6.1051,46.2346],[6.1049,46.2345],[6.105,46.2349],[6.1046,46.235],[6.1037,46.2353],[6.1032,46.2354],[6.1026,46.2357],[6.1023,46.236],[6.1009,46.2374],[6.102,46.2377],[6.1018,46.2379]]]}},{"type":"Feature","properties":{"id":"ch-ge-6631"},"geometry":{"type":"Polygon","coordinates":[[[6.0865,46.1924],[6.0873,46.1916],[6.0882,46.1906],[6.0886,46.1902],[6.0887,46.19],[6.0902,46.1887],[6.0901,46.1885],[6.0905,46.1876],[6.0905,46.1875],[6.0902,46.1873],[6.09,46.187],[6.0899,46.1867],[6.0896,46.1861],[6.0894,46.1859],[6.0895,46.1858],[6.0898,46.1856],[6.0902,46.1851],[6.0901,46.1849],[6.0902,46.1849],[6.0904,46.1848],[6.0912,46.1836],[6.0919,46.1838],[6.0927,46.1822],[6.0926,46.1822],[6.0922,46.1818],[6.0918,46.1816],[6.0923,46.1813],[6.0925,46.1812],[6.0931,46.1811],[6.0938,46.181],[6.0948,46.1809],[6.0948,46.1808],[6.0946,46.1807],[6.0934,46.1801],[6.0933,46.1798],[6.0935,46.1795],[6.0931,46.1793],[6.0937,46.1784],[6.0939,46.178],[6.0946,46.1781],[6.0948,46.1778],[6.0954,46.1772],[6.0951,46.1771],[6.095,46.177],[6.0959,46.1759],[6.096,46.1759],[6.0967,46.1762],[6.0977,46.1765],[6.0979,46.1763],[6.0981,46.1762],[6.0989,46.1759],[6.099,46.1759],[6.099,46.1756],[6.099,46.1754],[6.0991,46.175],[6.0991,46.1746],[6.0989,46.1743],[6.0987,46.1741],[6.0989,46.174],[6.0995,46.1742],[6.1011,46.1748],[6.1018,46.1751],[6.1028,46.1753],[6.1056,46.1754],[6.1062,46.1753],[6.107,46.1753],[6.1073,46.1753],[6.1082,46.1757],[6.1091,46.176],[6.1093,46.176],[6.1099,46.176],[6.1104,46.1761],[6.11,46.1766],[6.1105,46.1769],[6.1107,46.1767],[6.1109,46.1769],[6.1109,46.177],[6.1109,46.1774],[6.111,46.1774],[6.1113,46.1774],[6.1115,46.1773],[6.1117,46.1775],[6.1118,46.1777],[6.112,46.1778],[6.1122,46.1778],[6.1127,46.1779],[6.1122,46.1784],[6.1107,46.1801],[6.1104,46.18],[6.1102,46.1804],[6.1099,46.181],[6.1098,46.1813],[6.1097,46.1819],[6.1098,46.182],[6.1098,46.1824],[6.1099,46.1826],[6.1102,46.1831],[6.11,46.1833],[6.1108,46.1839],[6.1111,46.184],[6.1108,46.1843],[6.1105,46.1848],[6.11,46.1851],[6.1099,46.1851],[6.1096,46.1855],[6.1092,46.1853],[6.1089,46.1856],[6.1092,46.1858],[6.109,46.1861],[6.1088,46.186],[6.1087,46.1861],[6.1089,46.1862],[6.1087,46.1865],[6.1084,46.1864],[6.1083,46.1866],[6.1089,46.1868],[6.1088,46.187],[6.1086,46.1874],[6.1077,46.1884],[6.1082,46.1885],[6.1089,46.1888],[6.1082,46.1901],[6.1081,46.1901],[6.1084,46.1903],[6.1083,46.1903],[6.1078,46.1902],[6.1073,46.1909],[6.1075,46.1909],[6.1074,46.1911],[6.1074,46.1913],[6.1072,46.1913],[6.1071,46.1913],[6.1062,46.1927],[6.1061,46.1928],[6.1062,46.193],[6.1064,46.193],[6.1062,46.1932],[6.1045,46.1954],[6.1043,46.1956],[6.1041,46.1956],[6.1041,46.1958],[6.104,46.196],[6.1039,46.1963],[6.1037,46.1963],[6.1036,46.1964],[6.1034,46.1966],[6.1028,46.1969],[6.1021,46.1961],[6.101,46.1949],[6.1005,46.1944],[6.0997,46.1936],[6.0993,46.1933],[6.0989,46.193],[6.0982,46.1927],[6.0979,46.1926],[6.0975,46.1925],[6.097,46.1924],[6.0956,46.1922],[6.095,46.1922],[6.094,46.1922],[6.0933,46.1922],[6.0926,46.1923],[6.092,46.1924],[6.0913,46.1926],[6.0907,46.1928],[6.0901,46.193],[6.0891,46.1934],[6.0875,46.1928],[6.0874,46.1928],[6.0873,46.1927],[6.0872,46.1926],[6.087,46.1925],[6.0865,46.1924]]]}},{"type":"Feature","properties":{"id":"ch-ge-6632"},"geometry":{"type":"Polygon","coordinates":[[[6.0988,46.1577],[6.0987,46.1577],[6.0988,46.158],[6.0989,46.1582],[6.099,46.1585],[6.0991,46.1587],[6.0992,46.1589],[6.0991,46.1592],[6.0995,46.1596],[6.1003,46.1602],[6.1007,46.1606],[6.1018,46.1618],[6.1021,46.1621],[6.1021,46.1622],[6.1018,46.1624],[6.101,46.1629],[6.099,46.1645],[6.0974,46.1658],[6.0974,46.1659],[6.0956,46.1675],[6.0914,46.1654],[6.0882,46.1633],[6.0868,46.1647],[6.0875,46.1652],[6.0872,46.1657],[6.0866,46.1663],[6.0818,46.1641],[6.0828,46.1633],[6.0827,46.1633],[6.0801,46.1613],[6.0795,46.1617],[6.0778,46.1605],[6.0767,46.1612],[6.0767,46.1611],[6.0769,46.1594],[6.077,46.159],[6.0768,46.157],[6.0768,46.1566],[6.0767,46.1548],[6.0766,46.1542],[6.0765,46.1539],[6.0763,46.1531],[6.0761,46.1524],[6.0755,46.1509],[6.0755,46.1507],[6.0754,46.1503],[6.0749,46.1497],[6.0746,46.1494],[6.0743,46.1491],[6.0749,46.1489],[6.0816,46.1501],[6.0917,46.152],[6.093,46.1527],[6.0935,46.1529],[6.0936,46.1529],[6.0941,46.1533],[6.0947,46.1539],[6.0948,46.154],[6.0953,46.1543],[6.0955,46.1544],[6.0959,46.1547],[6.0962,46.1548],[6.0965,46.155],[6.0967,46.1551],[6.0969,46.1552],[6.0971,46.1553],[6.0973,46.1555],[6.0974,46.1556],[6.0977,46.1558],[6.0978,46.156],[6.0985,46.1569],[6.0987,46.1572],[6.0988,46.1576],[6.0988,46.1577]]]}},{"type":"Feature","properties":{"id":"ch-ge-6633"},"geometry":{"type":"Polygon","coordinates":[[[6.1392,46.155],[6.1392,46.1549],[6.1394,46.1556],[6.1396,46.1564],[6.1398,46.1566],[6.1398,46.1567],[6.1397,46.1568],[6.1396,46.1573],[6.1393,46.1578],[6.1387,46.1587],[6.1386,46.1589],[6.1385,46.1593],[6.1385,46.1597],[6.1387,46.1604],[6.1387,46.1608],[6.1388,46.1608],[6.1388,46.1612],[6.1389,46.1618],[6.1391,46.1632],[6.1391,46.1633],[6.1393,46.1637],[6.1394,46.1642],[6.1395,46.1644],[6.1397,46.165],[6.1404,46.1671],[6.1406,46.1678],[6.1407,46.168],[6.1408,46.1683],[6.1403,46.1683],[6.1401,46.1681],[6.14,46.168],[6.14,46.1679],[6.1403,46.1674],[6.1401,46.1674],[6.1391,46.168],[6.1389,46.1682],[6.1382,46.1688],[6.138,46.1688],[6.1377,46.1685],[6.1375,46.1684],[6.1368,46.1681],[6.1366,46.1681],[6.1362,46.1681],[6.1356,46.1681],[6.1348,46.1679],[6.1345,46.168],[6.1347,46.1683],[6.1351,46.1689],[6.1353,46.1693],[6.1356,46.1696],[6.1357,46.1696],[6.136,46.1698],[6.1362,46.1699],[6.1366,46.17],[6.1363,46.1703],[6.1357,46.1708],[6.1353,46.1711],[6.1346,46.1705],[6.1342,46.1702],[6.134,46.17],[6.1337,46.1695],[6.1336,46.169],[6.1324,46.1694],[6.1313,46.1698],[6.1299,46.1703],[6.1277,46.1712],[6.1276,46.1712],[6.1259,46.1723],[6.1241,46.1715],[6.1238,46.1713],[6.1234,46.1715],[6.1225,46.172],[6.1213,46.1725],[6.1211,46.1726],[6.1208,46.1726],[6.1207,46.1726],[6.1206,46.1728],[6.1206,46.1729],[6.1205,46.1731],[6.1206,46.1732],[6.1204,46.1733],[6.1202,46.1734],[6.1203,46.1737],[6.1202,46.1739],[6.1199,46.174],[6.1198,46.1741],[6.1194,46.174],[6.1188,46.174],[6.1184,46.174],[6.1175,46.174],[6.1171,46.174],[6.1167,46.1739],[6.1165,46.1739],[6.115,46.173],[6.113,46.1744],[6.1128,46.1742],[6.1112,46.1753],[6.1104,46.1761],[6.1099,46.176],[6.1093,46.176],[6.1091,46.176],[6.1082,46.1757],[6.1073,46.1753],[6.107,46.1753],[6.1062,46.1753],[6.1056,46.1754],[6.1028,46.1753],[6.1018,46.1751],[6.1011,46.1748],[6.0995,46.1742],[6.0995,46.1738],[6.0994,46.1736],[6.0997,46.1734],[6.1,46.1732],[6.1001,46.1731],[6.1,46.1728],[6.0999,46.1725],[6.0999,46.1723],[6.1014,46.1714],[6.1021,46.1708],[6.103,46.1712],[6.1047,46.1697],[6.102,46.1685],[6.0974,46.1659],[6.0974,46.1658],[6.099,46.1645],[6.101,46.1629],[6.1018,46.1624],[6.1021,46.1622],[6.1021,46.1621],[6.1018,46.1618],[6.1007,46.1606],[6.1003,46.1602],[6.0995,46.1596],[6.0991,46.1592],[6.0992,46.1589],[6.0991,46.1587],[6.099,46.1585],[6.0989,46.1582],[6.0988,46.158],[6.0987,46.1577],[6.0988,46.1577],[6.0989,46.1576],[6.0993,46.1574],[6.0998,46.1573],[6.1002,46.1572],[6.1007,46.1569],[6.1012,46.1566],[6.1012,46.1563],[6.1017,46.1561],[6.1027,46.1555],[6.103,46.1549],[6.1053,46.1581],[6.106,46.1589],[6.1061,46.1588],[6.1071,46.1586],[6.1076,46.1584],[6.1082,46.1582],[6.1086,46.1581],[6.1094,46.1577],[6.1098,46.1575],[6.1112,46.1568],[6.1124,46.1563],[6.1129,46.1568],[6.1129,46.1566],[6.1133,46.1564],[6.114,46.1562],[6.1141,46.1561],[6.1145,46.1557],[6.1148,46.1555],[6.1152,46.1553],[6.1158,46.1551],[6.1161,46.155],[6.1167,46.1547],[6.1174,46.1544],[6.1176,46.1544],[6.1177,46.1546],[6.1196,46.154],[6.1229,46.153],[6.1226,46.1523],[6.1224,46.152],[6.1226,46.1521],[6.1231,46.1519],[6.1236,46.1518],[6.124,46.1518],[6.1244,46.1521],[6.1247,46.1523],[6.125,46.1524],[6.1257,46.1528],[6.1262,46.153],[6.1263,46.1531],[6.1267,46.1537],[6.1269,46.1537],[6.1275,46.1536],[6.1288,46.1534],[6.1289,46.1535],[6.1291,46.1534],[6.13,46.1537],[6.1304,46.1537],[6.131,46.1538],[6.1321,46.1541],[6.1329,46.1543],[6.1333,46.1544],[6.1338,46.1548],[6.1348,46.1557],[6.1349,46.1558],[6.1353,46.1556],[6.1357,46.1554],[6.1369,46.1552],[6.1371,46.1552],[6.1378,46.1555],[6.138,46.1554],[6.1392,46.155]]]}},{"type":"Feature","properties":{"id":"ch-ge-6634"},"geometry":{"type":"Polygon","coordinates":[[[6.1285,46.2451],[6.1285,46.245],[6.1292,46.2445],[6.1293,46.2443],[6.1294,46.2439],[6.13,46.2432],[6.1309,46.2419],[6.131,46.2417],[6.1318,46.2407],[6.1321,46.2401],[6.1324,46.2398],[6.1331,46.2394],[6.1333,46.2392],[6.1334,46.239],[6.1336,46.2388],[6.134,46.2385],[6.1343,46.2382],[6.1355,46.2373],[6.1357,46.2371],[6.136,46.237],[6.1356,46.2367],[6.135,46.2365],[6.1345,46.2363],[6.1333,46.2357],[6.1324,46.2354],[6.132,46.2352],[6.1309,46.2344],[6.1304,46.2342],[6.1298,46.2339],[6.1303,46.2336],[6.1307,46.2332],[6.1318,46.2323],[6.1326,46.2317],[6.1329,46.2318],[6.1331,46.2319],[6.1338,46.2312],[6.1341,46.231],[6.1343,46.2308],[6.1346,46.2307],[6.1357,46.2306],[6.1359,46.2306],[6.1363,46.2304],[6.1366,46.2301],[6.1367,46.2297],[6.1368,46.2295],[6.1369,46.2292],[6.1372,46.2289],[6.1373,46.2287],[6.1375,46.2284],[6.1379,46.2282],[6.1382,46.2281],[6.1384,46.2282],[6.1385,46.2282],[6.1388,46.2286],[6.1388,46.2289],[6.1388,46.2294],[6.1387,46.2298],[6.1385,46.2303],[6.1393,46.2302],[6.1402,46.23],[6.1428,46.2293],[6.1429,46.2296],[6.1434,46.2307],[6.1436,46.2302],[6.1437,46.2301],[6.1441,46.2299],[6.1456,46.2289],[6.1458,46.2289],[6.1462,46.2287],[6.1464,46.2286],[6.1468,46.2284],[6.1472,46.2283],[6.148,46.2282],[6.149,46.228],[6.1489,46.2278],[6.1496,46.2276],[6.1496,46.2277],[6.1496,46.228],[6.1498,46.228],[6.1498,46.2282],[6.1498,46.2284],[6.1497,46.2287],[6.1497,46.2288],[6.1498,46.2293],[6.1499,46.2294],[6.15,46.2299],[6.1502,46.2301],[6.1503,46.2304],[6.1503,46.2307],[6.1503,46.2308],[6.1503,46.231],[6.1501,46.231],[6.1501,46.2315],[6.1507,46.2315],[6.1507,46.2316],[6.1505,46.2318],[6.15,46.2322],[6.15,46.2323],[6.1501,46.2325],[6.1506,46.2329],[6.1509,46.2332],[6.151,46.2333],[6.1509,46.2335],[6.151,46.2337],[6.1509,46.2338],[6.1509,46.2339],[6.1508,46.2342],[6.1505,46.2345],[6.1507,46.2345],[6.1507,46.2347],[6.1506,46.235],[6.1504,46.2352],[6.1503,46.2354],[6.1503,46.2356],[6.1504,46.2356],[6.1502,46.2359],[6.1503,46.236],[6.1503,46.2362],[6.1505,46.2365],[6.1507,46.2366],[6.1507,46.237],[6.1508,46.2373],[6.1509,46.2376],[6.151,46.2384],[6.1511,46.2393],[6.1512,46.2395],[6.1514,46.2395],[6.1514,46.2397],[6.1515,46.2401],[6.1518,46.2404],[6.152,46.2405],[6.1519,46.2406],[6.1522,46.2411],[6.1522,46.2417],[6.1524,46.2419],[6.1527,46.2421],[6.1528,46.2422],[6.1531,46.2427],[6.1532,46.2428],[6.1532,46.243],[6.1528,46.2439],[6.1528,46.244],[6.1527,46.2443],[6.1527,46.2444],[6.1532,46.2444],[6.1532,46.2445],[6.1528,46.2444],[6.1528,46.2446],[6.1529,46.2447],[6.1531,46.2447],[6.1533,46.2451],[6.1533,46.2452],[6.1536,46.2455],[6.1538,46.2456],[6.1536,46.2457],[6.1523,46.2463],[6.152,46.2464],[6.1517,46.2464],[6.1504,46.2463],[6.1501,46.2464],[6.1497,46.2467],[6.1492,46.2469],[6.1482,46.2473],[6.1476,46.2477],[6.1476,46.2478],[6.1472,46.248],[6.1469,46.248],[6.1463,46.2482],[6.1458,46.2485],[6.1448,46.249],[6.1439,46.2495],[6.1431,46.2501],[6.1428,46.2503],[6.1421,46.2509],[6.1418,46.251],[6.141,46.2509],[6.1404,46.2507],[6.1394,46.2503],[6.1392,46.2501],[6.1389,46.25],[6.138,46.2495],[6.1376,46.2494],[6.1368,46.2491],[6.1362,46.249],[6.1357,46.2488],[6.1352,46.2486],[6.1351,46.2486],[6.1347,46.2485],[6.1337,46.2481],[6.133,46.2478],[6.1319,46.2474],[6.1314,46.2471],[6.1309,46.2469],[6.1303,46.2466],[6.1294,46.2459],[6.1287,46.2455],[6.1285,46.2452],[6.1285,46.2451]]]}},{"type":"Feature","properties":{"id":"ch-ge-6635"},"geometry":{"type":"Polygon","coordinates":[[[6.234,46.2184],[6.235,46.2184],[6.2356,46.2183],[6.2362,46.2182],[6.2366,46.2181],[6.2372,46.2179],[6.2378,46.2177],[6.2379,46.2178],[6.238,46.218],[6.2383,46.2184],[6.2386,46.2187],[6.2387,46.2189],[6.2408,46.2182],[6.2421,46.2178],[6.2424,46.2178],[6.2428,46.218],[6.243,46.2181],[6.2431,46.218],[6.2445,46.2177],[6.2452,46.2174],[6.2457,46.2166],[6.2466,46.2163],[6.2471,46.2161],[6.2476,46.2159],[6.2477,46.2158],[6.2473,46.2152],[6.2471,46.215],[6.2467,46.2144],[6.2462,46.2137],[6.246,46.2136],[6.246,46.2135],[6.2455,46.2128],[6.2452,46.2125],[6.2437,46.2115],[6.2413,46.2099],[6.2411,46.2098],[6.241,46.2088],[6.241,46.2086],[6.2411,46.2084],[6.2424,46.2079],[6.2428,46.2077],[6.2435,46.2075],[6.2447,46.207],[6.2447,46.2069],[6.2449,46.2068],[6.2455,46.2066],[6.2461,46.2064],[6.2463,46.2061],[6.2462,46.2059],[6.2465,46.2058],[6.2471,46.2054],[6.2474,46.2053],[6.2478,46.2052],[6.2483,46.2052],[6.2488,46.2052],[6.2495,46.205],[6.2496,46.2052],[6.2495,46.2054],[6.2492,46.2057],[6.2492,46.2059],[6.2499,46.2064],[6.2508,46.2068],[6.2517,46.2072],[6.2519,46.2074],[6.2526,46.208],[6.2531,46.2085],[6.2538,46.209],[6.2541,46.2093],[6.2542,46.2093],[6.2545,46.2092],[6.2548,46.2092],[6.2555,46.2098],[6.2559,46.21],[6.2561,46.2101],[6.2568,46.2103],[6.2573,46.2103],[6.2582,46.2106],[6.259,46.2109],[6.2593,46.211],[6.2596,46.2111],[6.2599,46.2112],[6.2607,46.2115],[6.2612,46.2118],[6.2615,46.2118],[6.2621,46.212],[6.2625,46.2122],[6.263,46.2125],[6.2631,46.2126],[6.2633,46.2126],[6.2635,46.2126],[6.2641,46.2127],[6.2646,46.2129],[6.2655,46.2131],[6.2657,46.2132],[6.2661,46.2135],[6.2663,46.2136],[6.2667,46.2137],[6.2674,46.2138],[6.2677,46.2137],[6.2681,46.2135],[6.2683,46.2135],[6.2688,46.2136],[6.2693,46.2137],[6.2704,46.2142],[6.2708,46.2143],[6.2719,46.2145],[6.2725,46.2147],[6.2731,46.2148],[6.2739,46.2148],[6.2748,46.215],[6.2752,46.2151],[6.2767,46.2155],[6.2771,46.2156],[6.2777,46.216],[6.2781,46.2163],[6.2787,46.2167],[6.2794,46.2171],[6.2803,46.2176],[6.2809,46.218],[6.2814,46.2183],[6.2821,46.2186],[6.2836,46.2195],[6.2844,46.22],[6.2861,46.2208],[6.2878,46.2218],[6.2883,46.2221],[6.2892,46.2229],[6.2896,46.2231],[6.2905,46.2235],[6.2913,46.2238],[6.2908,46.2244],[6.2904,46.2247],[6.2901,46.2249],[6.2894,46.2253],[6.2888,46.2254],[6.2884,46.2254],[6.2878,46.2253],[6.2874,46.2252],[6.287,46.2251],[6.2867,46.225],[6.286,46.2252],[6.2859,46.2252],[6.2856,46.2248],[6.2854,46.2249],[6.2852,46.2248],[6.2838,46.2249],[6.2836,46.2249],[6.2826,46.2251],[6.2823,46.2252],[6.281,46.2255],[6.2804,46.2256],[6.2794,46.2259],[6.279,46.2254],[6.2788,46.2251],[6.2786,46.2249],[6.2781,46.2245],[6.2779,46.2244],[6.2775,46.2247],[6.2771,46.2249],[6.2766,46.2253],[6.2763,46.2256],[6.2761,46.2254],[6.2757,46.2251],[6.275,46.225],[6.2748,46.225],[6.2739,46.2252],[6.2737,46.2252],[6.2735,46.2252],[6.2732,46.2251],[6.2727,46.2249],[6.2721,46.2246],[6.2719,46.2245],[6.2718,46.2244],[6.2716,46.2243],[6.2712,46.2243],[6.2707,46.2241],[6.2704,46.224],[6.2696,46.2236],[6.2689,46.2232],[6.267,46.2237],[6.2665,46.2239],[6.2653,46.2239],[6.2648,46.2241],[6.2646,46.224],[6.2643,46.224],[6.264,46.2241],[6.2635,46.224],[6.2633,46.2239],[6.2627,46.2238],[6.2623,46.2239],[6.2621,46.2239],[6.2619,46.2237],[6.2616,46.2237],[6.2614,46.2236],[6.261,46.2235],[6.2607,46.2235],[6.2606,46.2236],[6.2605,46.2236],[6.2602,46.2236],[6.2599,46.2236],[6.2597,46.2236],[6.2593,46.2236],[6.2589,46.2235],[6.2586,46.2235],[6.2586,46.2234],[6.2579,46.223],[6.2575,46.223],[6.2572,46.2231],[6.2567,46.2231],[6.2567,46.2233],[6.2562,46.2233],[6.256,46.2233],[6.2557,46.2233],[6.2555,46.2233],[6.2554,46.2232],[6.2551,46.2231],[6.2551,46.2229],[6.2548,46.2227],[6.2547,46.2226],[6.2545,46.2226],[6.2542,46.2226],[6.2541,46.2225],[6.2536,46.2223],[6.2535,46.2222],[6.2528,46.2219],[6.2527,46.2218],[6.2526,46.2218],[6.2525,46.2217],[6.2521,46.2214],[6.252,46.2213],[6.2514,46.2222],[6.2511,46.2225],[6.2502,46.2238],[6.25,46.2242],[6.249,46.2257],[6.2488,46.2259],[6.2485,46.2261],[6.2482,46.2264],[6.248,46.2265],[6.247,46.2269],[6.2467,46.2269],[6.2466,46.2268],[6.2464,46.2266],[6.2461,46.226],[6.2434,46.2266],[6.2433,46.2262],[6.2432,46.2262],[6.243,46.2258],[6.2424,46.2235],[6.2423,46.2235],[6.2416,46.2238],[6.2408,46.2241],[6.2386,46.2216],[6.2372,46.2207],[6.2369,46.2209],[6.2367,46.2208],[6.2358,46.2201],[6.2355,46.2203],[6.2349,46.2199],[6.2348,46.2196],[6.2344,46.2195],[6.2343,46.2193],[6.234,46.2184]]]}},{"type":"Feature","properties":{"id":"ch-ge-6636"},"geometry":{"type":"Polygon","coordinates":[[[6.2171,46.2105],[6.2173,46.2092],[6.2173,46.209],[6.2174,46.2087],[6.2176,46.2085],[6.2177,46.2082],[6.218,46.208],[6.2182,46.2078],[6.2215,46.2054],[6.2219,46.205],[6.2223,46.2046],[6.2224,46.2044],[6.2226,46.2041],[6.2224,46.204],[6.2227,46.2037],[6.2227,46.2036],[6.2245,46.2013],[6.2246,46.2016],[6.2249,46.2019],[6.2254,46.202],[6.2257,46.2022],[6.226,46.2023],[6.2261,46.2023],[6.2265,46.202],[6.2267,46.202],[6.2277,46.2025],[6.2279,46.2025],[6.2282,46.2025],[6.228,46.2028],[6.2278,46.2029],[6.2277,46.2033],[6.2278,46.2034],[6.2282,46.2034],[6.2285,46.2034],[6.2289,46.2034],[6.2291,46.2034],[6.2295,46.2035],[6.2299,46.2034],[6.2302,46.2036],[6.2303,46.2037],[6.23,46.2042],[6.2301,46.2044],[6.2302,46.2045],[6.2304,46.2046],[6.2305,46.2045],[6.2306,46.2044],[6.2308,46.2044],[6.231,46.2044],[6.2312,46.2048],[6.2314,46.2049],[6.2317,46.2049],[6.2318,46.2052],[6.232,46.2054],[6.2322,46.2056],[6.2324,46.2057],[6.2326,46.206],[6.2328,46.206],[6.2331,46.206],[6.2333,46.2059],[6.2335,46.206],[6.2336,46.2062],[6.2338,46.2064],[6.234,46.2064],[6.2345,46.2064],[6.235,46.2063],[6.2354,46.2064],[6.2358,46.2065],[6.2362,46.2064],[6.2366,46.2065],[6.2368,46.2064],[6.2367,46.2062],[6.2368,46.2061],[6.2371,46.2061],[6.2375,46.206],[6.2377,46.2059],[6.2378,46.2058],[6.2381,46.2056],[6.2382,46.2056],[6.2389,46.2052],[6.2391,46.2051],[6.2401,46.2052],[6.2403,46.2051],[6.2406,46.2052],[6.2408,46.2052],[6.241,46.2051],[6.241,46.205],[6.2409,46.2049],[6.2413,46.2048],[6.2416,46.2048],[6.2417,46.2048],[6.2419,46.2047],[6.242,46.2048],[6.2422,46.2048],[6.2426,46.205],[6.2428,46.205],[6.2428,46.2048],[6.2427,46.2047],[6.243,46.2045],[6.2431,46.2047],[6.2433,46.2048],[6.2442,46.2048],[6.2444,46.2048],[6.2448,46.2048],[6.2451,46.205],[6.2447,46.2069],[6.2447,46.207],[6.2435,46.2075],[6.2428,46.2077],[6.2424,46.2079],[6.2411,46.2084],[6.241,46.2086],[6.241,46.2088],[6.2411,46.2098],[6.2413,46.2099],[6.2437,46.2115],[6.2452,46.2125],[6.2455,46.2128],[6.246,46.2135],[6.246,46.2136],[6.2462,46.2137],[6.2467,46.2144],[6.2471,46.215],[6.2473,46.2152],[6.2477,46.2158],[6.2476,46.2159],[6.2471,46.2161],[6.2466,46.2163],[6.2457,46.2166],[6.2452,46.2174],[6.2445,46.2177],[6.2431,46.218],[6.243,46.2181],[6.2428,46.218],[6.2424,46.2178],[6.2421,46.2178],[6.2408,46.2182],[6.2387,46.2189],[6.2386,46.2187],[6.2383,46.2184],[6.238,46.218],[6.2379,46.2178],[6.2378,46.2177],[6.2372,46.2179],[6.2366,46.2181],[6.2362,46.2182],[6.2356,46.2183],[6.235,46.2184],[6.234,46.2184],[6.234,46.2183],[6.2334,46.2165],[6.2327,46.2166],[6.2322,46.2155],[6.2317,46.2156],[6.2312,46.2157],[6.2309,46.2158],[6.2301,46.216],[6.2295,46.2161],[6.2289,46.2162],[6.2281,46.2163],[6.2284,46.2172],[6.2284,46.2173],[6.228,46.2173],[6.227,46.2174],[6.2263,46.2175],[6.2259,46.2176],[6.2248,46.2165],[6.2243,46.216],[6.221,46.2133],[6.2207,46.2135],[6.2205,46.2132],[6.2198,46.2128],[6.2196,46.2125],[6.2192,46.2119],[6.219,46.2116],[6.218,46.2108],[6.2178,46.2106],[6.2175,46.2105],[6.2172,46.2104],[6.2171,46.2105]]]}},{"type":"Feature","properties":{"id":"ch-ge-6637"},"geometry":{"type":"Polygon","coordinates":[[[6.0314,46.199],[6.031,46.1995],[6.0309,46.1995],[6.0307,46.1995],[6.0305,46.1995],[6.0303,46.1995],[6.0299,46.1995],[6.0297,46.1995],[6.0295,46.1994],[6.0293,46.1995],[6.0291,46.1994],[6.0288,46.1993],[6.0286,46.1992],[6.0279,46.1992],[6.0277,46.1991],[6.0275,46.1992],[6.0272,46.1992],[6.0265,46.1992],[6.0264,46.1993],[6.0263,46.1993],[6.0262,46.1995],[6.0259,46.1996],[6.0254,46.1997],[6.0249,46.1998],[6.0248,46.1998],[6.0247,46.1999],[6.0246,46.1998],[6.0238,46.2],[6.0236,46.2001],[6.0235,46.2001],[6.0233,46.2001],[6.0231,46.2],[6.0226,46.2001],[6.0222,46.2],[6.0219,46.2002],[6.0216,46.2001],[6.0209,46.2004],[6.0208,46.2004],[6.0205,46.2003],[6.0203,46.2001],[6.0201,46.2001],[6.02,46.2001],[6.0198,46.2001],[6.0194,46.2003],[6.0192,46.2003],[6.0188,46.2003],[6.0186,46.2002],[6.0175,46.2003],[6.0173,46.2002],[6.0169,46.2002],[6.0169,46.2003],[6.0166,46.2003],[6.0167,46.2004],[6.0169,46.2005],[6.0166,46.2006],[6.016,46.2007],[6.016,46.2008],[6.016,46.2011],[6.0159,46.2012],[6.0154,46.2014],[6.0153,46.2016],[6.0152,46.2019],[6.015,46.2021],[6.0148,46.2021],[6.0148,46.2023],[6.0144,46.2024],[6.0141,46.2024],[6.0138,46.2026],[6.0136,46.2026],[6.0135,46.2027],[6.0132,46.2028],[6.0132,46.2029],[6.0128,46.2031],[6.0128,46.2032],[6.0127,46.2032],[6.0126,46.2033],[6.0126,46.2034],[6.0123,46.2036],[6.0123,46.2037],[6.0123,46.2039],[6.0118,46.2039],[6.0112,46.2038],[6.0099,46.2035],[6.0097,46.2034],[6.0097,46.2028],[6.0096,46.2028],[6.0089,46.2031],[6.0085,46.2032],[6.0085,46.2034],[6.0083,46.2048],[6.0096,46.2054],[6.0095,46.2061],[6.0094,46.2062],[6.0079,46.208],[6.0092,46.2085],[6.0092,46.2086],[6.0081,46.2098],[6.008,46.2099],[6.0072,46.2095],[6.0063,46.2091],[6.0043,46.2083],[6.0021,46.2073],[6.0006,46.2073],[6.0002,46.2072],[5.9999,46.2073],[5.9998,46.2074],[5.9996,46.2075],[5.9995,46.2081],[5.9996,46.2085],[5.9989,46.2085],[5.9988,46.2084],[5.9981,46.2085],[5.998,46.2086],[5.9978,46.2085],[5.9975,46.2083],[5.9971,46.2083],[5.9968,46.2082],[5.9962,46.2085],[5.9959,46.2086],[5.9957,46.2087],[5.9947,46.2093],[5.9943,46.209],[5.9937,46.2091],[5.9928,46.2089],[5.9923,46.2086],[5.9923,46.2084],[5.9924,46.2083],[5.9941,46.2073],[5.9949,46.204],[5.9989,46.2023],[5.9999,46.2016],[6.0013,46.2009],[6.0016,46.2002],[6.0019,46.1995],[6.0039,46.1976],[6.0036,46.1968],[6.0023,46.1953],[6.0023,46.1952],[6.0031,46.194],[6.0036,46.1935],[6.0045,46.1927],[6.0052,46.1914],[6.0059,46.1897],[6.0068,46.1887],[6.0069,46.1878],[6.0072,46.1868],[6.009,46.1856],[6.0098,46.1849],[6.0103,46.1837],[6.0099,46.1826],[6.0093,46.1819],[6.0086,46.1805],[6.0092,46.1795],[6.0097,46.1779],[6.0097,46.1773],[6.0097,46.1769],[6.0102,46.1768],[6.0104,46.1768],[6.0108,46.1769],[6.0132,46.1774],[6.0136,46.1775],[6.0141,46.1776],[6.0146,46.1779],[6.0153,46.1785],[6.0156,46.1788],[6.0167,46.1802],[6.0169,46.1805],[6.0171,46.1807],[6.0174,46.1809],[6.0177,46.1811],[6.018,46.1813],[6.0183,46.1814],[6.0187,46.1816],[6.019,46.1817],[6.0221,46.1826],[6.0224,46.1827],[6.023,46.1829],[6.0236,46.1832],[6.0242,46.1835],[6.0287,46.1862],[6.0298,46.1868],[6.0301,46.187],[6.0304,46.1873],[6.0306,46.1875],[6.0308,46.1877],[6.031,46.188],[6.0312,46.1883],[6.0313,46.1886],[6.0313,46.1889],[6.0314,46.1892],[6.0313,46.1895],[6.0313,46.1898],[6.0312,46.1901],[6.031,46.1904],[6.0309,46.1907],[6.0287,46.1935],[6.0285,46.1939],[6.0283,46.1942],[6.0282,46.1946],[6.0281,46.1949],[6.0281,46.1953],[6.0282,46.1957],[6.0282,46.196],[6.0284,46.1963],[6.0285,46.1965],[6.0287,46.1968],[6.0289,46.1971],[6.0291,46.1973],[6.0301,46.1983],[6.0305,46.1986],[6.0309,46.1988],[6.0314,46.199]]]}},{"type":"Feature","properties":{"id":"ch-ge-6638"},"geometry":{"type":"Polygon","coordinates":[[[6.0598,46.1929],[6.0626,46.1934],[6.0632,46.1935],[6.0638,46.1937],[6.0644,46.1939],[6.065,46.1942],[6.0656,46.1945],[6.0661,46.1948],[6.0666,46.1952],[6.067,46.1956],[6.0673,46.1961],[6.0677,46.1967],[6.0683,46.1981],[6.0687,46.1987],[6.0689,46.1992],[6.0692,46.1996],[6.0695,46.2],[6.0699,46.2004],[6.0706,46.2011],[6.0709,46.2013],[6.0712,46.2015],[6.0715,46.2017],[6.0722,46.2021],[6.0729,46.2023],[6.0732,46.2023],[6.0738,46.2024],[6.0737,46.203],[6.0732,46.2031],[6.0731,46.2032],[6.0729,46.2032],[6.0728,46.2032],[6.0724,46.2032],[6.0721,46.2035],[6.0719,46.2039],[6.0716,46.2043],[6.0716,46.2044],[6.0719,46.2046],[6.0718,46.2048],[6.0722,46.205],[6.0721,46.2053],[6.0721,46.2055],[6.0722,46.2058],[6.0724,46.2062],[6.0725,46.2062],[6.0731,46.2071],[6.0732,46.2074],[6.0733,46.2076],[6.0733,46.2079],[6.0731,46.2082],[6.0729,46.2084],[6.0719,46.2092],[6.0717,46.2093],[6.0715,46.2092],[6.0707,46.2089],[6.0706,46.209],[6.0701,46.2096],[6.07,46.2098],[6.0695,46.2104],[6.0693,46.2107],[6.069,46.211],[6.0697,46.2114],[6.0705,46.2118],[6.0716,46.2123],[6.0723,46.2127],[6.0725,46.2129],[6.0728,46.2132],[6.0733,46.2135],[6.0737,46.2137],[6.0744,46.2139],[6.0741,46.2142],[6.0737,46.2144],[6.0728,46.2147],[6.0711,46.2155],[6.0702,46.216],[6.0691,46.2167],[6.0688,46.2169],[6.0689,46.2169],[6.0696,46.2173],[6.0679,46.2187],[6.0671,46.2194],[6.0648,46.221],[6.0637,46.2218],[6.0629,46.2223],[6.0612,46.2236],[6.0595,46.2248],[6.0577,46.2261],[6.0556,46.2278],[6.0535,46.2292],[6.0527,46.2293],[6.0502,46.2298],[6.0498,46.2299],[6.0489,46.2303],[6.0482,46.2305],[6.048,46.2305],[6.0475,46.2308],[6.0469,46.2311],[6.0461,46.2314],[6.0421,46.2333],[6.0389,46.2352],[6.0336,46.2386],[6.0322,46.2376],[6.0301,46.2365],[6.0293,46.2357],[6.0287,46.2353],[6.0276,46.2348],[6.027,46.2343],[6.0268,46.2343],[6.0264,46.2344],[6.0259,46.2341],[6.0257,46.2337],[6.0257,46.2336],[6.0256,46.2334],[6.0255,46.2332],[6.0254,46.2332],[6.0251,46.2332],[6.0249,46.2331],[6.0247,46.2331],[6.0246,46.2332],[6.0243,46.2331],[6.0242,46.2331],[6.0237,46.2332],[6.0234,46.2331],[6.0232,46.2329],[6.0231,46.2327],[6.0229,46.2327],[6.0226,46.2326],[6.0223,46.2327],[6.0222,46.2325],[6.0218,46.2326],[6.0216,46.2326],[6.0214,46.2326],[6.0214,46.2325],[6.0214,46.2323],[6.0212,46.2323],[6.021,46.2324],[6.0209,46.2323],[6.0206,46.2323],[6.0206,46.2322],[6.0204,46.2322],[6.0202,46.2323],[6.0199,46.2322],[6.02,46.2321],[6.0199,46.2319],[6.0197,46.2319],[6.0196,46.2318],[6.0194,46.2318],[6.0189,46.2318],[6.0188,46.2318],[6.0187,46.2316],[6.0182,46.2317],[6.018,46.2316],[6.0174,46.2316],[6.0164,46.232],[6.0163,46.2318],[6.0161,46.2314],[6.0155,46.2306],[6.0152,46.2305],[6.0151,46.2304],[6.0147,46.2305],[6.014,46.2307],[6.0137,46.2309],[6.0135,46.231],[6.0132,46.2311],[6.0129,46.2311],[6.0128,46.231],[6.0126,46.2306],[6.0125,46.2303],[6.0126,46.2302],[6.0132,46.2298],[6.0133,46.2297],[6.0134,46.2294],[6.0134,46.2293],[6.0133,46.2291],[6.0129,46.2288],[6.0125,46.2286],[6.0123,46.2285],[6.0119,46.2285],[6.0118,46.2285],[6.0111,46.2286],[6.0106,46.2288],[6.0103,46.2289],[6.01,46.229],[6.0097,46.2291],[6.0095,46.229],[6.0095,46.2289],[6.0095,46.2287],[6.0096,46.2286],[6.0099,46.2283],[6.0102,46.2281],[6.0102,46.2279],[6.0099,46.2274],[6.0097,46.2273],[6.0094,46.2271],[6.009,46.2268],[6.0086,46.2267],[6.0083,46.2265],[6.008,46.2264],[6.0077,46.2264],[6.0072,46.2266],[6.0069,46.2267],[6.0068,46.2267],[6.0066,46.2266],[6.0065,46.2265],[6.0066,46.2263],[6.0066,46.226],[6.0069,46.2257],[6.007,46.2256],[6.007,46.2251],[6.007,46.2247],[6.007,46.2245],[6.0071,46.2243],[6.0072,46.224],[6.0071,46.2239],[6.0069,46.2239],[6.0064,46.2238],[6.0058,46.2237],[6.0056,46.2237],[6.0049,46.2235],[6.0044,46.2233],[6.0041,46.223],[6.0035,46.2228],[6.0032,46.2226],[6.0029,46.2223],[6.0026,46.222],[6.0025,46.2218],[6.0023,46.2215],[6.002,46.2211],[6.0018,46.2207],[6.0015,46.2205],[6.0011,46.2204],[6.0002,46.2201],[6,46.2201],[5.9994,46.2199],[5.9989,46.2197],[5.9986,46.2195],[5.9985,46.2192],[5.9988,46.2185],[5.9988,46.2179],[5.9988,46.2173],[5.9986,46.2171],[5.9979,46.2167],[5.997,46.2163],[5.9967,46.2161],[5.9966,46.2156],[5.9965,46.2153],[5.9964,46.2146],[5.9961,46.2141],[5.9949,46.2129],[5.9948,46.2126],[5.9952,46.2122],[5.9956,46.2114],[5.9947,46.2102],[5.9948,46.2094],[5.9947,46.2093],[5.9957,46.2087],[5.9959,46.2086],[5.9962,46.2085],[5.9968,46.2082],[5.9971,46.2083],[5.9975,46.2083],[5.9978,46.2085],[5.998,46.2086],[5.9981,46.2085],[5.9988,46.2084],[5.9989,46.2085],[5.9996,46.2085],[5.9995,46.2081],[5.9996,46.2075],[5.9998,46.2074],[5.9999,46.2073],[6.0002,46.2072],[6.0006,46.2073],[6.0021,46.2073],[6.0043,46.2083],[6.0063,46.2091],[6.0072,46.2095],[6.008,46.2099],[6.0081,46.2098],[6.0092,46.2086],[6.0092,46.2085],[6.0079,46.208],[6.0094,46.2062],[6.0095,46.2061],[6.0096,46.2054],[6.0083,46.2048],[6.0085,46.2034],[6.0085,46.2032],[6.0089,46.2031],[6.0096,46.2028],[6.0097,46.2028],[6.0097,46.2034],[6.0099,46.2035],[6.0112,46.2038],[6.0118,46.2039],[6.0123,46.2039],[6.0123,46.2037],[6.0123,46.2036],[6.0126,46.2034],[6.0126,46.2033],[6.0127,46.2032],[6.0128,46.2032],[6.0128,46.2031],[6.0132,46.2029],[6.0132,46.2028],[6.0135,46.2027],[6.0136,46.2026],[6.0138,46.2026],[6.0141,46.2024],[6.0144,46.2024],[6.0148,46.2023],[6.0148,46.2021],[6.015,46.2021],[6.0152,46.2019],[6.0153,46.2016],[6.0154,46.2014],[6.0159,46.2012],[6.016,46.2011],[6.016,46.2008],[6.016,46.2007],[6.0166,46.2006],[6.0169,46.2005],[6.0167,46.2004],[6.0166,46.2003],[6.0169,46.2003],[6.0169,46.2002],[6.0173,46.2002],[6.0175,46.2003],[6.0186,46.2002],[6.0188,46.2003],[6.0192,46.2003],[6.0194,46.2003],[6.0198,46.2001],[6.02,46.2001],[6.0201,46.2001],[6.0203,46.2001],[6.0205,46.2003],[6.0208,46.2004],[6.0209,46.2004],[6.0216,46.2001],[6.0219,46.2002],[6.0222,46.2],[6.0226,46.2001],[6.0231,46.2],[6.0233,46.2001],[6.0235,46.2001],[6.0236,46.2001],[6.0238,46.2],[6.0246,46.1998],[6.0247,46.1999],[6.0248,46.1998],[6.0249,46.1998],[6.0254,46.1997],[6.0259,46.1996],[6.0262,46.1995],[6.0263,46.1993],[6.0264,46.1993],[6.0265,46.1992],[6.0272,46.1992],[6.0275,46.1992],[6.0277,46.1991],[6.0279,46.1992],[6.0286,46.1992],[6.0288,46.1993],[6.0291,46.1994],[6.0293,46.1995],[6.0295,46.1994],[6.0297,46.1995],[6.0299,46.1995],[6.0303,46.1995],[6.0305,46.1995],[6.0307,46.1995],[6.0309,46.1995],[6.031,46.1995],[6.0314,46.199],[6.0321,46.1993],[6.0324,46.1994],[6.033,46.1995],[6.0333,46.1995],[6.0339,46.1995],[6.035,46.1993],[6.0356,46.1992],[6.0361,46.1991],[6.0367,46.199],[6.0372,46.1988],[6.0377,46.1986],[6.0382,46.1983],[6.0387,46.198],[6.0403,46.197],[6.0407,46.1968],[6.0409,46.1968],[6.0413,46.1966],[6.0419,46.1965],[6.0422,46.1965],[6.0425,46.1963],[6.0463,46.1943],[6.0466,46.1941],[6.0469,46.194],[6.0472,46.1939],[6.0482,46.1937],[6.0487,46.1937],[6.0493,46.1936],[6.0498,46.1936],[6.0504,46.1936],[6.0509,46.1936],[6.052,46.1937],[6.0524,46.1937],[6.0529,46.1937],[6.0533,46.1936],[6.0537,46.1936],[6.0541,46.1935],[6.0545,46.1934],[6.056,46.193],[6.0564,46.1929],[6.0568,46.1928],[6.0572,46.1927],[6.0576,46.1927],[6.058,46.1927],[6.0584,46.1927],[6.0588,46.1928],[6.0598,46.1929]]]}},{"type":"Feature","properties":{"id":"ch-ge-6639"},"geometry":{"type":"Polygon","coordinates":[[[6.0237,46.1406],[6.0239,46.1404],[6.0241,46.1404],[6.0245,46.1404],[6.0252,46.1404],[6.0255,46.1404],[6.0257,46.1403],[6.0259,46.1403],[6.0262,46.1401],[6.0264,46.1401],[6.0268,46.1401],[6.0273,46.1401],[6.0279,46.1402],[6.028,46.1404],[6.0283,46.1405],[6.0284,46.1405],[6.0285,46.1403],[6.0285,46.1402],[6.0283,46.1401],[6.0282,46.1398],[6.0284,46.1397],[6.0285,46.1398],[6.0288,46.1397],[6.0289,46.1395],[6.029,46.1394],[6.0293,46.1394],[6.0294,46.1395],[6.0296,46.1396],[6.0298,46.1396],[6.0299,46.1395],[6.0298,46.1392],[6.03,46.1391],[6.0305,46.1391],[6.0306,46.1392],[6.0307,46.1394],[6.0309,46.1395],[6.0315,46.1395],[6.0316,46.1394],[6.0317,46.1392],[6.0315,46.1391],[6.0315,46.1389],[6.0317,46.1387],[6.0316,46.1385],[6.0314,46.1381],[6.0316,46.1381],[6.032,46.1384],[6.0325,46.1386],[6.0327,46.1388],[6.033,46.1388],[6.033,46.1386],[6.0328,46.1383],[6.0325,46.1379],[6.0325,46.1378],[6.0327,46.1377],[6.0329,46.1377],[6.0331,46.1378],[6.0334,46.138],[6.0336,46.138],[6.0336,46.1379],[6.0334,46.1376],[6.0334,46.1373],[6.0336,46.1371],[6.0337,46.137],[6.0336,46.1368],[6.0334,46.1366],[6.0335,46.1366],[6.0336,46.1365],[6.034,46.1368],[6.0341,46.1368],[6.0343,46.1369],[6.0346,46.1368],[6.0346,46.1367],[6.0344,46.1363],[6.0343,46.1362],[6.0343,46.1359],[6.0345,46.1357],[6.0346,46.1356],[6.0348,46.1352],[6.0348,46.1349],[6.0349,46.1347],[6.0354,46.1344],[6.0354,46.1347],[6.0354,46.1348],[6.0356,46.1351],[6.0359,46.1361],[6.036,46.1361],[6.0361,46.1366],[6.0362,46.1368],[6.0364,46.1372],[6.0368,46.1378],[6.0371,46.1381],[6.038,46.1386],[6.0393,46.1397],[6.0397,46.1398],[6.0401,46.1399],[6.0407,46.1399],[6.0409,46.1399],[6.0411,46.1401],[6.042,46.1408],[6.0421,46.141],[6.0425,46.1414],[6.0428,46.1413],[6.0449,46.1401],[6.0451,46.14],[6.0469,46.1418],[6.0476,46.1422],[6.0473,46.1425],[6.047,46.1426],[6.0475,46.1441],[6.0485,46.1471],[6.0522,46.1514],[6.0606,46.1512],[6.0672,46.1505],[6.0723,46.15],[6.0743,46.1491],[6.0746,46.1494],[6.0738,46.1502],[6.0735,46.1506],[6.073,46.1511],[6.0729,46.1516],[6.0725,46.1522],[6.0723,46.1525],[6.0721,46.1528],[6.0717,46.1531],[6.0679,46.1555],[6.0661,46.1565],[6.0646,46.1574],[6.0634,46.1582],[6.0613,46.1595],[6.0611,46.1596],[6.0556,46.1574],[6.055,46.1571],[6.0544,46.1568],[6.0538,46.1565],[6.0533,46.156],[6.0529,46.1557],[6.0527,46.1554],[6.051,46.1532],[6.0506,46.1526],[6.0502,46.1521],[6.0497,46.1515],[6.0495,46.1512],[6.0483,46.1497],[6.0475,46.1503],[6.0472,46.1506],[6.0463,46.1516],[6.046,46.1519],[6.0457,46.1521],[6.0449,46.1525],[6.0446,46.1526],[6.0435,46.1528],[6.0423,46.153],[6.0415,46.1523],[6.0412,46.1521],[6.0409,46.1518],[6.0406,46.1517],[6.0401,46.1515],[6.0395,46.1511],[6.0392,46.1509],[6.0391,46.151],[6.0386,46.1514],[6.0362,46.1498],[6.0365,46.1494],[6.0368,46.1487],[6.0369,46.1485],[6.0368,46.1483],[6.0356,46.1477],[6.0337,46.1468],[6.0296,46.1447],[6.029,46.1444],[6.0283,46.1439],[6.0274,46.1432],[6.0271,46.1432],[6.0271,46.143],[6.0269,46.1428],[6.0266,46.1427],[6.0266,46.1426],[6.0264,46.1426],[6.026,46.1424],[6.0258,46.1421],[6.0256,46.1418],[6.0253,46.1415],[6.025,46.1414],[6.0248,46.1413],[6.0243,46.1411],[6.024,46.1408],[6.0239,46.1407],[6.0237,46.1406]]]}},{"type":"Feature","properties":{"id":"ch-ge-6640"},"geometry":{"type":"Polygon","coordinates":[[[6.1813,46.1795],[6.1816,46.1794],[6.1835,46.1793],[6.1849,46.1791],[6.1862,46.1783],[6.1865,46.1786],[6.1866,46.1786],[6.187,46.1786],[6.1873,46.1786],[6.1873,46.1788],[6.1872,46.1789],[6.1872,46.1792],[6.1873,46.1794],[6.1873,46.1795],[6.187,46.1801],[6.187,46.1804],[6.1872,46.1805],[6.1875,46.1805],[6.1877,46.1808],[6.1879,46.1808],[6.1882,46.1808],[6.1884,46.1807],[6.1887,46.1806],[6.189,46.1807],[6.1889,46.1808],[6.1888,46.181],[6.1885,46.1812],[6.1884,46.1814],[6.1884,46.1816],[6.1885,46.1816],[6.1887,46.1816],[6.1894,46.1814],[6.1896,46.1811],[6.1898,46.1811],[6.1903,46.1814],[6.1908,46.1813],[6.1912,46.1813],[6.1915,46.1815],[6.1918,46.1819],[6.1918,46.1821],[6.1919,46.1822],[6.1922,46.1822],[6.1926,46.1821],[6.1927,46.1822],[6.193,46.1825],[6.1932,46.1828],[6.1938,46.1828],[6.1939,46.183],[6.1942,46.183],[6.1943,46.1832],[6.1942,46.1833],[6.1942,46.1834],[6.1949,46.1834],[6.195,46.1835],[6.1948,46.1838],[6.1948,46.184],[6.1949,46.1842],[6.195,46.1842],[6.1954,46.184],[6.1956,46.184],[6.1957,46.1841],[6.1958,46.1842],[6.1959,46.1842],[6.196,46.1842],[6.1962,46.1838],[6.1964,46.1838],[6.1967,46.1838],[6.1969,46.1838],[6.1971,46.1838],[6.1974,46.1835],[6.1978,46.1834],[6.1981,46.1836],[6.1983,46.184],[6.1984,46.1842],[6.1987,46.1844],[6.1988,46.1846],[6.199,46.1848],[6.1989,46.185],[6.1987,46.185],[6.1987,46.1851],[6.1987,46.1853],[6.199,46.1854],[6.199,46.1855],[6.1994,46.1857],[6.1997,46.1858],[6.1998,46.1859],[6.2001,46.186],[6.2003,46.1862],[6.2006,46.1865],[6.2008,46.1866],[6.201,46.1867],[6.2014,46.1867],[6.2016,46.1867],[6.2017,46.1871],[6.2018,46.1873],[6.2018,46.1876],[6.202,46.1877],[6.2017,46.1879],[6.2027,46.1891],[6.203,46.189],[6.2039,46.1891],[6.2038,46.1894],[6.2042,46.1895],[6.2043,46.1897],[6.2047,46.1897],[6.2049,46.1898],[6.2049,46.1899],[6.2047,46.1903],[6.2048,46.1905],[6.2045,46.1907],[6.2049,46.1909],[6.2051,46.1909],[6.2052,46.1909],[6.2051,46.1912],[6.2053,46.1913],[6.2051,46.1914],[6.205,46.1915],[6.2052,46.1918],[6.2058,46.1916],[6.2059,46.1918],[6.2061,46.1919],[6.2063,46.1921],[6.2068,46.1922],[6.2069,46.1923],[6.2075,46.1925],[6.2078,46.1924],[6.2081,46.1925],[6.2084,46.1927],[6.2089,46.1928],[6.2101,46.1928],[6.2108,46.1927],[6.2111,46.1927],[6.2113,46.1924],[6.2116,46.1926],[6.2118,46.1926],[6.2123,46.1928],[6.2123,46.1929],[6.2121,46.193],[6.2116,46.193],[6.2115,46.1931],[6.2117,46.1933],[6.212,46.1933],[6.2123,46.1936],[6.2126,46.1939],[6.2127,46.1939],[6.2128,46.194],[6.2127,46.1943],[6.2128,46.1943],[6.2129,46.1943],[6.213,46.1942],[6.2132,46.1942],[6.2134,46.1943],[6.2137,46.1942],[6.2138,46.1941],[6.2137,46.194],[6.2138,46.1939],[6.214,46.1939],[6.2142,46.194],[6.2143,46.1941],[6.2143,46.1943],[6.2144,46.1946],[6.2146,46.1947],[6.2148,46.1946],[6.215,46.1948],[6.2153,46.1948],[6.2156,46.1949],[6.216,46.1951],[6.2162,46.1954],[6.2162,46.1955],[6.2162,46.1959],[6.2163,46.1961],[6.2163,46.1963],[6.2164,46.1966],[6.2165,46.1967],[6.2167,46.1968],[6.2168,46.1971],[6.2169,46.1972],[6.2171,46.1973],[6.2173,46.1976],[6.2172,46.1977],[6.2173,46.198],[6.2176,46.1981],[6.2179,46.198],[6.2181,46.198],[6.2183,46.1981],[6.2182,46.1984],[6.2182,46.1986],[6.2184,46.1987],[6.2186,46.1987],[6.219,46.1986],[6.2194,46.1985],[6.2196,46.1985],[6.22,46.1986],[6.2204,46.1986],[6.2206,46.1988],[6.221,46.1989],[6.2214,46.199],[6.2217,46.199],[6.222,46.1989],[6.2222,46.199],[6.2222,46.1991],[6.2221,46.1995],[6.2219,46.1996],[6.2216,46.1999],[6.2215,46.2001],[6.2217,46.2004],[6.2219,46.2005],[6.2218,46.2006],[6.2223,46.2007],[6.2224,46.2008],[6.2229,46.201],[6.2234,46.2011],[6.2236,46.2012],[6.2238,46.2013],[6.2242,46.2012],[6.2243,46.2012],[6.2245,46.2013],[6.2227,46.2036],[6.2227,46.2037],[6.2224,46.204],[6.2226,46.2041],[6.2224,46.2044],[6.2223,46.2046],[6.2219,46.205],[6.2215,46.2054],[6.2182,46.2078],[6.218,46.208],[6.2177,46.2082],[6.2176,46.2085],[6.2174,46.2087],[6.2173,46.209],[6.2173,46.2092],[6.2171,46.2105],[6.2169,46.2105],[6.2168,46.2104],[6.2156,46.21],[6.2153,46.21],[6.2151,46.21],[6.2148,46.2101],[6.2146,46.2103],[6.2144,46.2107],[6.2142,46.211],[6.2139,46.2112],[6.2128,46.2117],[6.2125,46.2118],[6.2122,46.2119],[6.212,46.2119],[6.2117,46.2117],[6.2112,46.2115],[6.2108,46.2112],[6.2105,46.2112],[6.2096,46.2109],[6.208,46.2106],[6.2074,46.2106],[6.2069,46.2105],[6.2061,46.2104],[6.2055,46.2102],[6.2053,46.2101],[6.205,46.21],[6.2043,46.2098],[6.2042,46.2097],[6.2041,46.2096],[6.2037,46.2092],[6.2049,46.2081],[6.2049,46.2059],[6.2047,46.205],[6.2044,46.2045],[6.2049,46.2042],[6.2038,46.2033],[6.2042,46.2029],[6.2045,46.2026],[6.2054,46.2007],[6.2042,46.2002],[6.2043,46.2001],[6.2053,46.1992],[6.2049,46.1991],[6.2047,46.199],[6.2042,46.1987],[6.2037,46.1985],[6.2035,46.1984],[6.2032,46.1982],[6.203,46.198],[6.2027,46.1976],[6.2025,46.1975],[6.2026,46.1974],[6.2032,46.1974],[6.2027,46.1962],[6.2019,46.196],[6.2007,46.1959],[6.2001,46.1958],[6.1988,46.1921],[6.1983,46.1907],[6.1982,46.1906],[6.1976,46.1908],[6.1972,46.1909],[6.1967,46.1911],[6.1964,46.1906],[6.1959,46.19],[6.196,46.19],[6.1953,46.1902],[6.1949,46.1904],[6.1947,46.1904],[6.1941,46.1907],[6.1933,46.1907],[6.193,46.1907],[6.1924,46.191],[6.1916,46.1912],[6.1915,46.1911],[6.1913,46.1909],[6.1909,46.1907],[6.1904,46.1906],[6.1903,46.1905],[6.1902,46.1905],[6.1896,46.1903],[6.1888,46.19],[6.1879,46.1901],[6.1874,46.1901],[6.1867,46.1902],[6.1866,46.19],[6.1864,46.1898],[6.1862,46.1894],[6.186,46.1891],[6.1861,46.1889],[6.186,46.1888],[6.1859,46.1888],[6.1854,46.1886],[6.185,46.1884],[6.185,46.1882],[6.1849,46.1882],[6.1846,46.188],[6.1845,46.1878],[6.1843,46.1877],[6.1844,46.1874],[6.184,46.1872],[6.1839,46.1869],[6.1837,46.1867],[6.1833,46.1866],[6.1832,46.1865],[6.1833,46.1863],[6.1834,46.1861],[6.1836,46.186],[6.1836,46.1858],[6.1834,46.1856],[6.1835,46.1854],[6.1832,46.185],[6.1833,46.1848],[6.1832,46.1847],[6.1833,46.1845],[6.1833,46.1844],[6.1831,46.1843],[6.1828,46.1845],[6.1826,46.1845],[6.1826,46.1844],[6.1828,46.1839],[6.1828,46.1837],[6.1829,46.1834],[6.183,46.1831],[6.1834,46.1829],[6.1837,46.1827],[6.1838,46.1825],[6.184,46.1823],[6.1842,46.1822],[6.1842,46.1821],[6.1842,46.182],[6.184,46.1819],[6.1838,46.1816],[6.1839,46.1813],[6.184,46.1811],[6.1839,46.181],[6.1837,46.1809],[6.1835,46.1809],[6.1832,46.181],[6.183,46.1809],[6.1829,46.1806],[6.1829,46.1803],[6.1829,46.1802],[6.1827,46.1801],[6.1825,46.1801],[6.1822,46.1801],[6.1819,46.1801],[6.1818,46.1799],[6.1813,46.1795]]]}},{"type":"Feature","properties":{"id":"ch-ge-6641"},"geometry":{"type":"Polygon","coordinates":[[[6.1463,46.1472],[6.1486,46.1501],[6.1494,46.1503],[6.1497,46.1505],[6.1508,46.1509],[6.1513,46.1512],[6.1539,46.1522],[6.1564,46.1526],[6.1567,46.1526],[6.1573,46.1527],[6.1576,46.1528],[6.158,46.1534],[6.1596,46.1539],[6.1613,46.1545],[6.1638,46.1554],[6.1671,46.1566],[6.1685,46.1572],[6.1707,46.1572],[6.1723,46.1574],[6.1742,46.1578],[6.1754,46.1584],[6.1748,46.159],[6.1745,46.159],[6.1736,46.1598],[6.1729,46.1606],[6.1683,46.1601],[6.1682,46.1602],[6.1651,46.1598],[6.1645,46.1597],[6.1637,46.1596],[6.1635,46.1596],[6.1602,46.1618],[6.1596,46.1622],[6.1571,46.1639],[6.1568,46.164],[6.1583,46.1654],[6.1574,46.1658],[6.1564,46.166],[6.1562,46.1661],[6.1556,46.1666],[6.1548,46.1671],[6.1547,46.1671],[6.1542,46.1663],[6.1537,46.1666],[6.1529,46.167],[6.1527,46.1671],[6.1524,46.1672],[6.1519,46.1675],[6.1515,46.1677],[6.1512,46.1678],[6.1511,46.1679],[6.1508,46.168],[6.1506,46.1681],[6.1504,46.1682],[6.1496,46.1686],[6.1495,46.1686],[6.149,46.1688],[6.1487,46.1689],[6.148,46.1688],[6.1478,46.1688],[6.1475,46.1687],[6.1474,46.1686],[6.1472,46.1686],[6.147,46.1686],[6.1469,46.1686],[6.1466,46.1687],[6.1464,46.1687],[6.1459,46.1688],[6.1458,46.1687],[6.1456,46.1688],[6.145,46.1687],[6.1447,46.1688],[6.1445,46.1688],[6.1443,46.1687],[6.1441,46.1686],[6.144,46.1686],[6.1437,46.1686],[6.1434,46.1686],[6.1433,46.1685],[6.1431,46.1686],[6.1429,46.1686],[6.1423,46.1684],[6.1421,46.1684],[6.142,46.1683],[6.1418,46.1683],[6.1416,46.1684],[6.1415,46.1687],[6.1414,46.1687],[6.1413,46.1685],[6.1412,46.1683],[6.1408,46.1683],[6.1407,46.168],[6.1406,46.1678],[6.1404,46.1671],[6.1397,46.165],[6.1395,46.1644],[6.1394,46.1642],[6.1393,46.1637],[6.1391,46.1633],[6.1391,46.1632],[6.1389,46.1618],[6.1388,46.1612],[6.1388,46.1608],[6.1387,46.1608],[6.1387,46.1604],[6.1385,46.1597],[6.1385,46.1593],[6.1386,46.1589],[6.1387,46.1587],[6.1393,46.1578],[6.1396,46.1573],[6.1397,46.1568],[6.1398,46.1567],[6.1398,46.1566],[6.1396,46.1564],[6.1394,46.1556],[6.1392,46.1549],[6.1392,46.155],[6.1391,46.1545],[6.1391,46.1541],[6.1392,46.1537],[6.1392,46.1533],[6.139,46.1526],[6.1389,46.1521],[6.1386,46.1513],[6.1384,46.1508],[6.1396,46.1507],[6.1403,46.1505],[6.1407,46.1503],[6.1414,46.15],[6.1418,46.1499],[6.1424,46.1499],[6.1428,46.1496],[6.1432,46.1494],[6.144,46.149],[6.1446,46.1485],[6.1447,46.1484],[6.1451,46.1484],[6.1453,46.1481],[6.1453,46.1479],[6.1453,46.1477],[6.1455,46.1476],[6.1459,46.1473],[6.1463,46.1472]]]}},{"type":"Feature","properties":{"id":"ch-ge-6642"},"geometry":{"type":"Polygon","coordinates":[[[6.2011,46.2072],[6.2012,46.2075],[6.2013,46.2076],[6.2017,46.2077],[6.2018,46.208],[6.2018,46.2082],[6.202,46.2084],[6.2023,46.2087],[6.2025,46.2088],[6.2031,46.209],[6.2034,46.2091],[6.2037,46.2092],[6.2041,46.2096],[6.2042,46.2097],[6.2043,46.2098],[6.205,46.21],[6.2053,46.2101],[6.2055,46.2102],[6.2061,46.2104],[6.2069,46.2105],[6.2074,46.2106],[6.208,46.2106],[6.2096,46.2109],[6.2105,46.2112],[6.2108,46.2112],[6.2112,46.2115],[6.2117,46.2117],[6.212,46.2119],[6.2122,46.2119],[6.2125,46.2118],[6.2128,46.2117],[6.2139,46.2112],[6.2142,46.211],[6.2144,46.2107],[6.2146,46.2103],[6.2148,46.2101],[6.2151,46.21],[6.2153,46.21],[6.2156,46.21],[6.2168,46.2104],[6.2169,46.2105],[6.2167,46.212],[6.2166,46.2124],[6.2168,46.2125],[6.2168,46.2126],[6.217,46.2127],[6.2173,46.2128],[6.2179,46.2134],[6.2187,46.214],[6.2189,46.2142],[6.2192,46.2147],[6.2194,46.2151],[6.2195,46.2155],[6.2196,46.2158],[6.2195,46.2164],[6.2195,46.2165],[6.2196,46.2169],[6.2199,46.218],[6.2199,46.2183],[6.2196,46.2186],[6.2193,46.2188],[6.2191,46.219],[6.2186,46.2194],[6.2183,46.2198],[6.2178,46.2203],[6.2176,46.2204],[6.2167,46.2218],[6.2168,46.2222],[6.2171,46.2226],[6.2177,46.2236],[6.2183,46.2248],[6.2182,46.2249],[6.2174,46.2255],[6.217,46.2257],[6.2161,46.226],[6.2156,46.2261],[6.2148,46.2261],[6.2138,46.2262],[6.2137,46.2262],[6.2135,46.2262],[6.2134,46.2259],[6.2126,46.2259],[6.2122,46.2261],[6.2115,46.2263],[6.2111,46.2265],[6.2108,46.2267],[6.2103,46.2268],[6.2099,46.2271],[6.2098,46.2273],[6.2092,46.2276],[6.2089,46.2277],[6.2086,46.2278],[6.208,46.2282],[6.2064,46.2292],[6.2063,46.2293],[6.2058,46.2299],[6.2053,46.2307],[6.205,46.2311],[6.2047,46.2316],[6.2044,46.2315],[6.2039,46.2312],[6.2035,46.2314],[6.2028,46.232],[6.2023,46.2325],[6.2017,46.2329],[6.2004,46.2317],[6.1986,46.2302],[6.1972,46.2289],[6.1964,46.2283],[6.1958,46.2278],[6.1934,46.2257],[6.1923,46.2247],[6.1903,46.2231],[6.1893,46.2222],[6.1888,46.2218],[6.1883,46.2212],[6.1877,46.2207],[6.1892,46.2198],[6.19,46.2194],[6.1902,46.2194],[6.1901,46.2193],[6.1896,46.2186],[6.1894,46.2184],[6.1892,46.2181],[6.1887,46.2178],[6.1881,46.2174],[6.1882,46.2173],[6.1894,46.2166],[6.1896,46.2164],[6.19,46.2161],[6.1905,46.2156],[6.1906,46.2155],[6.1908,46.2148],[6.1907,46.2148],[6.1909,46.2145],[6.1908,46.2144],[6.1898,46.214],[6.1899,46.2139],[6.1908,46.213],[6.1939,46.2091],[6.195,46.2077],[6.1954,46.207],[6.1957,46.2071],[6.1966,46.2073],[6.1974,46.2075],[6.1981,46.2076],[6.1985,46.2079],[6.199,46.2083],[6.1991,46.2083],[6.2001,46.2076],[6.2006,46.2072],[6.2011,46.2072]]]}},{"type":"Feature","properties":{"id":"ch-ge-6643"},"geometry":{"type":"Polygon","coordinates":[[[6.0891,46.1934],[6.0901,46.193],[6.0907,46.1928],[6.0913,46.1926],[6.092,46.1924],[6.0926,46.1923],[6.0933,46.1922],[6.094,46.1922],[6.095,46.1922],[6.0956,46.1922],[6.097,46.1924],[6.0975,46.1925],[6.0979,46.1926],[6.0982,46.1927],[6.0989,46.193],[6.0993,46.1933],[6.0997,46.1936],[6.1005,46.1944],[6.101,46.1949],[6.1021,46.1961],[6.1028,46.1969],[6.1033,46.1974],[6.1038,46.1978],[6.1058,46.1996],[6.1062,46.2001],[6.1067,46.2007],[6.1068,46.2009],[6.107,46.2011],[6.1078,46.2017],[6.1082,46.202],[6.1085,46.2022],[6.1091,46.2025],[6.1093,46.2026],[6.1097,46.2027],[6.11,46.2028],[6.1107,46.2028],[6.1108,46.2028],[6.1106,46.2038],[6.1105,46.2039],[6.1104,46.2046],[6.1103,46.205],[6.1102,46.2055],[6.1103,46.2058],[6.1104,46.206],[6.1106,46.206],[6.111,46.2065],[6.1111,46.2067],[6.1116,46.2073],[6.112,46.208],[6.1123,46.2084],[6.1125,46.2086],[6.1129,46.2091],[6.1137,46.2098],[6.1141,46.2103],[6.1145,46.2107],[6.1147,46.2107],[6.1149,46.211],[6.1147,46.2111],[6.115,46.2115],[6.1155,46.2119],[6.1158,46.2123],[6.1163,46.2129],[6.1163,46.213],[6.1179,46.2152],[6.1184,46.216],[6.1188,46.216],[6.1192,46.2162],[6.1186,46.2164],[6.1177,46.2168],[6.1173,46.217],[6.117,46.2171],[6.1162,46.2176],[6.1158,46.218],[6.1154,46.2185],[6.1152,46.2186],[6.1148,46.2192],[6.1146,46.2195],[6.1143,46.2199],[6.1138,46.2203],[6.1139,46.2203],[6.115,46.2208],[6.1157,46.2212],[6.1164,46.2215],[6.1169,46.2218],[6.1174,46.2221],[6.1172,46.2222],[6.117,46.2223],[6.1165,46.2226],[6.1157,46.2226],[6.1155,46.2226],[6.1151,46.2227],[6.1147,46.2229],[6.1145,46.223],[6.1144,46.223],[6.1122,46.2247],[6.1119,46.2249],[6.1113,46.2245],[6.1107,46.2242],[6.111,46.224],[6.1098,46.2231],[6.1096,46.2233],[6.1094,46.2233],[6.1092,46.2232],[6.1082,46.2224],[6.1074,46.2229],[6.1069,46.2226],[6.1055,46.2217],[6.1043,46.2208],[6.1042,46.2207],[6.1035,46.2202],[6.1029,46.2204],[6.102,46.2206],[6.1012,46.2209],[6.0971,46.222],[6.0948,46.2226],[6.0934,46.223],[6.0913,46.2236],[6.0894,46.2241],[6.0879,46.2245],[6.0871,46.224],[6.087,46.2239],[6.0872,46.2228],[6.0873,46.2224],[6.0871,46.2223],[6.087,46.222],[6.0861,46.222],[6.0857,46.222],[6.0855,46.2219],[6.0858,46.2216],[6.084,46.2203],[6.0824,46.221],[6.082,46.2212],[6.0814,46.2213],[6.0804,46.2215],[6.0799,46.2216],[6.0789,46.2217],[6.0784,46.2217],[6.0776,46.2217],[6.0768,46.2216],[6.0763,46.2216],[6.0761,46.2215],[6.076,46.2213],[6.0759,46.2211],[6.0758,46.221],[6.0756,46.2209],[6.0748,46.2204],[6.0742,46.2201],[6.0752,46.2193],[6.0754,46.2193],[6.0756,46.2192],[6.0763,46.2187],[6.0757,46.2183],[6.0747,46.2177],[6.0739,46.2172],[6.0721,46.2187],[6.0707,46.2179],[6.0697,46.2173],[6.0696,46.2173],[6.0689,46.2169],[6.0688,46.2169],[6.0691,46.2167],[6.0702,46.216],[6.0711,46.2155],[6.0728,46.2147],[6.0737,46.2144],[6.0741,46.2142],[6.0744,46.2139],[6.0737,46.2137],[6.0733,46.2135],[6.0728,46.2132],[6.0725,46.2129],[6.0723,46.2127],[6.0716,46.2123],[6.0705,46.2118],[6.0697,46.2114],[6.069,46.211],[6.0693,46.2107],[6.0695,46.2104],[6.07,46.2098],[6.0701,46.2096],[6.0706,46.209],[6.0707,46.2089],[6.0715,46.2092],[6.0717,46.2093],[6.0719,46.2092],[6.0729,46.2084],[6.0731,46.2082],[6.0733,46.2079],[6.0733,46.2076],[6.0732,46.2074],[6.0731,46.2071],[6.0725,46.2062],[6.0724,46.2062],[6.0722,46.2058],[6.0721,46.2055],[6.0721,46.2053],[6.0722,46.205],[6.0718,46.2048],[6.0719,46.2046],[6.0716,46.2044],[6.0716,46.2043],[6.0719,46.2039],[6.0721,46.2035],[6.0724,46.2032],[6.0728,46.2032],[6.0729,46.2032],[6.0731,46.2032],[6.0732,46.2031],[6.0737,46.203],[6.0738,46.2024],[6.0741,46.2024],[6.0747,46.2024],[6.0767,46.2023],[6.0773,46.2023],[6.0779,46.2024],[6.0782,46.2024],[6.0787,46.2026],[6.0792,46.2028],[6.0795,46.2029],[6.0799,46.2032],[6.0809,46.204],[6.0812,46.2043],[6.0815,46.2046],[6.0818,46.2049],[6.0839,46.2074],[6.0842,46.2077],[6.0846,46.2081],[6.085,46.2085],[6.0863,46.2095],[6.0867,46.2098],[6.0871,46.2101],[6.0884,46.2109],[6.0889,46.2111],[6.0891,46.2111],[6.0896,46.2113],[6.0899,46.2113],[6.0904,46.2113],[6.0906,46.2113],[6.0912,46.2113],[6.0914,46.2112],[6.0919,46.211],[6.0924,46.2108],[6.0926,46.2107],[6.0929,46.2104],[6.0935,46.2098],[6.0936,46.2096],[6.0938,46.2093],[6.0938,46.2089],[6.0938,46.2085],[6.0937,46.2081],[6.0935,46.2078],[6.0927,46.2068],[6.0924,46.2065],[6.0923,46.2063],[6.0919,46.2053],[6.0909,46.2032],[6.0907,46.2025],[6.0904,46.2016],[6.0904,46.2012],[6.0903,46.2008],[6.0904,46.2004],[6.0905,46.1993],[6.0905,46.1991],[6.0904,46.1988],[6.0903,46.1986],[6.0901,46.1985],[6.0898,46.1982],[6.0882,46.1975],[6.0878,46.1973],[6.0875,46.197],[6.0873,46.1967],[6.0871,46.1964],[6.087,46.1961],[6.087,46.1957],[6.087,46.1954],[6.0872,46.195],[6.0875,46.1945],[6.0878,46.1942],[6.0881,46.194],[6.0884,46.1937],[6.0888,46.1935],[6.0891,46.1934]]]}},{"type":"Feature","properties":{"id":"ch-ge-6644"},"geometry":{"type":"Polygon","coordinates":[[[6.1411,46.2723],[6.1461,46.2749],[6.1469,46.2753],[6.1472,46.2754],[6.1476,46.2755],[6.1512,46.2729],[6.1537,46.2726],[6.1575,46.2739],[6.1621,46.2726],[6.1622,46.2726],[6.166,46.2714],[6.169,46.2704],[6.1694,46.2703],[6.1701,46.2715],[6.1697,46.2717],[6.1698,46.2719],[6.1699,46.272],[6.1701,46.272],[6.1702,46.2721],[6.1703,46.2721],[6.1704,46.2723],[6.1704,46.2726],[6.1703,46.2728],[6.1704,46.2731],[6.1704,46.2734],[6.1704,46.2735],[6.171,46.2734],[6.1709,46.273],[6.1713,46.2729],[6.1714,46.2729],[6.1711,46.2733],[6.1711,46.2736],[6.1713,46.274],[6.1714,46.2741],[6.1714,46.2742],[6.1713,46.2746],[6.1712,46.2747],[6.171,46.2747],[6.1713,46.2744],[6.171,46.2744],[6.1709,46.2744],[6.1707,46.2746],[6.1705,46.2747],[6.1706,46.2749],[6.1706,46.275],[6.1708,46.275],[6.1708,46.2752],[6.1705,46.2757],[6.1707,46.2757],[6.1704,46.2762],[6.1705,46.2762],[6.1704,46.2764],[6.1702,46.2766],[6.1698,46.2775],[6.1697,46.2777],[6.1695,46.2776],[6.1693,46.2777],[6.1692,46.2779],[6.1688,46.2784],[6.1687,46.2785],[6.1687,46.2786],[6.1685,46.2789],[6.1684,46.279],[6.1682,46.2794],[6.168,46.2795],[6.1678,46.2796],[6.1679,46.2798],[6.1678,46.28],[6.1677,46.28],[6.1674,46.2804],[6.1672,46.2811],[6.1671,46.2816],[6.1673,46.2823],[6.1675,46.2827],[6.1677,46.2827],[6.1676,46.2828],[6.1676,46.2829],[6.1677,46.2831],[6.1679,46.2832],[6.1681,46.2832],[6.1683,46.2835],[6.1685,46.2837],[6.1685,46.2839],[6.1684,46.2839],[6.1685,46.284],[6.1686,46.284],[6.1687,46.2842],[6.1685,46.2845],[6.1686,46.2847],[6.1688,46.2847],[6.1689,46.2848],[6.1691,46.2857],[6.1692,46.2857],[6.1692,46.286],[6.1693,46.2864],[6.1694,46.2865],[6.1696,46.2865],[6.1698,46.2867],[6.1698,46.2871],[6.1698,46.2875],[6.1699,46.2882],[6.1702,46.2888],[6.1716,46.2889],[6.1717,46.289],[6.1714,46.2891],[6.1712,46.2891],[6.1711,46.2892],[6.1708,46.2896],[6.1705,46.29],[6.1705,46.2901],[6.1703,46.2903],[6.1702,46.2906],[6.1702,46.2908],[6.1701,46.2909],[6.17,46.2914],[6.1699,46.292],[6.1698,46.2921],[6.1699,46.2925],[6.17,46.2925],[6.1699,46.2926],[6.1699,46.2929],[6.17,46.2934],[6.1701,46.2936],[6.17,46.2938],[6.1701,46.2942],[6.1703,46.2947],[6.1702,46.2948],[6.1672,46.2952],[6.1669,46.2952],[6.1653,46.2958],[6.1627,46.2967],[6.1596,46.2977],[6.1573,46.2983],[6.1554,46.2987],[6.1534,46.2992],[6.1518,46.3002],[6.1506,46.301],[6.1495,46.3014],[6.1465,46.3026],[6.1444,46.3034],[6.142,46.3043],[6.1407,46.3048],[6.1406,46.3049],[6.1408,46.3054],[6.1361,46.308],[6.1347,46.3089],[6.1338,46.3098],[6.1336,46.3101],[6.1338,46.3104],[6.1337,46.3105],[6.1299,46.3128],[6.1297,46.3129],[6.1299,46.3131],[6.1297,46.3132],[6.1292,46.3137],[6.1289,46.3139],[6.1282,46.3144],[6.1281,46.3146],[6.1288,46.3153],[6.1285,46.3154],[6.1264,46.316],[6.126,46.3162],[6.1259,46.3162],[6.1264,46.3168],[6.1266,46.317],[6.1258,46.3175],[6.1257,46.3174],[6.1254,46.3173],[6.1252,46.3174],[6.125,46.3174],[6.1243,46.3173],[6.1242,46.3172],[6.1243,46.317],[6.1243,46.3168],[6.1241,46.3165],[6.1241,46.3164],[6.1242,46.3163],[6.1242,46.3161],[6.1243,46.3159],[6.1242,46.3157],[6.124,46.3154],[6.1237,46.3152],[6.1233,46.3151],[6.1228,46.3148],[6.1227,46.3147],[6.1229,46.3143],[6.1227,46.3142],[6.1224,46.3141],[6.1221,46.314],[6.122,46.3138],[6.1217,46.3136],[6.1214,46.3133],[6.1212,46.3132],[6.121,46.3132],[6.1207,46.3133],[6.1203,46.3133],[6.1205,46.3131],[6.1204,46.313],[6.1201,46.3129],[6.1198,46.3126],[6.1198,46.3125],[6.1199,46.3124],[6.1203,46.3122],[6.1203,46.3121],[6.1201,46.3118],[6.12,46.3116],[6.1201,46.3111],[6.12,46.3108],[6.1198,46.3106],[6.1195,46.3105],[6.1196,46.3104],[6.1198,46.3103],[6.1199,46.3101],[6.1199,46.3099],[6.1201,46.3098],[6.1202,46.3097],[6.1202,46.3096],[6.1199,46.3096],[6.1197,46.3096],[6.1197,46.3094],[6.1198,46.3093],[6.1199,46.3091],[6.1199,46.3089],[6.1199,46.3086],[6.1199,46.3084],[6.1197,46.3083],[6.1195,46.3083],[6.1192,46.308],[6.1192,46.3078],[6.1194,46.3077],[6.1197,46.3077],[6.1203,46.3075],[6.1205,46.3075],[6.1206,46.3074],[6.1205,46.3071],[6.1208,46.3068],[6.1206,46.3067],[6.1206,46.3063],[6.1205,46.3061],[6.1204,46.306],[6.1201,46.3061],[6.1199,46.3061],[6.1195,46.3058],[6.1194,46.3056],[6.1195,46.3054],[6.1196,46.3053],[6.12,46.3053],[6.1202,46.3052],[6.1203,46.305],[6.1202,46.3048],[6.1201,46.3047],[6.1198,46.3045],[6.1195,46.3042],[6.1195,46.304],[6.1197,46.3039],[6.1199,46.3039],[6.12,46.3037],[6.1199,46.3036],[6.1197,46.3036],[6.1193,46.3034],[6.119,46.3032],[6.1189,46.3031],[6.1188,46.3028],[6.1189,46.3025],[6.1191,46.3019],[6.1195,46.3014],[6.1198,46.3012],[6.12,46.301],[6.1202,46.3008],[6.1209,46.3008],[6.1211,46.3009],[6.1212,46.3009],[6.1213,46.3008],[6.1214,46.3004],[6.1217,46.2999],[6.1218,46.2997],[6.1218,46.2991],[6.1217,46.299],[6.1215,46.2989],[6.1213,46.2988],[6.1211,46.2986],[6.1208,46.2986],[6.1204,46.2984],[6.12,46.2981],[6.1199,46.2979],[6.1201,46.2977],[6.1203,46.2976],[6.1205,46.2975],[6.1217,46.2971],[6.126,46.2946],[6.1332,46.2914],[6.133,46.2913],[6.133,46.2911],[6.1329,46.291],[6.1329,46.2909],[6.1332,46.2909],[6.1332,46.2908],[6.1331,46.2907],[6.1333,46.2904],[6.1332,46.2901],[6.1334,46.2901],[6.1334,46.29],[6.1336,46.2898],[6.1335,46.2898],[6.1334,46.2897],[6.1335,46.2895],[6.1335,46.2894],[6.1337,46.2893],[6.1338,46.289],[6.1337,46.289],[6.1337,46.2887],[6.1339,46.2886],[6.1337,46.2886],[6.1338,46.2883],[6.1338,46.2882],[6.1333,46.2882],[6.1331,46.2881],[6.1329,46.2879],[6.1327,46.2878],[6.1327,46.2879],[6.1324,46.2878],[6.1324,46.2876],[6.1322,46.2876],[6.1321,46.2874],[6.1322,46.2874],[6.1321,46.2871],[6.1322,46.287],[6.1318,46.2869],[6.1316,46.2867],[6.1317,46.2866],[6.1318,46.2866],[6.132,46.2866],[6.1319,46.2861],[6.1319,46.2859],[6.1317,46.2859],[6.1316,46.2857],[6.1313,46.2857],[6.1312,46.2857],[6.1311,46.2854],[6.1309,46.2854],[6.1308,46.2854],[6.1307,46.2852],[6.1308,46.2851],[6.131,46.2852],[6.131,46.285],[6.1309,46.2848],[6.1305,46.2846],[6.1305,46.2844],[6.1306,46.2841],[6.1307,46.2835],[6.1308,46.2833],[6.1311,46.2832],[6.1313,46.2831],[6.1314,46.2828],[6.1316,46.2825],[6.1317,46.2821],[6.1317,46.2817],[6.1318,46.2815],[6.1319,46.2813],[6.1322,46.2812],[6.1326,46.2811],[6.1327,46.2813],[6.1327,46.2814],[6.1329,46.2817],[6.1332,46.2819],[6.1333,46.2819],[6.1335,46.2816],[6.1338,46.2816],[6.1344,46.2815],[6.1346,46.2815],[6.1347,46.2813],[6.1348,46.2811],[6.1349,46.281],[6.1351,46.2809],[6.1354,46.281],[6.1356,46.281],[6.1357,46.2807],[6.1358,46.2806],[6.136,46.2807],[6.1364,46.2809],[6.1368,46.2813],[6.1371,46.2817],[6.1372,46.2818],[6.1374,46.2817],[6.1376,46.2816],[6.1385,46.2814],[6.1389,46.2812],[6.1391,46.281],[6.1391,46.2808],[6.1388,46.2806],[6.1386,46.2804],[6.1384,46.2803],[6.1383,46.2801],[6.138,46.2798],[6.138,46.2795],[6.138,46.2794],[6.1382,46.2792],[6.1384,46.279],[6.1385,46.2789],[6.1388,46.2787],[6.139,46.2787],[6.1394,46.2787],[6.1398,46.2787],[6.1399,46.2788],[6.1401,46.279],[6.1402,46.2792],[6.1402,46.2794],[6.1404,46.2796],[6.1408,46.2797],[6.141,46.2797],[6.1415,46.2797],[6.1418,46.2798],[6.1421,46.2803],[6.1421,46.2806],[6.1422,46.2808],[6.1423,46.2809],[6.1428,46.2811],[6.1432,46.2812],[6.1433,46.2812],[6.1429,46.2801],[6.1425,46.2793],[6.1424,46.2793],[6.1414,46.2774],[6.1408,46.2761],[6.1403,46.2753],[6.1407,46.2748],[6.141,46.2744],[6.1411,46.2742],[6.1412,46.2739],[6.1412,46.2737],[6.1412,46.2725],[6.1412,46.2723],[6.1411,46.2723]]]}},{"type":"Feature","properties":{"id":"ch-ge-6645"},"geometry":{"type":"Polygon","coordinates":[[[6.1403,46.1683],[6.1408,46.1683],[6.1412,46.1683],[6.1413,46.1685],[6.1414,46.1687],[6.1415,46.1687],[6.1416,46.1684],[6.1418,46.1683],[6.142,46.1683],[6.1421,46.1684],[6.1423,46.1684],[6.1429,46.1686],[6.1431,46.1686],[6.1433,46.1685],[6.1434,46.1686],[6.1437,46.1686],[6.144,46.1686],[6.1441,46.1686],[6.1443,46.1687],[6.1445,46.1688],[6.1447,46.1688],[6.145,46.1687],[6.1456,46.1688],[6.1458,46.1687],[6.1459,46.1688],[6.1464,46.1687],[6.1466,46.1687],[6.1469,46.1686],[6.147,46.1686],[6.1472,46.1686],[6.1474,46.1686],[6.1475,46.1687],[6.1478,46.1688],[6.148,46.1688],[6.1487,46.1689],[6.149,46.1688],[6.1495,46.1686],[6.1496,46.1686],[6.1504,46.1682],[6.1506,46.1681],[6.1508,46.168],[6.1511,46.1679],[6.1512,46.1678],[6.1515,46.1677],[6.1519,46.1675],[6.1524,46.1672],[6.1527,46.1671],[6.1529,46.167],[6.1537,46.1666],[6.1542,46.1663],[6.1547,46.1671],[6.1548,46.1671],[6.1556,46.1666],[6.1562,46.1661],[6.1564,46.166],[6.1574,46.1658],[6.1583,46.1654],[6.1568,46.164],[6.1571,46.1639],[6.1596,46.1622],[6.1602,46.1618],[6.1635,46.1596],[6.1637,46.1596],[6.1645,46.1597],[6.1651,46.1598],[6.1682,46.1602],[6.1683,46.1601],[6.1729,46.1606],[6.1736,46.1598],[6.1745,46.159],[6.1748,46.159],[6.1754,46.1584],[6.1776,46.1595],[6.1785,46.1604],[6.1797,46.1611],[6.1834,46.1629],[6.1853,46.164],[6.1856,46.1642],[6.1878,46.1658],[6.1884,46.1662],[6.1888,46.1664],[6.188,46.17],[6.187,46.174],[6.1864,46.1747],[6.1863,46.1748],[6.1862,46.1754],[6.1864,46.1762],[6.1864,46.1766],[6.1863,46.1772],[6.1861,46.1774],[6.1867,46.1777],[6.1862,46.1783],[6.1849,46.1791],[6.1835,46.1793],[6.1816,46.1794],[6.1813,46.1795],[6.1802,46.1797],[6.1794,46.1796],[6.1788,46.1793],[6.1784,46.1791],[6.1779,46.1787],[6.1772,46.1778],[6.1767,46.1775],[6.176,46.1772],[6.1743,46.1765],[6.1732,46.1761],[6.1724,46.1759],[6.1717,46.1757],[6.1712,46.1757],[6.1707,46.1757],[6.1699,46.1759],[6.1695,46.1761],[6.1692,46.1764],[6.169,46.1768],[6.169,46.1771],[6.1693,46.1775],[6.1701,46.1778],[6.1711,46.1786],[6.1714,46.1789],[6.1715,46.1793],[6.1715,46.1798],[6.1715,46.1805],[6.1715,46.181],[6.1713,46.1822],[6.1712,46.1828],[6.1709,46.1834],[6.1706,46.1839],[6.1703,46.1842],[6.1701,46.1848],[6.1699,46.1852],[6.1695,46.1858],[6.1687,46.1867],[6.1683,46.187],[6.1678,46.1873],[6.1675,46.1875],[6.1671,46.1877],[6.1663,46.188],[6.1656,46.1881],[6.165,46.1882],[6.1647,46.1882],[6.1642,46.1881],[6.1639,46.1881],[6.1635,46.188],[6.1632,46.1879],[6.163,46.1877],[6.1625,46.1873],[6.1624,46.1872],[6.1623,46.1869],[6.1623,46.1865],[6.1623,46.1862],[6.1624,46.1858],[6.1624,46.1853],[6.1622,46.1849],[6.162,46.1844],[6.1613,46.1835],[6.16,46.1815],[6.1598,46.181],[6.1597,46.1806],[6.1597,46.1799],[6.1596,46.1792],[6.1595,46.1789],[6.1593,46.1787],[6.1591,46.1785],[6.1588,46.1782],[6.1584,46.178],[6.1577,46.1778],[6.1572,46.1778],[6.1567,46.1778],[6.1565,46.1778],[6.156,46.1779],[6.1557,46.178],[6.1553,46.1782],[6.1549,46.1784],[6.1548,46.1785],[6.1545,46.1787],[6.1542,46.1792],[6.154,46.1794],[6.1538,46.1799],[6.1528,46.1794],[6.1527,46.1793],[6.1526,46.1789],[6.1523,46.1786],[6.1523,46.1784],[6.1522,46.1781],[6.1518,46.1778],[6.1513,46.1775],[6.1511,46.1776],[6.151,46.1776],[6.1506,46.1777],[6.15,46.1775],[6.1497,46.1774],[6.1496,46.1773],[6.1499,46.1772],[6.1491,46.1766],[6.1489,46.1768],[6.1482,46.1763],[6.1481,46.1764],[6.148,46.1765],[6.1478,46.1765],[6.1477,46.1764],[6.1473,46.1766],[6.1463,46.1772],[6.146,46.1774],[6.1458,46.1773],[6.1454,46.177],[6.144,46.176],[6.1436,46.1757],[6.1435,46.1757],[6.1426,46.1748],[6.1416,46.174],[6.141,46.1735],[6.1407,46.1735],[6.1407,46.1734],[6.1393,46.1724],[6.1392,46.1724],[6.139,46.1724],[6.1389,46.1723],[6.1393,46.1718],[6.1395,46.1713],[6.1398,46.1707],[6.1403,46.1698],[6.1404,46.1695],[6.1405,46.169],[6.1405,46.1686],[6.1405,46.1684],[6.1403,46.1683]]]}}]}