{"type":"FeatureCollection","features":[{"type":"Feature","properties":{"id":"cn-ah"},"geometry":{"type":"Polygon","coordinates":[[[119.63,31.133],[119.592,31.131],[119.527,31.155],[119.493,31.151],[119.363,31.192],[119.36,31.254],[119.349,31.286],[119.317,31.267],[119.236,31.265],[119.163,31.287],[119.075,31.239],[118.816,31.226],[118.756,31.281],[118.737,31.321],[118.751,31.358],[118.797,31.372],[118.827,31.398],[118.881,31.522],[118.88,31.552],[118.86,31.627],[118.8,31.628],[118.789,31.667],[118.765,31.672],[118.736,31.639],[118.681,31.647],[118.66,31.669],[118.684,31.701],[118.637,31.725],[118.569,31.736],[118.477,31.79],[118.481,31.859],[118.46,31.891],[118.423,31.896],[118.352,31.947],[118.37,31.981],[118.401,32.007],[118.385,32.024],[118.383,32.054],[118.412,32.089],[118.499,32.138],[118.499,32.176],[118.514,32.2],[118.599,32.212],[118.65,32.238],[118.67,32.267],[118.65,32.289],[118.684,32.339],[118.668,32.404],[118.668,32.453],[118.65,32.473],[118.612,32.478],[118.593,32.5],[118.592,32.527],[118.559,32.549],[118.552,32.574],[118.58,32.593],[118.608,32.581],[118.643,32.594],[118.666,32.587],[118.752,32.613],[118.777,32.599],[118.819,32.603],[118.847,32.588],[118.891,32.596],[118.906,32.564],[118.941,32.558],[118.984,32.512],[119.034,32.499],[119.081,32.446],[119.139,32.5],[119.147,32.541],[119.169,32.575],[119.199,32.594],[119.202,32.624],[119.19,32.711],[119.154,32.771],[119.157,32.818],[119.11,32.834],[119.009,32.91],[118.993,32.962],[118.951,32.967],[118.91,32.957],[118.857,32.972],[118.813,32.925],[118.798,32.865],[118.748,32.839],[118.738,32.786],[118.745,32.757],[118.72,32.732],[118.625,32.745],[118.576,32.727],[118.431,32.74],[118.399,32.731],[118.3,32.777],[118.288,32.838],[118.251,32.87],[118.239,32.924],[118.299,32.963],[118.248,33.013],[118.224,33.078],[118.216,33.117],[118.218,33.18],[118.197,33.205],[118.17,33.213],[118.156,33.181],[118.095,33.161],[118.081,33.15],[117.996,33.168],[117.979,33.204],[117.932,33.235],[117.941,33.262],[117.983,33.3],[117.993,33.349],[118.04,33.455],[118.063,33.489],[118.113,33.479],[118.11,33.531],[118.122,33.611],[118.168,33.673],[118.177,33.693],[118.163,33.737],[118.124,33.766],[118.062,33.757],[117.966,33.752],[117.926,33.734],[117.865,33.726],[117.831,33.735],[117.752,33.724],[117.746,33.882],[117.688,33.888],[117.651,33.982],[117.624,34.008],[117.608,33.99],[117.572,33.99],[117.533,34.04],[117.503,34.05],[117.441,34.026],[117.392,34.031],[117.37,34.056],[117.321,34.079],[117.229,34.074],[117.159,34.091],[117.137,34.107],[117.034,34.156],[117.014,34.193],[117.02,34.238],[116.97,34.275],[116.966,34.298],[116.98,34.345],[116.949,34.389],[116.906,34.401],[116.848,34.39],[116.802,34.4],[116.77,34.452],[116.715,34.468],[116.625,34.485],[116.591,34.501],[116.572,34.527],[116.51,34.566],[116.484,34.599],[116.428,34.64],[116.377,34.64],[116.344,34.616],[116.267,34.577],[116.228,34.565],[116.187,34.583],[116.151,34.567],[116.163,34.535],[116.152,34.467],[116.157,34.447],[116.203,34.402],[116.315,34.337],[116.369,34.286],[116.401,34.275],[116.433,34.281],[116.552,34.287],[116.574,34.271],[116.567,34.223],[116.575,34.192],[116.551,34.155],[116.543,34.121],[116.571,34.079],[116.603,34.008],[116.641,33.953],[116.638,33.919],[116.621,33.902],[116.591,33.913],[116.553,33.884],[116.524,33.882],[116.469,33.862],[116.445,33.845],[116.421,33.791],[116.182,33.718],[116.147,33.72],[116.121,33.736],[116.08,33.778],[116.029,33.861],[115.971,33.905],[115.965,33.93],[115.976,33.977],[115.961,34],[115.872,34.018],[115.841,34.007],[115.77,34.056],[115.733,34.066],[115.654,34.048],[115.586,33.98],[115.561,33.898],[115.574,33.857],[115.618,33.856],[115.63,33.839],[115.624,33.772],[115.589,33.769],[115.574,33.75],[115.594,33.716],[115.61,33.657],[115.635,33.592],[115.592,33.568],[115.497,33.561],[115.443,33.548],[115.4,33.5],[115.366,33.517],[115.342,33.501],[115.346,33.453],[115.327,33.428],[115.316,33.374],[115.341,33.334],[115.345,33.251],[115.301,33.21],[115.286,33.148],[115.251,33.121],[115.188,33.108],[115.143,33.084],[115.106,33.083],[115.019,33.094],[114.969,33.124],[114.946,33.119],[114.887,33.083],[114.89,33.046],[114.88,32.993],[114.925,32.958],[115.012,32.935],[115.034,32.918],[115.13,32.892],[115.185,32.859],[115.196,32.798],[115.182,32.774],[115.18,32.714],[115.21,32.657],[115.199,32.591],[115.261,32.584],[115.297,32.568],[115.367,32.56],[115.457,32.507],[115.499,32.448],[115.565,32.402],[115.609,32.416],[115.647,32.402],[115.687,32.467],[115.694,32.492],[115.742,32.479],[115.755,32.498],[115.79,32.471],[115.808,32.503],[115.844,32.543],[115.871,32.532],[115.876,32.499],[115.861,32.432],[115.888,32.394],[115.894,32.309],[115.915,32.25],[115.928,32.025],[115.914,31.975],[115.901,31.886],[115.906,31.819],[115.901,31.794],[115.866,31.785],[115.76,31.797],[115.725,31.788],[115.663,31.784],[115.582,31.752],[115.555,31.734],[115.532,31.736],[115.487,31.683],[115.473,31.635],[115.39,31.512],[115.391,31.47],[115.374,31.418],[115.38,31.351],[115.437,31.326],[115.454,31.286],[115.511,31.246],[115.55,31.183],[115.569,31.164],[115.596,31.162],[115.628,31.221],[115.669,31.217],[115.711,31.194],[115.768,31.144],[115.814,31.124],[115.877,31.129],[115.9,31.09],[115.93,31.064],[115.946,31.034],[115.989,31.043],[116.035,31.031],[116.036,30.989],[116.017,30.964],[115.943,30.907],[115.913,30.9],[115.859,30.861],[115.862,30.785],[115.835,30.77],[115.798,30.774],[115.775,30.755],[115.768,30.688],[115.814,30.631],[115.833,30.594],[115.881,30.578],[115.925,30.527],[115.947,30.488],[115.946,30.446],[115.895,30.414],[115.877,30.39],[115.912,30.316],[115.959,30.298],[115.984,30.258],[116.04,30.221],[116.054,30.149],[116.065,30.129],[116.081,30.047],[116.071,29.996],[116.078,29.969],[116.114,29.931],[116.126,29.905],[116.124,29.84],[116.147,29.789],[116.236,29.781],[116.298,29.809],[116.357,29.858],[116.39,29.876],[116.493,29.885],[116.527,29.907],[116.549,29.954],[116.575,29.991],[116.65,30.051],[116.702,30.056],[116.739,30.049],[116.791,30.022],[116.873,29.947],[116.887,29.92],[116.864,29.851],[116.798,29.756],[116.75,29.756],[116.717,29.714],[116.689,29.724],[116.675,29.708],[116.648,29.627],[116.693,29.593],[116.725,29.553],[116.749,29.545],[116.766,29.568],[116.788,29.568],[116.833,29.544],[116.87,29.547],[116.888,29.561],[116.955,29.654],[116.982,29.673],[117.079,29.71],[117.093,29.723],[117.107,29.786],[117.067,29.841],[117.125,29.911],[117.192,29.926],[117.226,29.907],[117.229,29.847],[117.274,29.829],[117.33,29.843],[117.345,29.826],[117.378,29.836],[117.406,29.831],[117.402,29.773],[117.436,29.72],[117.527,29.622],[117.562,29.611],[117.625,29.615],[117.649,29.606],[117.691,29.562],[117.708,29.556],[117.819,29.568],[117.899,29.549],[117.986,29.572],[118.049,29.545],[118.099,29.533],[118.113,29.519],[118.12,29.447],[118.175,29.408],[118.283,29.435],[118.311,29.447],[118.313,29.487],[118.344,29.485],[118.373,29.453],[118.389,29.456],[118.421,29.494],[118.47,29.524],[118.497,29.561],[118.557,29.625],[118.595,29.648],[118.648,29.658],[118.724,29.73],[118.733,29.763],[118.726,29.803],[118.741,29.828],[118.82,29.88],[118.851,29.942],[118.894,29.983],[118.893,30.007],[118.869,30.109],[118.88,30.147],[118.853,30.159],[118.909,30.222],[118.879,30.288],[118.881,30.324],[118.935,30.352],[118.98,30.348],[119.058,30.312],[119.118,30.315],[119.211,30.314],[119.247,30.305],[119.28,30.346],[119.331,30.372],[119.392,30.368],[119.363,30.404],[119.358,30.441],[119.332,30.483],[119.321,30.518],[119.282,30.513],[119.249,30.529],[119.242,30.551],[119.268,30.58],[119.272,30.608],[119.324,30.632],[119.351,30.675],[119.384,30.685],[119.409,30.647],[119.443,30.639],[119.488,30.719],[119.501,30.769],[119.533,30.786],[119.575,30.847],[119.577,30.879],[119.621,31.049],[119.63,31.133]]]}},{"type":"Feature","properties":{"id":"cn-bj"},"geometry":{"type":"Polygon","coordinates":[[[117.357,40.257],[117.331,40.268],[117.271,40.312],[117.251,40.338],[117.238,40.394],[117.238,40.45],[117.184,40.497],[117.197,40.534],[117.243,40.57],[117.328,40.595],[117.412,40.597],[117.438,40.637],[117.486,40.662],[117.429,40.669],[117.303,40.662],[117.199,40.69],[117.116,40.687],[117.058,40.677],[116.959,40.718],[116.91,40.749],[116.769,40.865],[116.725,40.907],[116.676,40.94],[116.658,40.965],[116.653,41.031],[116.609,41.04],[116.592,40.992],[116.497,40.953],[116.466,40.915],[116.438,40.9],[116.4,40.907],[116.365,40.93],[116.356,40.902],[116.459,40.792],[116.44,40.762],[116.376,40.767],[116.291,40.74],[116.244,40.767],[116.207,40.75],[116.13,40.658],[116.048,40.607],[115.995,40.596],[115.914,40.612],[115.874,40.61],[115.734,40.561],[115.728,40.54],[115.895,40.347],[115.921,40.334],[115.945,40.294],[115.934,40.258],[115.882,40.213],[115.863,40.179],[115.82,40.152],[115.578,40.096],[115.513,40.06],[115.485,40.019],[115.431,39.991],[115.427,39.963],[115.496,39.924],[115.501,39.858],[115.511,39.838],[115.562,39.807],[115.563,39.795],[115.513,39.78],[115.451,39.779],[115.437,39.749],[115.463,39.643],[115.49,39.617],[115.554,39.598],[115.618,39.604],[115.674,39.584],[115.688,39.55],[115.756,39.509],[115.809,39.544],[115.84,39.545],[115.9,39.568],[115.945,39.575],[116.001,39.558],[116.072,39.566],[116.11,39.564],[116.161,39.578],[116.21,39.572],[116.225,39.536],[116.25,39.506],[116.318,39.461],[116.387,39.442],[116.434,39.442],[116.459,39.454],[116.458,39.487],[116.428,39.521],[116.493,39.552],[116.527,39.556],[116.564,39.598],[116.604,39.611],[116.676,39.603],[116.793,39.602],[116.822,39.619],[116.876,39.686],[116.88,39.72],[116.922,39.774],[116.929,39.801],[116.916,39.833],[116.879,39.832],[116.842,39.85],[116.816,39.875],[116.781,39.89],[116.744,39.959],[116.759,40.013],[116.774,40.025],[116.829,40.037],[116.988,40.034],[117.064,40.065],[117.239,40.093],[117.311,40.11],[117.372,40.201],[117.357,40.257]]]}},{"type":"Feature","properties":{"id":"cn-cq"},"geometry":{"type":"Polygon","coordinates":[[[108.518,32.198],[108.389,32.184],[108.361,32.167],[108.371,32.149],[108.419,32.1],[108.401,32.08],[108.345,32.074],[108.32,32.035],[108.268,31.973],[108.26,31.948],[108.287,31.922],[108.423,31.853],[108.501,31.791],[108.523,31.738],[108.516,31.708],[108.45,31.653],[108.407,31.566],[108.352,31.517],[108.323,31.499],[108.242,31.486],[108.223,31.468],[108.21,31.414],[108.191,31.366],[108.194,31.331],[108.176,31.306],[108.142,31.284],[108.059,31.243],[108.033,31.222],[108.044,31.186],[108.038,31.15],[108.007,31.039],[107.954,30.983],[107.932,30.949],[107.952,30.926],[107.949,30.9],[107.93,30.873],[107.85,30.81],[107.812,30.798],[107.769,30.827],[107.736,30.883],[107.722,30.889],[107.68,30.853],[107.621,30.837],[107.559,30.843],[107.508,30.822],[107.457,30.761],[107.456,30.71],[107.488,30.658],[107.478,30.61],[107.417,30.527],[107.372,30.5],[107.267,30.326],[107.229,30.238],[107.195,30.218],[107.129,30.141],[107.084,30.11],[107.033,30.058],[106.959,30.064],[106.885,30.052],[106.85,30.054],[106.77,30.037],[106.717,30.059],[106.695,30.093],[106.686,30.134],[106.67,30.143],[106.64,30.197],[106.618,30.269],[106.591,30.298],[106.532,30.338],[106.502,30.313],[106.449,30.324],[106.422,30.307],[106.408,30.272],[106.385,30.264],[106.305,30.263],[106.267,30.228],[106.239,30.22],[106.191,30.264],[106.164,30.316],[106.125,30.342],[105.999,30.385],[105.905,30.397],[105.853,30.43],[105.815,30.438],[105.792,30.423],[105.728,30.33],[105.734,30.296],[105.709,30.274],[105.654,30.281],[105.628,30.257],[105.648,30.214],[105.57,30.189],[105.557,30.148],[105.578,30.129],[105.623,30.11],[105.679,30.069],[105.739,30.033],[105.75,30.011],[105.713,29.957],[105.717,29.902],[105.71,29.868],[105.652,29.857],[105.577,29.823],[105.558,29.804],[105.551,29.748],[105.535,29.73],[105.495,29.732],[105.446,29.696],[105.412,29.703],[105.391,29.692],[105.363,29.657],[105.324,29.628],[105.291,29.585],[105.285,29.553],[105.293,29.51],[105.315,29.47],[105.374,29.45],[105.405,29.43],[105.411,29.356],[105.422,29.334],[105.506,29.291],[105.589,29.289],[105.645,29.27],[105.678,29.3],[105.708,29.291],[105.701,29.224],[105.711,29.187],[105.734,29.154],[105.724,29.118],[105.74,29.071],[105.737,29.031],[105.745,28.995],[105.795,28.937],[105.837,28.918],[105.878,28.92],[105.985,28.972],[106.008,28.973],[106.081,28.932],[106.125,28.916],[106.179,28.916],[106.227,28.897],[106.26,28.869],[106.257,28.794],[106.271,28.734],[106.298,28.672],[106.34,28.616],[106.382,28.572],[106.453,28.542],[106.489,28.541],[106.483,28.588],[106.489,28.617],[106.51,28.639],[106.522,28.673],[106.514,28.71],[106.477,28.768],[106.461,28.819],[106.489,28.832],[106.562,28.767],[106.624,28.658],[106.626,28.637],[106.59,28.57],[106.558,28.534],[106.562,28.511],[106.63,28.522],[106.656,28.513],[106.694,28.483],[106.73,28.483],[106.75,28.502],[106.751,28.562],[106.762,28.591],[106.803,28.588],[106.829,28.609],[106.848,28.658],[106.835,28.731],[106.849,28.773],[106.889,28.801],[106.927,28.81],[106.946,28.793],[106.973,28.805],[107,28.86],[107.031,28.888],[107.076,28.889],[107.107,28.9],[107.161,28.881],[107.217,28.829],[107.249,28.809],[107.297,28.808],[107.437,28.877],[107.454,28.894],[107.465,28.951],[107.5,28.993],[107.479,29.028],[107.442,29.051],[107.424,29.077],[107.417,29.138],[107.43,29.183],[107.467,29.233],[107.496,29.246],[107.557,29.187],[107.632,29.167],[107.693,29.143],[107.766,29.15],[107.783,29.137],[107.783,29.062],[107.79,29.04],[107.829,28.992],[107.875,28.984],[107.991,29.043],[108.055,29.065],[108.166,29.06],[108.286,29.077],[108.302,29.006],[108.341,28.92],[108.34,28.869],[108.372,28.816],[108.367,28.777],[108.329,28.757],[108.321,28.74],[108.33,28.689],[108.406,28.658],[108.51,28.637],[108.539,28.646],[108.582,28.601],[108.579,28.5],[108.583,28.374],[108.607,28.335],[108.665,28.325],[108.681,28.338],[108.665,28.376],[108.665,28.42],[108.641,28.459],[108.69,28.485],[108.73,28.475],[108.784,28.426],[108.728,28.242],[108.743,28.214],[108.77,28.231],[108.805,28.229],[108.854,28.21],[108.898,28.216],[108.943,28.2],[108.996,28.198],[109.031,28.21],[109.079,28.192],[109.095,28.205],[109.092,28.27],[109.124,28.306],[109.155,28.436],[109.173,28.462],[109.223,28.493],[109.258,28.506],[109.285,28.573],[109.267,28.599],[109.213,28.629],[109.257,28.66],[109.26,28.699],[109.281,28.729],[109.261,28.751],[109.247,28.786],[109.24,28.883],[109.246,28.931],[109.268,29.007],[109.286,29.03],[109.275,29.049],[109.207,29.104],[109.077,29.214],[109.014,29.307],[108.921,29.349],[108.914,29.37],[108.924,29.402],[108.883,29.457],[108.872,29.502],[108.895,29.578],[108.889,29.622],[108.872,29.639],[108.748,29.672],[108.696,29.698],[108.68,29.725],[108.658,29.817],[108.641,29.847],[108.613,29.858],[108.539,29.782],[108.527,29.736],[108.513,29.722],[108.473,29.723],[108.447,29.736],[108.42,29.802],[108.4,29.831],[108.441,29.849],[108.503,29.852],[108.531,29.866],[108.538,29.885],[108.529,29.942],[108.55,30.009],[108.53,30.113],[108.53,30.19],[108.543,30.281],[108.532,30.315],[108.411,30.363],[108.381,30.4],[108.402,30.451],[108.433,30.487],[108.573,30.498],[108.61,30.517],[108.642,30.565],[108.67,30.574],[108.689,30.538],[108.71,30.523],[108.76,30.526],[108.809,30.546],[108.868,30.551],[108.926,30.596],[108.965,30.607],[109.073,30.6],[109.121,30.57],[109.179,30.567],[109.248,30.597],[109.286,30.602],[109.323,30.58],[109.394,30.584],[109.436,30.603],[109.513,30.66],[109.546,30.651],[109.585,30.685],[109.64,30.718],[109.665,30.768],[109.749,30.835],[109.871,30.889],[109.902,30.894],[109.945,30.876],[109.959,30.847],[109.997,30.826],[110.066,30.828],[110.108,30.866],[110.128,30.906],[110.138,31],[110.134,31.026],[110.11,31.076],[110.108,31.122],[110.175,31.189],[110.146,31.239],[110.141,31.263],[110.152,31.306],[110.147,31.331],[110.108,31.398],[109.966,31.478],[109.968,31.503],[109.929,31.519],[109.838,31.541],[109.756,31.552],[109.733,31.561],[109.724,31.636],[109.703,31.674],[109.659,31.718],[109.594,31.738],[109.573,31.73],[109.336,31.705],[109.281,31.719],[109.253,31.744],[109.189,31.84],[109.118,31.906],[109.056,31.941],[108.953,31.982],[108.89,32.001],[108.789,32.045],[108.739,32.09],[108.663,32.112],[108.586,32.169],[108.518,32.198]]]}},{"type":"Feature","properties":{"id":"cn-fj"},"geometry":{"type":"MultiPolygon","coordinates":[[[[117.469,23.753],[117.448,23.742],[117.414,23.772],[117.373,23.767],[117.377,23.729],[117.342,23.7],[117.394,23.679],[117.369,23.622],[117.32,23.574],[117.374,23.573],[117.432,23.583],[117.415,23.608],[117.421,23.646],[117.445,23.665],[117.48,23.663],[117.477,23.689],[117.496,23.72],[117.527,23.74],[117.469,23.753]]],[[[119.305,26.036],[119.243,26.057],[119.258,26.001],[119.391,25.967],[119.401,25.996],[119.37,26.014],[119.305,26.036]]],[[[120.419,27.206],[120.406,27.297],[120.388,27.329],[120.344,27.38],[120.306,27.377],[120.249,27.41],[120.212,27.414],[120.148,27.4],[120.114,27.383],[120.064,27.344],[120.038,27.34],[119.979,27.358],[119.931,27.325],[119.867,27.318],[119.835,27.325],[119.806,27.313],[119.77,27.316],[119.756,27.352],[119.693,27.411],[119.687,27.432],[119.687,27.511],[119.654,27.551],[119.648,27.586],[119.61,27.61],[119.625,27.647],[119.616,27.666],[119.551,27.675],[119.512,27.637],[119.478,27.566],[119.467,27.525],[119.412,27.502],[119.39,27.513],[119.347,27.492],[119.323,27.462],[119.289,27.453],[119.266,27.424],[119.243,27.418],[119.186,27.42],[119.133,27.434],[119.117,27.461],[119.087,27.46],[119.005,27.48],[118.948,27.472],[118.919,27.477],[118.885,27.501],[118.89,27.524],[118.923,27.55],[118.894,27.652],[118.882,27.673],[118.889,27.722],[118.862,27.766],[118.841,27.816],[118.83,27.885],[118.82,27.91],[118.778,27.938],[118.748,27.973],[118.746,28.011],[118.753,28.101],[118.784,28.13],[118.766,28.178],[118.797,28.213],[118.796,28.24],[118.763,28.27],[118.735,28.326],[118.678,28.292],[118.629,28.284],[118.592,28.299],[118.535,28.285],[118.499,28.262],[118.446,28.289],[118.37,28.243],[118.349,28.22],[118.379,28.185],[118.368,28.1],[118.313,28.086],[118.195,28.044],[118.131,28.041],[118.114,28.018],[118.061,27.979],[118.026,27.984],[117.988,27.973],[117.946,27.973],[117.886,27.948],[117.823,27.937],[117.795,27.913],[117.785,27.848],[117.746,27.813],[117.702,27.833],[117.664,27.838],[117.605,27.866],[117.557,27.932],[117.544,27.967],[117.509,27.971],[117.485,27.948],[117.424,27.923],[117.35,27.866],[117.284,27.857],[117.292,27.798],[117.287,27.773],[117.225,27.723],[117.171,27.656],[117.112,27.568],[117.102,27.528],[117.104,27.492],[117.125,27.43],[117.102,27.391],[117.101,27.347],[117.134,27.335],[117.154,27.301],[117.154,27.276],[117.102,27.208],[117.077,27.188],[117.04,27.11],[116.923,27.021],[116.879,27.026],[116.829,27.01],[116.761,27.006],[116.702,26.979],[116.67,26.987],[116.609,26.942],[116.545,26.868],[116.532,26.762],[116.509,26.723],[116.505,26.689],[116.533,26.639],[116.542,26.563],[116.583,26.509],[116.619,26.492],[116.594,26.395],[116.573,26.378],[116.551,26.384],[116.532,26.408],[116.502,26.407],[116.476,26.372],[116.399,26.288],[116.405,26.192],[116.419,26.153],[116.397,26.061],[116.363,26.021],[116.323,25.955],[116.257,25.924],[116.211,25.92],[116.18,25.907],[116.135,25.866],[116.134,25.817],[116.161,25.78],[116.124,25.764],[116.088,25.71],[116.063,25.699],[116.028,25.636],[116.045,25.575],[116,25.497],[115.979,25.403],[115.979,25.351],[115.957,25.3],[115.908,25.238],[115.843,25.195],[115.842,25.173],[115.875,25.071],[115.876,25.029],[115.888,25],[115.881,24.976],[115.856,24.953],[115.888,24.917],[115.953,24.913],[115.988,24.894],[116.036,24.894],[116.052,24.874],[116.115,24.846],[116.194,24.851],[116.256,24.84],[116.275,24.807],[116.343,24.838],[116.372,24.841],[116.385,24.812],[116.433,24.74],[116.478,24.685],[116.501,24.629],[116.53,24.615],[116.604,24.656],[116.66,24.67],[116.745,24.671],[116.775,24.646],[116.757,24.597],[116.749,24.551],[116.757,24.526],[116.824,24.481],[116.832,24.443],[116.882,24.394],[116.943,24.239],[116.968,24.185],[116.941,24.144],[116.925,24.078],[116.939,24.017],[116.955,23.995],[116.974,23.914],[116.999,23.87],[117.037,23.738],[117.053,23.711],[117.094,23.678],[117.137,23.66],[117.175,23.616],[117.219,23.63],[117.209,23.665],[117.244,23.658],[117.239,23.605],[117.279,23.636],[117.264,23.655],[117.276,23.688],[117.272,23.721],[117.292,23.762],[117.346,23.769],[117.382,23.795],[117.434,23.776],[117.463,23.788],[117.49,23.833],[117.5,23.874],[117.469,23.912],[117.41,23.913],[117.43,23.944],[117.475,23.921],[117.537,23.919],[117.582,23.889],[117.598,23.852],[117.602,23.799],[117.587,23.778],[117.592,23.737],[117.639,23.794],[117.626,23.84],[117.649,23.909],[117.695,23.954],[117.688,23.998],[117.709,24.035],[117.776,24.037],[117.798,24.022],[117.791,24.002],[117.738,23.951],[117.729,23.919],[117.759,23.915],[117.772,23.959],[117.839,24.024],[117.862,24.035],[117.894,24.028],[117.901,24.099],[117.931,24.141],[117.944,24.213],[117.989,24.193],[118.024,24.207],[118.059,24.246],[118.126,24.262],[118.12,24.299],[118.091,24.341],[118.024,24.351],[118.041,24.366],[118.047,24.399],[118.03,24.413],[117.989,24.395],[117.907,24.385],[117.875,24.396],[117.791,24.461],[117.816,24.472],[117.901,24.453],[117.912,24.479],[117.996,24.447],[118.009,24.486],[118.037,24.491],[118.058,24.516],[118.021,24.537],[117.979,24.543],[117.992,24.571],[118.021,24.555],[118.045,24.576],[118.044,24.618],[118.092,24.598],[118.131,24.62],[118.141,24.657],[118.188,24.657],[118.174,24.624],[118.204,24.622],[118.205,24.599],[118.181,24.576],[118.219,24.541],[118.242,24.544],[118.25,24.576],[118.273,24.574],[118.284,24.598],[118.352,24.582],[118.38,24.59],[118.422,24.624],[118.401,24.672],[118.431,24.7],[118.428,24.631],[118.501,24.608],[118.571,24.569],[118.554,24.553],[118.554,24.518],[118.591,24.528],[118.647,24.568],[118.664,24.612],[118.634,24.628],[118.636,24.664],[118.654,24.693],[118.685,24.666],[118.72,24.706],[118.747,24.721],[118.764,24.752],[118.743,24.775],[118.72,24.769],[118.698,24.802],[118.668,24.782],[118.633,24.777],[118.618,24.805],[118.62,24.844],[118.596,24.875],[118.651,24.867],[118.673,24.887],[118.64,24.916],[118.668,24.953],[118.72,24.917],[118.73,24.885],[118.702,24.872],[118.716,24.844],[118.78,24.868],[118.792,24.891],[118.826,24.878],[118.867,24.891],[118.924,24.87],[118.976,24.878],[118.97,24.899],[118.934,24.886],[118.91,24.907],[118.901,24.938],[118.912,24.953],[118.997,24.953],[118.98,25.012],[118.954,25.003],[118.935,25.022],[118.878,25.041],[118.849,25.074],[118.858,25.098],[118.886,25.106],[118.921,25.101],[118.947,25.113],[118.949,25.137],[118.975,25.183],[118.948,25.197],[118.921,25.188],[118.911,25.217],[118.865,25.228],[118.896,25.258],[118.984,25.283],[119.027,25.278],[119.025,25.259],[118.98,25.245],[118.987,25.222],[119.057,25.225],[119.069,25.204],[119.034,25.159],[119.065,25.163],[119.093,25.136],[119.134,25.138],[119.102,25.197],[119.142,25.221],[119.176,25.177],[119.229,25.193],[119.256,25.176],[119.289,25.189],[119.272,25.232],[119.281,25.241],[119.344,25.242],[119.348,25.268],[119.324,25.275],[119.289,25.325],[119.265,25.318],[119.243,25.33],[119.235,25.295],[119.201,25.26],[119.181,25.289],[119.223,25.317],[119.203,25.358],[119.173,25.325],[119.157,25.363],[119.11,25.407],[119.129,25.43],[119.183,25.465],[119.238,25.482],[119.269,25.527],[119.278,25.57],[119.311,25.578],[119.305,25.605],[119.343,25.609],[119.365,25.582],[119.356,25.551],[119.366,25.521],[119.449,25.505],[119.466,25.475],[119.505,25.475],[119.492,25.44],[119.504,25.43],[119.483,25.371],[119.544,25.377],[119.558,25.405],[119.536,25.419],[119.552,25.454],[119.576,25.463],[119.593,25.439],[119.578,25.419],[119.6,25.371],[119.646,25.393],[119.628,25.461],[119.6,25.475],[119.598,25.493],[119.558,25.564],[119.534,25.576],[119.517,25.557],[119.492,25.565],[119.46,25.633],[119.449,25.687],[119.477,25.68],[119.517,25.69],[119.535,25.706],[119.58,25.68],[119.593,25.693],[119.608,25.805],[119.583,25.82],[119.6,25.844],[119.616,25.893],[119.654,25.907],[119.675,25.926],[119.699,25.973],[119.695,26.003],[119.675,26.022],[119.648,26.015],[119.566,26.05],[119.504,26.036],[119.49,25.994],[119.441,25.964],[119.378,25.941],[119.347,25.94],[119.247,25.967],[119.243,25.995],[119.209,26.043],[119.195,26.088],[119.157,26.091],[119.116,26.123],[119.216,26.1],[119.277,26.053],[119.327,26.048],[119.373,26.022],[119.415,26.009],[119.436,25.981],[119.459,25.982],[119.537,26.097],[119.561,26.125],[119.6,26.146],[119.592,26.166],[119.637,26.212],[119.668,26.222],[119.668,26.242],[119.634,26.255],[119.674,26.281],[119.733,26.285],[119.785,26.297],[119.801,26.318],[119.855,26.328],[119.877,26.313],[119.95,26.365],[119.88,26.363],[119.856,26.378],[119.826,26.427],[119.798,26.411],[119.78,26.375],[119.748,26.359],[119.747,26.328],[119.682,26.317],[119.656,26.356],[119.654,26.429],[119.573,26.438],[119.58,26.471],[119.62,26.468],[119.654,26.498],[119.69,26.459],[119.738,26.444],[119.762,26.407],[119.792,26.413],[119.819,26.453],[119.812,26.475],[119.762,26.551],[119.785,26.578],[119.736,26.591],[119.735,26.612],[119.701,26.609],[119.675,26.619],[119.619,26.588],[119.592,26.591],[119.554,26.615],[119.541,26.656],[119.568,26.665],[119.6,26.646],[119.608,26.684],[119.596,26.703],[119.559,26.708],[119.552,26.749],[119.585,26.795],[119.622,26.787],[119.627,26.749],[119.646,26.753],[119.696,26.708],[119.727,26.718],[119.684,26.754],[119.675,26.776],[119.692,26.817],[119.712,26.808],[119.733,26.763],[119.756,26.738],[119.771,26.759],[119.765,26.794],[119.782,26.829],[119.816,26.798],[119.802,26.767],[119.792,26.705],[119.829,26.715],[119.854,26.688],[119.857,26.654],[119.902,26.66],[119.888,26.687],[119.924,26.732],[119.936,26.759],[119.925,26.792],[119.946,26.797],[120.015,26.79],[120.067,26.8],[120.078,26.786],[120.032,26.729],[120.011,26.721],[119.986,26.68],[119.984,26.654],[119.929,26.626],[119.869,26.61],[119.855,26.572],[119.833,26.55],[119.847,26.524],[119.884,26.523],[119.936,26.56],[119.941,26.593],[119.96,26.611],[120.015,26.611],[120.08,26.646],[120.08,26.617],[120.121,26.646],[120.104,26.675],[120.108,26.701],[120.144,26.71],[120.143,26.733],[120.112,26.736],[120.098,26.758],[120.128,26.797],[120.025,26.838],[120.025,26.86],[120.066,26.898],[120.083,26.886],[120.121,26.9],[120.126,26.927],[120.168,26.927],[120.201,26.915],[120.237,26.927],[120.236,26.966],[120.193,26.981],[120.255,26.997],[120.242,27.034],[120.264,27.099],[120.283,27.112],[120.358,27.098],[120.381,27.125],[120.408,27.133],[120.422,27.153],[120.37,27.187],[120.365,27.225],[120.347,27.243],[120.306,27.215],[120.257,27.257],[120.209,27.235],[120.196,27.263],[120.226,27.269],[120.276,27.317],[120.319,27.29],[120.288,27.264],[120.303,27.242],[120.347,27.249],[120.376,27.236],[120.407,27.184],[120.419,27.206]]],[[[118.093,24.556],[118.072,24.498],[118.082,24.482],[118.073,24.453],[118.092,24.438],[118.136,24.429],[118.154,24.437],[118.164,24.472],[118.189,24.503],[118.181,24.535],[118.138,24.537],[118.093,24.556]]],[[[119.847,25.536],[119.875,25.557],[119.83,25.572],[119.813,25.609],[119.78,25.617],[119.777,25.652],[119.73,25.646],[119.693,25.594],[119.73,25.581],[119.716,25.536],[119.759,25.531],[119.749,25.503],[119.696,25.509],[119.678,25.482],[119.712,25.47],[119.693,25.438],[119.722,25.414],[119.757,25.405],[119.758,25.433],[119.795,25.463],[119.84,25.479],[119.806,25.496],[119.799,25.516],[119.819,25.546],[119.847,25.536]]],[[[119.551,25.209],[119.523,25.208],[119.47,25.252],[119.445,25.229],[119.461,25.203],[119.513,25.199],[119.517,25.171],[119.542,25.165],[119.551,25.209]]],[[[119.347,25.567],[119.332,25.571],[119.305,25.543],[119.282,25.483],[119.297,25.423],[119.335,25.438],[119.331,25.467],[119.352,25.552],[119.347,25.567]]],[[[119.627,26.108],[119.599,26.128],[119.554,26.096],[119.565,26.08],[119.62,26.064],[119.644,26.078],[119.627,26.108]]],[[[120.327,26.94],[120.353,26.924],[120.386,26.935],[120.363,26.963],[120.337,26.97],[120.327,26.94]]]]}},{"type":"Feature","properties":{"id":"cn-gd"},"geometry":{"type":"MultiPolygon","coordinates":[[[[109.748,21.575],[109.783,21.546],[109.801,21.555],[109.803,21.473],[109.887,21.482],[109.918,21.489],[109.941,21.437],[109.905,21.391],[109.924,21.363],[109.807,21.356],[109.8,21.333],[109.774,21.319],[109.766,21.288],[109.773,21.215],[109.736,21.169],[109.72,21.183],[109.696,21.17],[109.67,21.123],[109.71,21.057],[109.681,20.994],[109.691,20.959],[109.661,20.928],[109.666,20.881],[109.689,20.835],[109.714,20.834],[109.732,20.855],[109.773,20.822],[109.758,20.793],[109.773,20.767],[109.76,20.73],[109.787,20.691],[109.752,20.674],[109.746,20.63],[109.776,20.631],[109.802,20.616],[109.828,20.555],[109.822,20.517],[109.85,20.501],[109.883,20.498],[109.915,20.457],[109.972,20.465],[110.01,20.434],[110.015,20.418],[109.975,20.355],[109.946,20.396],[109.896,20.431],[109.886,20.366],[109.917,20.352],[109.931,20.318],[109.915,20.248],[109.951,20.272],[110.027,20.301],[110.058,20.296],[110.07,20.278],[110.128,20.248],[110.188,20.253],[110.197,20.27],[110.237,20.275],[110.28,20.253],[110.344,20.279],[110.362,20.305],[110.4,20.301],[110.459,20.362],[110.475,20.398],[110.502,20.413],[110.534,20.478],[110.511,20.528],[110.479,20.568],[110.452,20.568],[110.409,20.586],[110.397,20.616],[110.363,20.643],[110.326,20.631],[110.328,20.678],[110.309,20.684],[110.337,20.726],[110.308,20.739],[110.332,20.768],[110.321,20.794],[110.348,20.803],[110.349,20.746],[110.369,20.72],[110.397,20.718],[110.409,20.751],[110.403,20.79],[110.386,20.826],[110.342,20.842],[110.32,20.86],[110.287,20.842],[110.212,20.841],[110.157,20.849],[110.172,20.877],[110.149,20.924],[110.157,20.986],[110.204,21.067],[110.222,21.033],[110.269,21.089],[110.334,21.116],[110.347,21.133],[110.394,21.163],[110.41,21.224],[110.385,21.271],[110.363,21.288],[110.368,21.325],[110.389,21.329],[110.394,21.364],[110.42,21.377],[110.434,21.309],[110.465,21.349],[110.486,21.329],[110.445,21.308],[110.431,21.191],[110.481,21.217],[110.636,21.23],[110.643,21.253],[110.616,21.301],[110.617,21.345],[110.642,21.337],[110.676,21.31],[110.705,21.349],[110.744,21.383],[110.791,21.404],[110.869,21.385],[110.966,21.433],[110.993,21.425],[111.025,21.457],[110.996,21.508],[111.034,21.531],[111.075,21.514],[111.088,21.48],[111.144,21.466],[111.226,21.499],[111.184,21.506],[111.206,21.532],[111.301,21.499],[111.269,21.452],[111.292,21.451],[111.363,21.507],[111.438,21.534],[111.476,21.514],[111.538,21.52],[111.596,21.534],[111.63,21.53],[111.666,21.559],[111.69,21.604],[111.728,21.616],[111.788,21.616],[111.772,21.635],[111.78,21.675],[111.761,21.726],[111.696,21.761],[111.726,21.767],[111.794,21.745],[111.829,21.749],[111.842,21.699],[111.839,21.678],[111.884,21.683],[111.915,21.719],[111.992,21.764],[111.946,21.786],[111.904,21.815],[111.891,21.867],[111.89,21.925],[111.912,21.914],[111.952,21.865],[111.969,21.824],[111.993,21.834],[112.013,21.804],[112.047,21.795],[112.086,21.796],[112.173,21.814],[112.201,21.827],[112.199,21.787],[112.182,21.753],[112.227,21.73],[112.245,21.707],[112.286,21.709],[112.363,21.733],[112.388,21.756],[112.404,21.812],[112.388,21.862],[112.391,21.901],[112.357,21.98],[112.365,22.034],[112.393,22.056],[112.376,21.987],[112.405,21.943],[112.469,21.956],[112.481,21.945],[112.424,21.918],[112.411,21.901],[112.415,21.868],[112.443,21.828],[112.551,21.773],[112.579,21.767],[112.608,21.775],[112.648,21.823],[112.645,21.849],[112.686,21.87],[112.706,21.892],[112.738,21.897],[112.744,21.932],[112.826,21.966],[112.859,21.933],[112.879,21.875],[112.912,21.856],[112.957,21.876],[112.98,21.901],[112.989,21.937],[113.017,21.943],[113.029,21.961],[113.016,22.058],[113.027,22.143],[113.058,22.121],[113.077,22.147],[113.085,22.208],[113.113,22.187],[113.127,22.161],[113.111,22.099],[113.119,22.066],[113.157,22.025],[113.195,22.046],[113.231,22.043],[113.256,22.083],[113.247,22.103],[113.263,22.137],[113.282,22.145],[113.303,22.183],[113.351,22.172],[113.402,22.18],[113.354,22.244],[113.329,22.268],[113.227,22.425],[113.166,22.479],[113.158,22.507],[113.178,22.564],[113.243,22.457],[113.256,22.404],[113.303,22.344],[113.352,22.308],[113.365,22.268],[113.412,22.226],[113.426,22.186],[113.459,22.158],[113.484,22.155],[113.53,22.202],[113.539,22.222],[113.588,22.238],[113.574,22.301],[113.592,22.316],[113.61,22.37],[113.558,22.381],[113.546,22.438],[113.563,22.48],[113.595,22.523],[113.599,22.575],[113.564,22.614],[113.553,22.638],[113.476,22.7],[113.44,22.739],[113.452,22.755],[113.494,22.775],[113.426,22.816],[113.368,22.881],[113.337,22.898],[113.43,22.931],[113.474,22.918],[113.504,22.99],[113.502,23.02],[113.481,23.052],[113.419,23.065],[113.417,23.097],[113.494,23.063],[113.525,23.067],[113.593,23.111],[113.626,23.118],[113.674,23.15],[113.703,23.158],[113.784,23.132],[113.758,23.122],[113.72,23.138],[113.637,23.109],[113.582,23.098],[113.536,23.063],[113.528,23.038],[113.533,22.996],[113.554,22.988],[113.583,23.021],[113.612,22.995],[113.611,22.934],[113.592,22.889],[113.617,22.89],[113.663,22.798],[113.654,22.759],[113.685,22.747],[113.7,22.761],[113.744,22.761],[113.765,22.735],[113.773,22.672],[113.794,22.662],[113.799,22.631],[113.844,22.562],[113.894,22.521],[113.866,22.511],[113.89,22.453],[113.91,22.486],[113.948,22.49],[113.952,22.524],[113.999,22.531],[114.055,22.507],[114.091,22.534],[114.117,22.528],[114.149,22.538],[114.162,22.561],[114.221,22.555],[114.276,22.588],[114.328,22.605],[114.34,22.598],[114.396,22.614],[114.424,22.602],[114.445,22.572],[114.48,22.546],[114.476,22.509],[114.485,22.468],[114.516,22.453],[114.542,22.478],[114.571,22.484],[114.618,22.514],[114.593,22.542],[114.537,22.567],[114.509,22.55],[114.495,22.562],[114.529,22.598],[114.561,22.609],[114.583,22.655],[114.548,22.645],[114.5,22.653],[114.524,22.687],[114.571,22.702],[114.563,22.733],[114.603,22.74],[114.645,22.767],[114.717,22.791],[114.755,22.782],[114.785,22.816],[114.817,22.8],[114.813,22.775],[114.753,22.75],[114.739,22.711],[114.754,22.693],[114.737,22.669],[114.744,22.609],[114.806,22.593],[114.866,22.602],[114.887,22.591],[114.88,22.559],[114.919,22.561],[114.902,22.598],[114.939,22.657],[114.967,22.676],[114.937,22.709],[114.878,22.73],[114.889,22.764],[114.917,22.744],[114.942,22.754],[114.96,22.696],[114.985,22.689],[115.029,22.708],[115.018,22.737],[115.065,22.796],[115.151,22.81],[115.196,22.832],[115.246,22.835],[115.292,22.895],[115.317,22.905],[115.303,22.839],[115.233,22.805],[115.233,22.788],[115.331,22.789],[115.364,22.764],[115.411,22.788],[115.424,22.762],[115.389,22.747],[115.351,22.747],[115.338,22.733],[115.374,22.694],[115.421,22.69],[115.465,22.701],[115.536,22.668],[115.575,22.668],[115.563,22.706],[115.59,22.737],[115.567,22.747],[115.556,22.714],[115.524,22.742],[115.559,22.836],[115.53,22.838],[115.494,22.861],[115.506,22.898],[115.548,22.895],[115.533,22.862],[115.561,22.849],[115.584,22.88],[115.653,22.894],[115.692,22.929],[115.73,22.934],[115.721,22.905],[115.682,22.888],[115.704,22.869],[115.763,22.841],[115.81,22.808],[115.815,22.786],[115.798,22.754],[115.826,22.747],[115.843,22.77],[115.883,22.795],[115.904,22.789],[115.933,22.806],[115.958,22.805],[115.997,22.837],[116.048,22.852],[116.076,22.868],[116.096,22.826],[116.171,22.864],[116.221,22.919],[116.298,22.963],[116.338,22.952],[116.38,22.929],[116.459,22.947],[116.495,22.939],[116.518,22.967],[116.522,22.998],[116.563,23.019],[116.548,23.066],[116.552,23.087],[116.534,23.109],[116.545,23.145],[116.57,23.178],[116.601,23.197],[116.603,23.218],[116.564,23.223],[116.527,23.201],[116.509,23.234],[116.57,23.247],[116.612,23.239],[116.615,23.178],[116.647,23.163],[116.671,23.215],[116.731,23.258],[116.784,23.212],[116.766,23.297],[116.749,23.326],[116.709,23.32],[116.691,23.339],[116.661,23.337],[116.642,23.319],[116.588,23.316],[116.573,23.324],[116.523,23.378],[116.522,23.411],[116.553,23.414],[116.569,23.391],[116.658,23.354],[116.693,23.36],[116.773,23.349],[116.867,23.45],[116.873,23.474],[116.854,23.497],[116.855,23.525],[116.886,23.573],[116.872,23.607],[116.918,23.638],[116.951,23.611],[116.985,23.64],[117.023,23.659],[117.068,23.651],[117.078,23.639],[117.078,23.565],[117.099,23.554],[117.128,23.572],[117.151,23.607],[117.175,23.616],[117.137,23.66],[117.094,23.678],[117.053,23.711],[117.037,23.738],[116.999,23.87],[116.974,23.914],[116.955,23.995],[116.939,24.017],[116.925,24.078],[116.941,24.144],[116.968,24.185],[116.943,24.239],[116.882,24.394],[116.832,24.443],[116.824,24.481],[116.757,24.526],[116.749,24.551],[116.757,24.597],[116.775,24.646],[116.745,24.671],[116.66,24.67],[116.604,24.656],[116.53,24.615],[116.501,24.629],[116.478,24.685],[116.433,24.74],[116.385,24.812],[116.372,24.841],[116.343,24.838],[116.275,24.807],[116.256,24.84],[116.194,24.851],[116.115,24.846],[116.052,24.874],[116.036,24.894],[115.988,24.894],[115.953,24.913],[115.888,24.917],[115.906,24.885],[115.885,24.87],[115.836,24.876],[115.787,24.861],[115.758,24.829],[115.749,24.748],[115.782,24.685],[115.783,24.623],[115.799,24.573],[115.706,24.546],[115.684,24.553],[115.651,24.585],[115.599,24.609],[115.541,24.685],[115.486,24.72],[115.454,24.766],[115.421,24.785],[115.341,24.763],[115.333,24.747],[115.293,24.763],[115.24,24.746],[115.18,24.697],[115.139,24.684],[115.093,24.688],[115.047,24.707],[115.019,24.686],[114.945,24.67],[114.919,24.65],[114.89,24.605],[114.863,24.588],[114.82,24.623],[114.777,24.633],[114.74,24.625],[114.712,24.555],[114.663,24.563],[114.642,24.585],[114.58,24.555],[114.498,24.556],[114.425,24.5],[114.391,24.511],[114.362,24.565],[114.289,24.596],[114.248,24.645],[114.182,24.659],[114.192,24.695],[114.269,24.733],[114.302,24.759],[114.338,24.826],[114.384,24.885],[114.388,24.93],[114.414,24.98],[114.475,25.004],[114.548,25.054],[114.623,25.072],[114.676,25.106],[114.729,25.119],[114.722,25.136],[114.683,25.163],[114.717,25.246],[114.707,25.29],[114.686,25.305],[114.632,25.322],[114.58,25.36],[114.569,25.407],[114.527,25.414],[114.486,25.382],[114.429,25.386],[114.384,25.335],[114.321,25.313],[114.279,25.292],[114.203,25.295],[114.14,25.311],[114.115,25.308],[114.065,25.278],[114.026,25.268],[114.004,25.287],[114.026,25.344],[114.013,25.396],[114.012,25.435],[113.98,25.424],[113.928,25.448],[113.88,25.433],[113.852,25.384],[113.828,25.357],[113.764,25.341],[113.714,25.361],[113.682,25.361],[113.637,25.35],[113.582,25.326],[113.523,25.386],[113.463,25.377],[113.422,25.384],[113.391,25.411],[113.358,25.424],[113.309,25.464],[113.283,25.518],[113.217,25.506],[113.148,25.466],[113.09,25.414],[113.01,25.369],[112.95,25.352],[112.917,25.325],[112.881,25.342],[112.852,25.328],[112.866,25.266],[112.889,25.241],[112.96,25.252],[113.015,25.246],[113.021,25.214],[112.969,25.181],[112.973,25.1],[112.959,25.056],[112.964,25.024],[112.993,24.975],[112.989,24.964],[112.926,24.958],[112.851,24.939],[112.808,24.943],[112.714,25],[112.695,25.035],[112.693,25.067],[112.663,25.113],[112.611,25.138],[112.544,25.132],[112.458,25.164],[112.382,25.163],[112.332,25.181],[112.264,25.176],[112.214,25.2],[112.186,25.188],[112.183,25.153],[112.157,25.08],[112.149,25.033],[112.121,24.949],[112.165,24.912],[112.166,24.889],[112.145,24.794],[112.107,24.812],[112.066,24.797],[112.018,24.743],[111.997,24.736],[111.955,24.719],[111.932,24.698],[111.943,24.661],[111.923,24.633],[111.933,24.601],[111.976,24.564],[112.006,24.553],[111.988,24.499],[111.991,24.466],[112.047,24.381],[112.052,24.359],[112.037,24.333],[111.976,24.277],[111.935,24.274],[111.869,24.232],[111.863,24.198],[111.878,24.153],[111.878,24.081],[111.901,24.015],[111.899,23.991],[111.868,23.95],[111.823,23.928],[111.808,23.909],[111.793,23.849],[111.75,23.832],[111.697,23.847],[111.658,23.842],[111.63,23.806],[111.614,23.76],[111.614,23.73],[111.63,23.694],[111.601,23.658],[111.55,23.651],[111.471,23.613],[111.469,23.558],[111.446,23.512],[111.391,23.431],[111.365,23.341],[111.363,23.273],[111.384,23.2],[111.37,23.139],[111.384,23.099],[111.405,23.084],[111.411,23.053],[111.38,22.983],[111.361,22.974],[111.351,22.908],[111.322,22.882],[111.277,22.819],[111.181,22.749],[111.066,22.741],[111.08,22.692],[111.024,22.639],[110.975,22.652],[110.944,22.649],[110.931,22.617],[110.889,22.608],[110.87,22.594],[110.823,22.591],[110.786,22.565],[110.755,22.58],[110.727,22.485],[110.679,22.467],[110.704,22.428],[110.697,22.369],[110.75,22.328],[110.775,22.284],[110.732,22.268],[110.696,22.28],[110.671,22.268],[110.645,22.222],[110.642,22.183],[110.591,22.16],[110.539,22.18],[110.499,22.147],[110.467,22.151],[110.414,22.198],[110.334,22.19],[110.351,22.137],[110.355,22.101],[110.344,21.992],[110.38,21.952],[110.377,21.903],[110.356,21.889],[110.299,21.897],[110.216,21.875],[110.142,21.897],[110.09,21.895],[110.052,21.875],[109.967,21.867],[109.95,21.841],[109.917,21.687],[109.894,21.661],[109.827,21.637],[109.796,21.635],[109.761,21.66],[109.746,21.649],[109.748,21.575]]],[[[111.963,21.658],[111.928,21.664],[111.884,21.65],[111.835,21.644],[111.842,21.607],[111.822,21.562],[111.863,21.568],[111.897,21.596],[111.981,21.612],[112.007,21.637],[112,21.654],[111.963,21.658]]],[[[112.645,21.713],[112.578,21.683],[112.56,21.648],[112.524,21.627],[112.58,21.616],[112.616,21.619],[112.65,21.64],[112.638,21.664],[112.655,21.698],[112.645,21.713]]],[[[112.844,21.774],[112.778,21.773],[112.765,21.732],[112.748,21.733],[112.712,21.703],[112.716,21.68],[112.774,21.692],[112.768,21.663],[112.734,21.629],[112.765,21.582],[112.79,21.578],[112.811,21.658],[112.798,21.706],[112.832,21.736],[112.863,21.746],[112.844,21.774]]],[[[113.391,22.028],[113.41,22.064],[113.373,22.08],[113.344,22.069],[113.309,22.024],[113.323,22.012],[113.406,22.007],[113.391,22.028]]],[[[113.365,22.158],[113.272,22.12],[113.269,22.088],[113.289,22.069],[113.314,22.076],[113.336,22.1],[113.365,22.158]]],[[[113.594,22.785],[113.573,22.83],[113.527,22.847],[113.488,22.893],[113.433,22.912],[113.405,22.908],[113.402,22.883],[113.456,22.831],[113.495,22.814],[113.558,22.758],[113.595,22.756],[113.594,22.785]]],[[[117.072,23.473],[117.049,23.474],[117.038,23.447],[117.01,23.439],[116.982,23.459],[116.948,23.422],[117.004,23.42],[117.049,23.405],[117.083,23.411],[117.129,23.399],[117.142,23.45],[117.109,23.482],[117.09,23.461],[117.072,23.473]]],[[[110.596,20.959],[110.548,20.918],[110.589,20.883],[110.625,20.915],[110.628,20.949],[110.596,20.959]]],[[[110.548,21.037],[110.539,21.073],[110.507,21.082],[110.473,21.062],[110.408,21.048],[110.39,21.096],[110.343,21.075],[110.287,21.074],[110.29,21.054],[110.246,21.028],[110.265,21.004],[110.267,20.973],[110.363,21.006],[110.441,21.006],[110.493,20.978],[110.521,20.972],[110.548,21.037]]],[[[110.617,21.191],[110.577,21.191],[110.55,21.202],[110.504,21.188],[110.488,21.209],[110.453,21.201],[110.434,21.187],[110.461,21.151],[110.507,21.144],[110.506,21.127],[110.543,21.105],[110.565,21.113],[110.599,21.178],[110.617,21.191]]],[[[110.471,20.647],[110.437,20.668],[110.436,20.638],[110.448,20.596],[110.476,20.596],[110.471,20.647]]],[[[113.278,21.925],[113.258,21.947],[113.232,21.934],[113.226,21.901],[113.268,21.886],[113.278,21.925]]],[[[113.772,22],[113.736,21.997],[113.764,21.967],[113.772,22]]],[[[114.307,22.057],[114.293,22.058],[114.217,22.032],[114.222,22.022],[114.303,22.045],[114.307,22.057]]],[[[113.473,22.099],[113.485,22.071],[113.539,22.082],[113.519,22.127],[113.472,22.114],[113.473,22.099]]],[[[113.623,22.44],[113.612,22.398],[113.642,22.4],[113.658,22.432],[113.623,22.44]]],[[[113.547,22.742],[113.526,22.745],[113.477,22.731],[113.491,22.706],[113.562,22.656],[113.603,22.612],[113.628,22.596],[113.645,22.625],[113.636,22.656],[113.575,22.699],[113.547,22.742]]],[[[113.529,22.96],[113.506,22.952],[113.51,22.921],[113.545,22.88],[113.554,22.911],[113.529,22.96]]],[[[116.996,23.564],[116.936,23.536],[116.951,23.517],[116.988,23.524],[116.996,23.564]]]]}},{"type":"Feature","properties":{"id":"cn-gs"},"geometry":{"type":"Polygon","coordinates":[[[96.366,42.723],[96.091,42.587],[96.053,42.541],[96.044,42.5],[96.018,42.139],[96.025,42.082],[96.041,42.044],[96.036,41.995],[95.952,41.919],[95.864,41.855],[95.806,41.832],[95.772,41.83],[95.492,41.856],[95.058,41.789],[94.581,41.585],[94.011,41.104],[93.76,40.823],[93.715,40.743],[93.669,40.683],[93.577,40.588],[93.503,40.548],[93.398,40.517],[93.319,40.477],[93.286,40.469],[93.037,40.49],[92.99,40.488],[92.942,40.473],[92.926,40.423],[92.92,40.118],[92.907,40.079],[92.777,39.906],[92.766,39.878],[92.772,39.811],[92.948,39.452],[92.954,39.392],[92.941,39.311],[92.936,39.153],[93.002,39.146],[93.036,39.152],[93.074,39.178],[93.14,39.199],[93.198,39.188],[93.276,39.189],[93.405,39.217],[93.502,39.272],[93.539,39.281],[93.645,39.28],[93.722,39.307],[93.845,39.295],[93.909,39.286],[93.97,39.304],[94.059,39.309],[94.117,39.322],[94.479,39.318],[94.553,39.301],[94.631,39.295],[94.668,39.279],[94.725,39.237],[94.85,39.205],[94.912,39.198],[94.982,39.157],[95.057,39.147],[95.136,39.164],[95.219,39.16],[95.305,39.183],[95.355,39.135],[95.461,39.047],[95.496,39.03],[95.566,39.015],[95.602,38.971],[95.687,38.896],[95.722,38.875],[95.788,38.862],[95.892,38.784],[96.008,38.752],[96.031,38.731],[96.055,38.679],[96.086,38.667],[96.126,38.67],[96.182,38.643],[96.233,38.633],[96.283,38.635],[96.315,38.627],[96.394,38.582],[96.503,38.549],[96.513,38.529],[96.503,38.5],[96.51,38.47],[96.568,38.444],[96.676,38.415],[96.749,38.379],[96.845,38.356],[96.912,38.351],[96.945,38.358],[96.959,38.387],[96.971,38.567],[96.963,38.603],[96.942,38.639],[96.948,38.669],[96.969,38.68],[96.981,38.744],[96.971,38.864],[96.983,38.912],[96.991,38.997],[96.984,39.041],[96.963,39.103],[96.998,39.179],[97.026,39.196],[97.137,39.203],[97.363,39.15],[97.675,39.005],[97.698,38.981],[98.021,38.836],[98.069,38.802],[98.103,38.815],[98.194,38.875],[98.263,38.932],[98.284,38.983],[98.324,39.023],[98.383,39.009],[98.417,38.973],[98.445,38.957],[98.527,38.957],[98.602,38.948],[98.652,38.97],[98.714,39.019],[98.735,39.062],[98.782,39.068],[98.849,39.044],[98.902,39.036],[98.929,39.02],[98.962,38.982],[98.988,38.974],[99.064,38.976],[99.095,38.958],[99.088,38.924],[99.099,38.89],[99.36,38.706],[99.446,38.625],[99.496,38.601],[99.52,38.555],[99.557,38.515],[99.8,38.366],[99.833,38.352],[99.915,38.338],[100.001,38.314],[100.079,38.278],[100.116,38.251],[100.146,38.214],[100.17,38.221],[100.156,38.303],[100.116,38.334],[100.083,38.395],[100.099,38.477],[100.141,38.486],[100.203,38.441],[100.236,38.395],[100.28,38.372],[100.309,38.338],[100.358,38.307],[100.412,38.292],[100.497,38.289],[100.554,38.252],[100.58,38.209],[100.602,38.127],[100.636,38.105],[100.932,38.001],[100.999,37.986],[101.05,37.964],[101.293,37.799],[101.647,37.612],[101.693,37.598],[101.732,37.552],[101.766,37.525],[101.802,37.526],[101.813,37.544],[101.819,37.604],[101.937,37.731],[101.972,37.72],[101.996,37.615],[102.054,37.579],[102.067,37.548],[102.037,37.501],[102.033,37.479],[102.053,37.452],[102.142,37.407],[102.188,37.408],[102.246,37.381],[102.351,37.303],[102.427,37.278],[102.461,37.242],[102.518,37.2],[102.551,37.164],[102.55,37.119],[102.496,37.089],[102.48,37.003],[102.46,36.956],[102.477,36.94],[102.556,36.9],[102.589,36.857],[102.63,36.836],[102.675,36.802],[102.682,36.765],[102.667,36.741],[102.615,36.729],[102.592,36.687],[102.611,36.657],[102.698,36.609],[102.736,36.529],[102.77,36.498],[102.808,36.353],[102.819,36.326],[102.894,36.309],[102.942,36.269],[102.981,36.261],[103.04,36.216],[103.019,36.2],[102.933,36.086],[102.931,36.054],[102.984,36.015],[103,35.991],[102.97,35.943],[102.981,35.874],[102.976,35.833],[102.9,35.85],[102.873,35.846],[102.838,35.861],[102.788,35.86],[102.735,35.83],[102.7,35.839],[102.68,35.757],[102.69,35.711],[102.712,35.662],[102.721,35.619],[102.72,35.566],[102.702,35.524],[102.644,35.518],[102.577,35.536],[102.535,35.536],[102.481,35.501],[102.453,35.459],[102.426,35.435],[102.338,35.43],[102.289,35.407],[102.299,35.351],[102.266,35.306],[102.265,35.281],[102.318,35.275],[102.334,35.241],[102.376,35.204],[102.374,35.174],[102.337,35.153],[102.296,35.106],[102.267,35.056],[102.195,35.038],[102.143,35.005],[102.114,34.977],[102.06,34.949],[102.009,34.942],[101.999,34.925],[101.932,34.879],[101.913,34.845],[101.923,34.787],[101.895,34.75],[101.852,34.763],[101.805,34.728],[101.755,34.704],[101.753,34.68],[101.793,34.632],[101.818,34.624],[101.854,34.633],[101.883,34.658],[101.914,34.661],[101.932,34.591],[101.959,34.558],[102.013,34.536],[102.053,34.539],[102.104,34.524],[102.15,34.495],[102.179,34.432],[102.207,34.393],[102.212,34.352],[102.169,34.322],[102.162,34.294],[102.107,34.282],[102.077,34.267],[102.063,34.238],[102.02,34.219],[102.012,34.178],[101.973,34.17],[101.962,34.14],[101.931,34.132],[101.887,34.146],[101.863,34.141],[101.834,34.107],[101.78,34.068],[101.738,34.089],[101.729,34.109],[101.647,34.136],[101.612,34.191],[101.53,34.219],[101.489,34.219],[101.365,34.253],[101.324,34.26],[101.256,34.3],[101.209,34.302],[101.157,34.319],[101.084,34.325],[101.036,34.339],[100.961,34.379],[100.935,34.386],[100.9,34.369],[100.874,34.34],[100.815,34.295],[100.781,34.206],[100.792,34.155],[100.851,34.087],[100.893,34.03],[100.948,33.93],[101.009,33.881],[101.129,33.851],[101.155,33.805],[101.166,33.756],[101.16,33.664],[101.183,33.655],[101.228,33.674],[101.292,33.647],[101.349,33.637],[101.4,33.645],[101.444,33.678],[101.496,33.705],[101.516,33.703],[101.547,33.676],[101.577,33.631],[101.596,33.58],[101.613,33.512],[101.64,33.505],[101.707,33.504],[101.74,33.524],[101.778,33.53],[101.79,33.561],[101.788,33.593],[101.818,33.599],[101.884,33.546],[101.886,33.497],[101.922,33.444],[101.923,33.406],[101.889,33.329],[101.832,33.269],[101.826,33.235],[101.856,33.184],[101.864,33.123],[101.901,33.147],[101.969,33.202],[102.004,33.219],[102.077,33.215],[102.099,33.222],[102.131,33.285],[102.17,33.314],[102.229,33.324],[102.256,33.343],[102.279,33.378],[102.305,33.392],[102.386,33.41],[102.44,33.449],[102.482,33.465],[102.455,33.513],[102.454,33.536],[102.482,33.54],[102.403,33.594],[102.356,33.609],[102.325,33.653],[102.343,33.725],[102.3,33.781],[102.247,33.798],[102.258,33.838],[102.195,33.919],[102.171,33.942],[102.203,33.961],[102.269,33.981],[102.319,33.987],[102.327,33.975],[102.372,33.976],[102.406,33.999],[102.441,34.06],[102.477,34.074],[102.618,34.084],[102.636,34.11],[102.575,34.14],[102.598,34.165],[102.708,34.214],[102.75,34.259],[102.782,34.274],[102.854,34.284],[102.89,34.298],[102.931,34.296],[103.001,34.214],[103.042,34.19],[103.12,34.169],[103.132,34.159],[103.152,34.109],[103.153,34.049],[103.142,33.962],[103.152,33.922],[103.193,33.884],[103.184,33.822],[103.204,33.797],[103.272,33.765],[103.351,33.756],[103.436,33.77],[103.518,33.811],[103.559,33.807],[103.526,33.739],[103.523,33.714],[103.553,33.701],[103.623,33.714],[103.659,33.711],[103.694,33.691],[103.745,33.676],[103.804,33.671],[103.915,33.683],[104.093,33.669],[104.132,33.652],[104.156,33.624],[104.174,33.562],[104.165,33.532],[104.175,33.49],[104.227,33.423],[104.258,33.404],[104.293,33.364],[104.357,33.343],[104.383,33.326],[104.368,33.304],[104.308,33.303],[104.281,33.272],[104.297,33.193],[104.328,33.14],[104.406,33.063],[104.414,33.023],[104.394,32.975],[104.378,32.959],[104.321,32.953],[104.291,32.923],[104.276,32.882],[104.289,32.848],[104.342,32.82],[104.406,32.809],[104.484,32.739],[104.558,32.688],[104.645,32.658],[104.761,32.644],[104.841,32.64],[104.898,32.612],[104.938,32.614],[105.032,32.639],[105.059,32.633],[105.088,32.6],[105.113,32.594],[105.147,32.608],[105.183,32.655],[105.213,32.663],[105.27,32.642],[105.311,32.667],[105.387,32.723],[105.437,32.746],[105.435,32.774],[105.386,32.823],[105.375,32.848],[105.385,32.874],[105.431,32.911],[105.464,32.922],[105.499,32.907],[105.639,32.885],[105.698,32.894],[105.734,32.907],[105.782,32.948],[105.822,32.965],[105.859,32.963],[105.886,32.978],[105.911,33.032],[105.898,33.149],[105.903,33.18],[105.923,33.211],[105.913,33.234],[105.844,33.243],[105.747,33.294],[105.718,33.342],[105.718,33.389],[105.74,33.403],[105.785,33.406],[105.81,33.433],[105.832,33.498],[105.904,33.536],[105.952,33.553],[105.984,33.58],[105.993,33.611],[106.073,33.618],[106.094,33.609],[106.119,33.574],[106.171,33.562],[106.307,33.612],[106.344,33.607],[106.393,33.619],[106.435,33.601],[106.447,33.571],[106.496,33.544],[106.543,33.563],[106.559,33.599],[106.558,33.634],[106.54,33.661],[106.482,33.701],[106.465,33.737],[106.455,33.803],[106.482,33.837],[106.48,33.868],[106.446,33.875],[106.424,33.899],[106.43,33.942],[106.455,33.97],[106.498,34.043],[106.514,34.107],[106.537,34.127],[106.587,34.137],[106.586,34.16],[106.552,34.242],[106.497,34.266],[106.554,34.281],[106.656,34.254],[106.686,34.269],[106.691,34.291],[106.674,34.385],[106.627,34.42],[106.614,34.459],[106.573,34.483],[106.535,34.49],[106.498,34.52],[106.368,34.52],[106.328,34.559],[106.318,34.583],[106.369,34.625],[106.404,34.68],[106.432,34.706],[106.492,34.741],[106.507,34.778],[106.543,34.82],[106.55,34.863],[106.501,34.926],[106.505,34.979],[106.491,35.03],[106.53,35.047],[106.565,35.08],[106.625,35.077],[106.77,35.095],[106.811,35.087],[106.915,35.089],[106.956,35.06],[107.03,35.048],[107.052,35.038],[107.099,34.98],[107.17,34.933],[107.211,34.892],[107.274,34.915],[107.286,34.934],[107.321,34.942],[107.363,34.934],[107.424,34.943],[107.497,34.926],[107.57,34.965],[107.622,34.956],[107.71,34.951],[107.83,34.977],[107.841,35.006],[107.825,35.027],[107.76,35.079],[107.705,35.179],[107.67,35.228],[107.73,35.252],[107.731,35.302],[107.742,35.318],[107.786,35.31],[107.862,35.274],[107.923,35.267],[107.979,35.223],[108.021,35.245],[108.072,35.258],[108.155,35.291],[108.214,35.292],[108.246,35.27],[108.277,35.263],[108.354,35.278],[108.447,35.27],[108.493,35.272],[108.53,35.291],[108.561,35.322],[108.617,35.393],[108.606,35.477],[108.604,35.548],[108.546,35.61],[108.517,35.665],[108.51,35.701],[108.523,35.776],[108.513,35.828],[108.493,35.881],[108.567,35.926],[108.611,35.967],[108.664,35.987],[108.677,36.005],[108.697,36.089],[108.7,36.126],[108.69,36.176],[108.65,36.226],[108.65,36.265],[108.682,36.295],[108.704,36.334],[108.704,36.359],[108.607,36.432],[108.533,36.458],[108.441,36.461],[108.401,36.488],[108.356,36.546],[108.244,36.573],[108.212,36.601],[108.168,36.569],[108.042,36.598],[108.025,36.62],[108.033,36.654],[107.965,36.669],[107.926,36.7],[107.887,36.755],[107.838,36.773],[107.758,36.79],[107.695,36.825],[107.617,36.824],[107.549,36.84],[107.522,36.853],[107.533,36.874],[107.501,36.891],[107.443,36.886],[107.3,36.907],[107.294,36.991],[107.278,37.044],[107.285,37.068],[107.244,37.098],[107.188,37.117],[107.126,37.125],[107.062,37.121],[107.026,37.109],[106.933,37.107],[106.847,37.143],[106.791,37.19],[106.747,37.206],[106.69,37.207],[106.644,37.182],[106.638,37.124],[106.62,37.057],[106.637,37.026],[106.634,36.998],[106.603,36.95],[106.575,36.931],[106.615,36.89],[106.649,36.834],[106.65,36.8],[106.622,36.742],[106.602,36.726],[106.554,36.732],[106.502,36.707],[106.487,36.648],[106.494,36.56],[106.485,36.534],[106.44,36.515],[106.443,36.488],[106.478,36.465],[106.495,36.437],[106.504,36.362],[106.5,36.341],[106.473,36.318],[106.497,36.268],[106.537,36.259],[106.604,36.278],[106.677,36.236],[106.745,36.207],[106.814,36.212],[106.876,36.16],[106.945,36.077],[106.929,36.001],[106.938,35.976],[106.914,35.953],[106.938,35.93],[106.915,35.907],[106.878,35.901],[106.843,35.882],[106.913,35.789],[106.855,35.735],[106.815,35.727],[106.767,35.707],[106.751,35.681],[106.728,35.677],[106.69,35.707],[106.595,35.727],[106.522,35.734],[106.47,35.727],[106.429,35.699],[106.449,35.62],[106.464,35.598],[106.501,35.577],[106.495,35.553],[106.43,35.557],[106.413,35.546],[106.443,35.499],[106.497,35.475],[106.483,35.374],[106.465,35.332],[106.378,35.261],[106.339,35.257],[106.313,35.274],[106.211,35.395],[106.177,35.413],[106.112,35.425],[106.05,35.422],[105.984,35.427],[105.908,35.404],[105.89,35.44],[105.912,35.451],[106.06,35.464],[106.065,35.488],[105.936,35.525],[105.904,35.518],[105.87,35.493],[105.829,35.494],[105.725,35.604],[105.687,35.66],[105.687,35.681],[105.72,35.689],[105.708,35.718],[105.667,35.717],[105.602,35.697],[105.563,35.7],[105.457,35.752],[105.432,35.756],[105.402,35.795],[105.388,35.83],[105.363,35.853],[105.318,35.933],[105.316,35.994],[105.351,36.058],[105.418,36.088],[105.437,36.107],[105.433,36.165],[105.447,36.207],[105.446,36.255],[105.428,36.324],[105.393,36.384],[105.348,36.418],[105.309,36.491],[105.269,36.55],[105.22,36.693],[105.237,36.74],[105.322,36.781],[105.305,36.82],[105.203,36.925],[105.18,36.972],[105.152,36.996],[105.09,37.026],[105.016,37.04],[104.965,37.064],[104.922,37.097],[104.869,37.186],[104.855,37.218],[104.801,37.243],[104.765,37.25],[104.709,37.215],[104.658,37.223],[104.621,37.249],[104.631,37.275],[104.668,37.281],[104.707,37.313],[104.722,37.339],[104.688,37.362],[104.69,37.412],[104.532,37.425],[104.49,37.442],[104.465,37.44],[104.409,37.401],[104.359,37.401],[104.326,37.408],[104.262,37.39],[104.179,37.436],[104.109,37.462],[103.864,37.626],[103.679,37.775],[103.655,37.786],[103.438,37.842],[103.421,37.86],[103.387,37.999],[103.383,38.054],[103.388,38.102],[103.414,38.117],[103.522,38.14],[103.529,38.161],[103.488,38.33],[103.443,38.393],[103.446,38.42],[103.471,38.436],[103.794,38.591],[103.873,38.643],[103.914,38.68],[103.98,38.759],[104.043,38.874],[104.06,38.895],[104.102,38.922],[104.147,38.938],[104.172,38.96],[104.217,39.035],[104.225,39.091],[104.208,39.119],[104.06,39.308],[104.046,39.348],[104.065,39.405],[104.061,39.427],[104.024,39.441],[103.749,39.425],[103.464,39.357],[103.284,39.293],[103.234,39.264],[103.136,39.225],[103.07,39.186],[103.006,39.13],[102.965,39.119],[102.831,39.13],[102.705,39.162],[102.593,39.178],[102.546,39.194],[102.472,39.232],[102.433,39.241],[102.393,39.237],[102.015,39.12],[101.855,39.091],[101.825,39.064],[101.859,39.031],[101.951,38.957],[102.023,38.893],[102.02,38.857],[101.992,38.829],[101.919,38.774],[101.831,38.69],[101.758,38.688],[101.65,38.701],[101.58,38.688],[101.414,38.749],[101.32,38.758],[101.312,38.786],[101.336,38.807],[101.328,38.826],[101.28,38.842],[101.248,38.87],[101.206,38.931],[101.204,38.957],[101.217,39],[101.18,39.021],[101.15,39.016],[101.098,38.991],[101.049,39.001],[100.941,39.064],[100.889,39.105],[100.852,39.167],[100.843,39.229],[100.849,39.292],[100.833,39.38],[100.79,39.408],[100.543,39.409],[100.507,39.419],[100.49,39.437],[100.485,39.473],[100.455,39.496],[100.353,39.517],[100.307,39.55],[100.302,39.593],[100.287,39.627],[100.257,39.657],[100.189,39.695],[100.043,39.728],[99.925,39.766],[99.843,39.803],[99.762,39.86],[99.686,39.876],[99.431,39.879],[99.459,39.924],[99.533,40.001],[99.627,40.069],[99.899,40.205],[99.957,40.273],[99.987,40.358],[100.014,40.402],[100.14,40.518],[100.19,40.58],[100.204,40.617],[100.2,40.677],[100.176,40.735],[100.075,40.859],[100.011,40.896],[99.767,40.91],[99.665,40.901],[99.539,40.851],[99.496,40.843],[99.157,40.836],[98.826,40.727],[98.77,40.67],[98.646,40.568],[98.572,40.541],[98.515,40.534],[98.246,40.525],[98.235,40.542],[98.327,40.856],[98.321,40.892],[98.294,40.917],[98.204,40.951],[98.018,41.09],[97.951,41.12],[97.837,41.217],[97.708,41.349],[97.659,41.413],[97.648,41.456],[97.68,41.502],[97.847,41.619],[97.191,42.787],[96.833,42.76],[96.366,42.723]]]}},{"type":"Feature","properties":{"id":"cn-gx"},"geometry":{"type":"MultiPolygon","coordinates":[[[[105.521,23.163],[105.535,23.136],[105.535,23.094],[105.552,23.06],[105.69,23.044],[105.72,23.02],[105.755,23.006],[105.836,22.917],[105.854,22.905],[105.887,22.93],[105.945,22.928],[105.974,22.94],[105.999,22.975],[106.078,22.981],[106.17,22.966],[106.202,22.947],[106.223,22.912],[106.234,22.864],[106.277,22.851],[106.316,22.854],[106.458,22.889],[106.488,22.925],[106.582,22.895],[106.61,22.853],[106.633,22.85],[106.667,22.868],[106.715,22.826],[106.731,22.8],[106.79,22.797],[106.791,22.772],[106.747,22.744],[106.736,22.695],[106.698,22.631],[106.68,22.579],[106.646,22.569],[106.608,22.61],[106.588,22.608],[106.569,22.575],[106.546,22.473],[106.527,22.428],[106.537,22.361],[106.555,22.332],[106.617,22.323],[106.64,22.297],[106.663,22.223],[106.64,22.191],[106.661,22.144],[106.658,22.12],[106.672,22.093],[106.668,22.043],[106.648,21.996],[106.659,21.963],[106.69,21.973],[106.722,22.007],[106.748,22],[106.782,21.975],[106.865,21.968],[106.899,21.928],[106.92,21.917],[106.971,21.936],[107.009,21.927],[107.021,21.892],[106.987,21.845],[107.003,21.811],[107.066,21.796],[107.095,21.779],[107.172,21.715],[107.212,21.705],[107.273,21.718],[107.303,21.689],[107.33,21.616],[107.348,21.599],[107.383,21.619],[107.41,21.645],[107.446,21.647],[107.461,21.596],[107.51,21.582],[107.533,21.609],[107.613,21.606],[107.69,21.625],[107.745,21.658],[107.778,21.656],[107.832,21.639],[107.855,21.6],[107.944,21.531],[107.991,21.486],[107.965,21.447],[107.971,21.432],[108.017,21.47],[108.011,21.507],[108.027,21.523],[108.106,21.559],[108.135,21.582],[108.176,21.576],[108.21,21.603],[108.21,21.644],[108.253,21.595],[108.245,21.564],[108.21,21.514],[108.226,21.508],[108.284,21.545],[108.301,21.607],[108.328,21.63],[108.313,21.652],[108.311,21.682],[108.338,21.697],[108.41,21.664],[108.448,21.658],[108.428,21.617],[108.39,21.575],[108.42,21.557],[108.471,21.562],[108.481,21.582],[108.519,21.596],[108.545,21.666],[108.505,21.692],[108.491,21.758],[108.505,21.788],[108.478,21.808],[108.456,21.849],[108.463,21.863],[108.554,21.904],[108.588,21.898],[108.594,21.918],[108.636,21.884],[108.601,21.831],[108.571,21.813],[108.581,21.781],[108.608,21.788],[108.594,21.74],[108.646,21.751],[108.654,21.724],[108.694,21.712],[108.752,21.65],[108.728,21.645],[108.733,21.613],[108.773,21.623],[108.796,21.644],[108.821,21.644],[108.834,21.686],[108.793,21.713],[108.835,21.726],[108.843,21.768],[108.821,21.801],[108.841,21.812],[108.858,21.787],[108.869,21.705],[108.855,21.685],[108.902,21.665],[108.921,21.622],[108.97,21.606],[109.014,21.615],[109.048,21.637],[109.067,21.637],[109.078,21.597],[109.101,21.609],[109.136,21.603],[109.143,21.51],[109.133,21.496],[109.06,21.48],[109.044,21.466],[109.05,21.437],[109.096,21.425],[109.139,21.402],[109.145,21.418],[109.215,21.417],[109.259,21.445],[109.278,21.437],[109.316,21.459],[109.344,21.454],[109.438,21.455],[109.531,21.492],[109.561,21.527],[109.561,21.568],[109.573,21.582],[109.53,21.636],[109.521,21.666],[109.493,21.699],[109.568,21.76],[109.575,21.746],[109.561,21.671],[109.585,21.631],[109.603,21.621],[109.613,21.59],[109.677,21.623],[109.677,21.575],[109.65,21.52],[109.709,21.483],[109.741,21.474],[109.76,21.493],[109.748,21.575],[109.746,21.649],[109.761,21.66],[109.796,21.635],[109.827,21.637],[109.894,21.661],[109.917,21.687],[109.95,21.841],[109.967,21.867],[110.052,21.875],[110.09,21.895],[110.142,21.897],[110.216,21.875],[110.299,21.897],[110.356,21.889],[110.377,21.903],[110.38,21.952],[110.344,21.992],[110.355,22.101],[110.351,22.137],[110.334,22.19],[110.414,22.198],[110.467,22.151],[110.499,22.147],[110.539,22.18],[110.591,22.16],[110.642,22.183],[110.645,22.222],[110.671,22.268],[110.696,22.28],[110.732,22.268],[110.775,22.284],[110.75,22.328],[110.697,22.369],[110.704,22.428],[110.679,22.467],[110.727,22.485],[110.755,22.58],[110.786,22.565],[110.823,22.591],[110.87,22.594],[110.889,22.608],[110.931,22.617],[110.944,22.649],[110.975,22.652],[111.024,22.639],[111.08,22.692],[111.066,22.741],[111.181,22.749],[111.277,22.819],[111.322,22.882],[111.351,22.908],[111.361,22.974],[111.38,22.983],[111.411,23.053],[111.405,23.084],[111.384,23.099],[111.37,23.139],[111.384,23.2],[111.363,23.273],[111.365,23.341],[111.391,23.431],[111.446,23.512],[111.469,23.558],[111.471,23.613],[111.55,23.651],[111.601,23.658],[111.63,23.694],[111.614,23.73],[111.614,23.76],[111.63,23.806],[111.658,23.842],[111.697,23.847],[111.75,23.832],[111.793,23.849],[111.808,23.909],[111.823,23.928],[111.868,23.95],[111.899,23.991],[111.901,24.015],[111.878,24.081],[111.878,24.153],[111.863,24.198],[111.869,24.232],[111.935,24.274],[111.976,24.277],[112.037,24.333],[112.052,24.359],[112.047,24.381],[111.991,24.466],[111.988,24.499],[112.006,24.553],[111.976,24.564],[111.933,24.601],[111.923,24.633],[111.943,24.661],[111.932,24.698],[111.955,24.719],[111.997,24.736],[111.987,24.759],[111.926,24.775],[111.892,24.764],[111.797,24.76],[111.667,24.78],[111.636,24.76],[111.616,24.707],[111.569,24.7],[111.517,24.643],[111.476,24.667],[111.428,24.681],[111.429,24.698],[111.459,24.749],[111.474,24.793],[111.47,24.82],[111.445,24.846],[111.45,24.884],[111.43,24.943],[111.432,24.962],[111.462,25.019],[111.421,25.052],[111.415,25.07],[111.427,25.106],[111.415,25.123],[111.373,25.134],[111.318,25.112],[111.274,25.148],[111.251,25.135],[111.171,25.065],[111.126,25.044],[111.079,24.944],[111.031,24.918],[111.006,24.935],[110.994,24.965],[110.955,25.025],[110.958,25.062],[110.993,25.151],[111.011,25.164],[111.061,25.179],[111.099,25.214],[111.114,25.239],[111.111,25.276],[111.154,25.314],[111.164,25.365],[111.2,25.388],[111.254,25.399],[111.283,25.43],[111.292,25.471],[111.316,25.503],[111.326,25.591],[111.305,25.639],[111.317,25.675],[111.324,25.73],[111.361,25.734],[111.411,25.803],[111.422,25.857],[111.473,25.891],[111.447,25.927],[111.408,25.908],[111.303,25.896],[111.3,25.868],[111.256,25.869],[111.229,25.893],[111.202,25.93],[111.194,25.958],[111.202,25.996],[111.232,26.063],[111.247,26.132],[111.257,26.21],[111.277,26.25],[111.252,26.28],[111.216,26.282],[111.123,26.306],[111.039,26.344],[111.001,26.354],[110.965,26.385],[110.935,26.382],[110.906,26.293],[110.879,26.275],[110.724,26.274],[110.697,26.289],[110.689,26.332],[110.577,26.351],[110.554,26.341],[110.556,26.301],[110.545,26.279],[110.537,26.225],[110.485,26.172],[110.41,26.164],[110.383,26.151],[110.342,26.113],[110.299,26.021],[110.247,25.978],[110.222,25.983],[110.181,26.039],[110.138,26.052],[110.081,26.039],[110.034,26.036],[110.028,26.074],[110.058,26.125],[110.062,26.15],[110.043,26.163],[110.002,26.17],[109.978,26.189],[109.927,26.197],[109.912,26.181],[109.864,26.078],[109.838,26.045],[109.781,26.024],[109.772,26],[109.787,25.944],[109.772,25.908],[109.713,25.89],[109.677,25.889],[109.654,25.916],[109.674,25.963],[109.672,25.985],[109.603,26.053],[109.566,26.038],[109.523,26.039],[109.488,26.05],[109.457,26.039],[109.399,25.999],[109.385,25.96],[109.403,25.935],[109.398,25.913],[109.356,25.876],[109.337,25.825],[109.313,25.785],[109.3,25.743],[109.256,25.728],[109.229,25.738],[109.19,25.794],[109.162,25.804],[109.163,25.771],[109.149,25.751],[109.112,25.766],[109.104,25.796],[109.085,25.805],[108.953,25.776],[108.927,25.76],[108.871,25.707],[108.865,25.658],[108.901,25.657],[108.953,25.691],[109.027,25.72],[109.044,25.709],[109.028,25.652],[109.024,25.595],[109.041,25.543],[109.003,25.514],[108.984,25.515],[108.941,25.549],[108.851,25.539],[108.774,25.522],[108.766,25.542],[108.768,25.599],[108.745,25.613],[108.695,25.602],[108.66,25.576],[108.642,25.55],[108.652,25.501],[108.601,25.483],[108.568,25.447],[108.568,25.416],[108.601,25.378],[108.598,25.311],[108.575,25.327],[108.496,25.447],[108.405,25.515],[108.356,25.515],[108.293,25.539],[108.274,25.5],[108.217,25.47],[108.197,25.436],[108.132,25.386],[108.129,25.269],[108.102,25.23],[108.068,25.213],[107.967,25.209],[107.925,25.192],[107.887,25.157],[107.862,25.146],[107.803,25.146],[107.776,25.153],[107.752,25.22],[107.734,25.227],[107.698,25.205],[107.677,25.206],[107.675,25.234],[107.642,25.268],[107.647,25.306],[107.623,25.3],[107.612,25.274],[107.578,25.264],[107.536,25.231],[107.499,25.214],[107.474,25.219],[107.465,25.243],[107.477,25.28],[107.424,25.303],[107.407,25.342],[107.398,25.387],[107.335,25.408],[107.314,25.424],[107.327,25.47],[107.307,25.501],[107.244,25.559],[107.223,25.558],[107.193,25.536],[107.129,25.523],[107.078,25.528],[107.022,25.498],[107.005,25.463],[106.975,25.44],[106.98,25.398],[107.015,25.353],[107.011,25.304],[106.996,25.255],[106.971,25.235],[106.945,25.256],[106.909,25.248],[106.886,25.197],[106.785,25.18],[106.704,25.179],[106.667,25.174],[106.587,25.104],[106.505,25.071],[106.457,25.036],[106.381,25.012],[106.307,24.981],[106.227,24.981],[106.197,24.96],[106.156,24.96],[106.182,24.921],[106.199,24.877],[106.199,24.83],[106.176,24.782],[106.151,24.76],[106.06,24.693],[106.036,24.655],[106.001,24.648],[105.916,24.729],[105.871,24.734],[105.826,24.709],[105.788,24.716],[105.761,24.743],[105.729,24.753],[105.675,24.79],[105.636,24.784],[105.593,24.811],[105.542,24.81],[105.509,24.817],[105.479,24.837],[105.458,24.866],[105.444,24.924],[105.381,24.957],[105.289,24.933],[105.267,24.938],[105.249,24.971],[105.206,25.004],[105.177,25.001],[105.164,24.979],[105.1,24.954],[105.048,24.895],[105.039,24.855],[105.012,24.797],[104.877,24.755],[104.852,24.706],[104.825,24.688],[104.781,24.68],[104.729,24.631],[104.695,24.662],[104.64,24.677],[104.582,24.728],[104.54,24.742],[104.495,24.698],[104.483,24.666],[104.485,24.636],[104.502,24.578],[104.562,24.473],[104.569,24.443],[104.599,24.403],[104.667,24.34],[104.706,24.328],[104.725,24.338],[104.729,24.364],[104.696,24.403],[104.699,24.449],[104.753,24.468],[104.859,24.454],[104.909,24.43],[104.961,24.416],[104.983,24.424],[105.061,24.431],[105.093,24.427],[105.113,24.41],[105.121,24.369],[105.167,24.328],[105.176,24.31],[105.174,24.227],[105.179,24.2],[105.17,24.167],[105.191,24.126],[105.253,24.086],[105.283,24.074],[105.296,24.089],[105.286,24.124],[105.32,24.118],[105.351,24.093],[105.447,24.038],[105.494,24.05],[105.52,24.116],[105.532,24.126],[105.608,24.14],[105.636,24.109],[105.641,24.082],[105.685,24.055],[105.735,24.047],[105.788,24.021],[105.872,24.025],[105.886,24.063],[105.911,24.082],[105.971,24.088],[106.001,24.113],[106.021,24.111],[106.006,24.073],[106.015,24.059],[106.157,23.974],[106.145,23.935],[106.194,23.869],[106.187,23.833],[106.15,23.826],[106.134,23.797],[106.152,23.75],[106.136,23.674],[106.138,23.622],[106.128,23.541],[106.084,23.512],[106.056,23.483],[105.983,23.469],[105.959,23.475],[105.885,23.517],[105.848,23.519],[105.821,23.483],[105.774,23.45],[105.746,23.414],[105.692,23.39],[105.702,23.359],[105.67,23.345],[105.629,23.347],[105.619,23.285],[105.532,23.206],[105.521,23.163]]],[[[109.101,21.021],[109.128,21.032],[109.123,21.065],[109.091,21.042],[109.101,21.021]]]]}},{"type":"Feature","properties":{"id":"cn-gz"},"geometry":{"type":"Polygon","coordinates":[[[109.258,28.506],[109.223,28.493],[109.173,28.462],[109.155,28.436],[109.124,28.306],[109.092,28.27],[109.095,28.205],[109.079,28.192],[109.031,28.21],[108.996,28.198],[108.943,28.2],[108.898,28.216],[108.854,28.21],[108.805,28.229],[108.77,28.231],[108.743,28.214],[108.728,28.242],[108.784,28.426],[108.73,28.475],[108.69,28.485],[108.641,28.459],[108.665,28.42],[108.665,28.376],[108.681,28.338],[108.665,28.325],[108.607,28.335],[108.583,28.374],[108.579,28.5],[108.582,28.601],[108.539,28.646],[108.51,28.637],[108.406,28.658],[108.33,28.689],[108.321,28.74],[108.329,28.757],[108.367,28.777],[108.372,28.816],[108.34,28.869],[108.341,28.92],[108.302,29.006],[108.286,29.077],[108.166,29.06],[108.055,29.065],[107.991,29.043],[107.875,28.984],[107.829,28.992],[107.79,29.04],[107.783,29.062],[107.783,29.137],[107.766,29.15],[107.693,29.143],[107.632,29.167],[107.557,29.187],[107.496,29.246],[107.467,29.233],[107.43,29.183],[107.417,29.138],[107.424,29.077],[107.442,29.051],[107.479,29.028],[107.5,28.993],[107.465,28.951],[107.454,28.894],[107.437,28.877],[107.297,28.808],[107.249,28.809],[107.217,28.829],[107.161,28.881],[107.107,28.9],[107.076,28.889],[107.031,28.888],[107,28.86],[106.973,28.805],[106.946,28.793],[106.927,28.81],[106.889,28.801],[106.849,28.773],[106.835,28.731],[106.848,28.658],[106.829,28.609],[106.803,28.588],[106.762,28.591],[106.751,28.562],[106.75,28.502],[106.73,28.483],[106.694,28.483],[106.656,28.513],[106.63,28.522],[106.562,28.511],[106.558,28.534],[106.59,28.57],[106.626,28.637],[106.624,28.658],[106.562,28.767],[106.489,28.832],[106.461,28.819],[106.477,28.768],[106.514,28.71],[106.522,28.673],[106.51,28.639],[106.489,28.617],[106.483,28.588],[106.489,28.541],[106.453,28.542],[106.382,28.572],[106.372,28.523],[106.339,28.48],[106.3,28.483],[106.298,28.527],[106.269,28.557],[106.189,28.585],[106.154,28.624],[106.078,28.669],[105.984,28.754],[105.965,28.751],[105.931,28.706],[105.892,28.609],[105.829,28.603],[105.773,28.589],[105.73,28.604],[105.683,28.583],[105.664,28.534],[105.63,28.506],[105.621,28.482],[105.656,28.441],[105.661,28.369],[105.65,28.34],[105.667,28.318],[105.71,28.302],[105.748,28.306],[105.798,28.282],[105.847,28.269],[105.881,28.236],[105.876,28.174],[105.906,28.151],[105.956,28.155],[106.009,28.14],[106.109,28.175],[106.164,28.154],[106.199,28.124],[106.215,28.056],[106.269,28.027],[106.299,28],[106.315,27.916],[106.339,27.866],[106.345,27.835],[106.33,27.821],[106.248,27.775],[106.207,27.767],[106.104,27.788],[106.07,27.778],[106.039,27.757],[105.939,27.749],[105.915,27.755],[105.876,27.745],[105.843,27.719],[105.772,27.721],[105.74,27.716],[105.712,27.691],[105.647,27.678],[105.622,27.691],[105.592,27.73],[105.553,27.745],[105.524,27.775],[105.48,27.784],[105.361,27.76],[105.33,27.729],[105.297,27.722],[105.284,27.66],[105.267,27.613],[105.246,27.583],[105.246,27.543],[105.223,27.5],[105.219,27.451],[105.198,27.422],[105.197,27.399],[105.166,27.395],[105.125,27.409],[105.083,27.413],[105.022,27.39],[104.991,27.362],[104.928,27.342],[104.871,27.31],[104.83,27.312],[104.783,27.332],[104.73,27.32],[104.69,27.329],[104.594,27.314],[104.51,27.319],[104.444,27.347],[104.402,27.393],[104.374,27.437],[104.344,27.441],[104.314,27.407],[104.264,27.371],[104.247,27.35],[104.25,27.318],[104.238,27.295],[104.203,27.276],[104.174,27.272],[104.124,27.31],[104.047,27.346],[103.981,27.4],[103.911,27.39],[103.895,27.374],[103.859,27.315],[103.695,27.152],[103.623,27.105],[103.596,27.076],[103.607,27.05],[103.637,27.018],[103.701,27.052],[103.749,27.005],[103.778,26.956],[103.771,26.912],[103.778,26.88],[103.73,26.857],[103.716,26.826],[103.717,26.799],[103.737,26.736],[103.775,26.732],[103.763,26.694],[103.758,26.629],[103.787,26.577],[103.829,26.547],[103.883,26.524],[103.916,26.518],[104.02,26.514],[104.045,26.528],[104.08,26.6],[104.124,26.644],[104.153,26.651],[104.218,26.627],[104.318,26.629],[104.359,26.648],[104.386,26.686],[104.393,26.714],[104.43,26.713],[104.46,26.663],[104.466,26.613],[104.496,26.588],[104.532,26.594],[104.559,26.585],[104.582,26.539],[104.627,26.498],[104.639,26.451],[104.655,26.431],[104.676,26.379],[104.645,26.347],[104.561,26.291],[104.545,26.27],[104.535,26.198],[104.505,26.147],[104.517,26.108],[104.505,26.077],[104.499,26.031],[104.463,25.982],[104.393,25.948],[104.416,25.909],[104.421,25.857],[104.388,25.772],[104.367,25.75],[104.318,25.766],[104.3,25.761],[104.308,25.71],[104.306,25.665],[104.321,25.636],[104.35,25.614],[104.422,25.579],[104.432,25.557],[104.433,25.507],[104.468,25.491],[104.535,25.508],[104.554,25.485],[104.566,25.381],[104.612,25.356],[104.669,25.297],[104.714,25.273],[104.778,25.262],[104.789,25.244],[104.768,25.22],[104.72,25.211],[104.714,25.149],[104.689,25.101],[104.689,25.074],[104.707,25.017],[104.701,24.999],[104.658,24.958],[104.627,24.914],[104.6,24.89],[104.546,24.813],[104.54,24.742],[104.582,24.728],[104.64,24.677],[104.695,24.662],[104.729,24.631],[104.781,24.68],[104.825,24.688],[104.852,24.706],[104.877,24.755],[105.012,24.797],[105.039,24.855],[105.048,24.895],[105.1,24.954],[105.164,24.979],[105.177,25.001],[105.206,25.004],[105.249,24.971],[105.267,24.938],[105.289,24.933],[105.381,24.957],[105.444,24.924],[105.458,24.866],[105.479,24.837],[105.509,24.817],[105.542,24.81],[105.593,24.811],[105.636,24.784],[105.675,24.79],[105.729,24.753],[105.761,24.743],[105.788,24.716],[105.826,24.709],[105.871,24.734],[105.916,24.729],[106.001,24.648],[106.036,24.655],[106.06,24.693],[106.151,24.76],[106.176,24.782],[106.199,24.83],[106.199,24.877],[106.182,24.921],[106.156,24.96],[106.197,24.96],[106.227,24.981],[106.307,24.981],[106.381,25.012],[106.457,25.036],[106.505,25.071],[106.587,25.104],[106.667,25.174],[106.704,25.179],[106.785,25.18],[106.886,25.197],[106.909,25.248],[106.945,25.256],[106.971,25.235],[106.996,25.255],[107.011,25.304],[107.015,25.353],[106.98,25.398],[106.975,25.44],[107.005,25.463],[107.022,25.498],[107.078,25.528],[107.129,25.523],[107.193,25.536],[107.223,25.558],[107.244,25.559],[107.307,25.501],[107.327,25.47],[107.314,25.424],[107.335,25.408],[107.398,25.387],[107.407,25.342],[107.424,25.303],[107.477,25.28],[107.465,25.243],[107.474,25.219],[107.499,25.214],[107.536,25.231],[107.578,25.264],[107.612,25.274],[107.623,25.3],[107.647,25.306],[107.642,25.268],[107.675,25.234],[107.677,25.206],[107.698,25.205],[107.734,25.227],[107.752,25.22],[107.776,25.153],[107.803,25.146],[107.862,25.146],[107.887,25.157],[107.925,25.192],[107.967,25.209],[108.068,25.213],[108.102,25.23],[108.129,25.269],[108.132,25.386],[108.197,25.436],[108.217,25.47],[108.274,25.5],[108.293,25.539],[108.356,25.515],[108.405,25.515],[108.496,25.447],[108.575,25.327],[108.598,25.311],[108.601,25.378],[108.568,25.416],[108.568,25.447],[108.601,25.483],[108.652,25.501],[108.642,25.55],[108.66,25.576],[108.695,25.602],[108.745,25.613],[108.768,25.599],[108.766,25.542],[108.774,25.522],[108.851,25.539],[108.941,25.549],[108.984,25.515],[109.003,25.514],[109.041,25.543],[109.024,25.595],[109.028,25.652],[109.044,25.709],[109.027,25.72],[108.953,25.691],[108.901,25.657],[108.865,25.658],[108.871,25.707],[108.927,25.76],[108.953,25.776],[109.085,25.805],[109.104,25.796],[109.112,25.766],[109.149,25.751],[109.163,25.771],[109.162,25.804],[109.19,25.794],[109.229,25.738],[109.256,25.728],[109.3,25.743],[109.313,25.785],[109.337,25.825],[109.356,25.876],[109.398,25.913],[109.403,25.935],[109.385,25.96],[109.399,25.999],[109.457,26.039],[109.428,26.099],[109.426,26.133],[109.408,26.193],[109.384,26.227],[109.399,26.27],[109.33,26.28],[109.297,26.313],[109.294,26.359],[109.315,26.426],[109.403,26.537],[109.407,26.597],[109.377,26.646],[109.348,26.669],[109.302,26.681],[109.283,26.703],[109.294,26.727],[109.397,26.755],[109.467,26.804],[109.505,26.825],[109.52,26.858],[109.496,26.88],[109.462,26.877],[109.444,26.901],[109.49,26.941],[109.507,26.976],[109.509,27.032],[109.499,27.062],[109.457,27.1],[109.438,27.131],[109.396,27.15],[109.336,27.154],[109.276,27.133],[109.231,27.152],[109.199,27.115],[109.156,27.08],[109.112,27.093],[109.122,27.124],[109.095,27.134],[109.008,27.094],[108.977,27.07],[108.95,27.027],[108.904,27.01],[108.874,27.018],[108.833,27.059],[108.791,27.083],[108.804,27.107],[108.847,27.108],[108.882,27.124],[108.897,27.147],[108.9,27.189],[108.964,27.246],[109.015,27.262],[109.117,27.371],[109.131,27.406],[109.163,27.417],[109.206,27.445],[109.245,27.436],[109.277,27.439],[109.318,27.501],[109.418,27.56],[109.441,27.588],[109.447,27.65],[109.443,27.672],[109.414,27.714],[109.413,27.739],[109.359,27.761],[109.328,27.808],[109.327,27.848],[109.309,27.898],[109.338,27.93],[109.31,27.97],[109.324,28.001],[109.363,28.03],[109.363,28.057],[109.341,28.062],[109.3,28.051],[109.299,28.095],[109.354,28.209],[109.354,28.265],[109.264,28.322],[109.273,28.374],[109.27,28.408],[109.249,28.476],[109.258,28.506]]]}},{"type":"Feature","properties":{"id":"cn-ha"},"geometry":{"type":"Polygon","coordinates":[[[115.46,36.158],[115.398,36.125],[115.35,36.082],[115.296,36.087],[115.245,36.161],[115.18,36.183],[115.106,36.185],[115.061,36.152],[115.034,36.101],[114.978,36.061],[114.931,36.057],[114.924,36.088],[114.893,36.12],[114.831,36.151],[114.81,36.14],[114.707,36.153],[114.634,36.132],[114.585,36.131],[114.548,36.139],[114.418,36.212],[114.366,36.222],[114.343,36.245],[114.305,36.241],[114.246,36.253],[114.22,36.241],[114.156,36.247],[114.063,36.277],[114.048,36.312],[114.017,36.345],[113.989,36.359],[113.954,36.347],[113.907,36.344],[113.859,36.363],[113.808,36.339],[113.721,36.356],[113.721,36.333],[113.673,36.221],[113.694,36.188],[113.676,36.172],[113.693,36.136],[113.68,36.098],[113.687,36.056],[113.656,35.972],[113.628,35.953],[113.63,35.897],[113.621,35.855],[113.633,35.818],[113.594,35.808],[113.597,35.759],[113.585,35.687],[113.61,35.646],[113.595,35.618],[113.546,35.591],[113.516,35.563],[113.491,35.525],[113.43,35.489],[113.328,35.463],[113.273,35.419],[113.232,35.417],[113.168,35.389],[113.13,35.352],[113.108,35.344],[113.02,35.329],[112.988,35.305],[112.955,35.265],[112.903,35.241],[112.808,35.242],[112.724,35.275],[112.682,35.311],[112.61,35.288],[112.583,35.242],[112.526,35.22],[112.49,35.22],[112.391,35.235],[112.335,35.219],[112.157,35.237],[112.112,35.23],[112.058,35.234],[112.061,35.108],[112.038,35.046],[111.958,35.094],[111.829,35.083],[111.796,35.052],[111.764,35.042],[111.741,35.019],[111.683,35.008],[111.679,34.979],[111.622,34.947],[111.604,34.91],[111.558,34.863],[111.394,34.823],[111.331,34.841],[111.285,34.816],[111.257,34.828],[111.216,34.8],[111.158,34.822],[111.139,34.819],[111.125,34.779],[111.109,34.769],[111.026,34.747],[110.973,34.717],[110.933,34.735],[110.911,34.733],[110.923,34.686],[110.884,34.666],[110.766,34.661],[110.726,34.643],[110.709,34.621],[110.648,34.602],[110.585,34.601],[110.531,34.584],[110.483,34.616],[110.438,34.609],[110.4,34.593],[110.368,34.618],[110.336,34.616],[110.342,34.518],[110.328,34.48],[110.34,34.437],[110.374,34.404],[110.454,34.381],[110.473,34.366],[110.479,34.326],[110.435,34.292],[110.434,34.261],[110.477,34.221],[110.531,34.201],[110.558,34.181],[110.607,34.17],[110.618,34.139],[110.594,34.065],[110.642,33.98],[110.638,33.954],[110.601,33.906],[110.594,33.88],[110.643,33.85],[110.689,33.838],[110.749,33.803],[110.791,33.75],[110.792,33.705],[110.878,33.643],[110.943,33.618],[110.968,33.599],[111.011,33.5],[110.99,33.438],[111.016,33.374],[110.975,33.266],[111.003,33.208],[111.045,33.178],[111.109,33.148],[111.13,33.091],[111.175,33.025],[111.205,33.001],[111.216,32.976],[111.21,32.93],[111.255,32.907],[111.321,32.861],[111.363,32.825],[111.406,32.762],[111.441,32.73],[111.507,32.682],[111.532,32.611],[111.569,32.595],[111.629,32.626],[111.658,32.623],[111.711,32.6],[111.744,32.576],[111.779,32.52],[111.802,32.511],[111.962,32.474],[112.005,32.434],[112.053,32.455],[112.145,32.395],[112.227,32.389],[112.286,32.351],[112.314,32.346],[112.344,32.361],[112.434,32.36],[112.468,32.372],[112.534,32.377],[112.612,32.373],[112.751,32.35],[112.804,32.362],[112.85,32.381],[112.992,32.404],[113.014,32.42],[113.066,32.417],[113.112,32.382],[113.156,32.395],[113.183,32.413],[113.219,32.41],[113.256,32.373],[113.304,32.356],[113.336,32.314],[113.436,32.289],[113.528,32.297],[113.551,32.313],[113.576,32.351],[113.595,32.353],[113.616,32.386],[113.669,32.411],[113.709,32.408],[113.729,32.419],[113.783,32.359],[113.768,32.292],[113.782,32.194],[113.752,32.138],[113.753,32.121],[113.786,32.047],[113.794,31.973],[113.852,31.91],[113.862,31.863],[113.886,31.845],[113.927,31.857],[113.96,31.832],[113.953,31.775],[113.972,31.747],[114.032,31.755],[114.085,31.784],[114.144,31.848],[114.171,31.846],[114.267,31.809],[114.292,31.78],[114.362,31.734],[114.449,31.739],[114.495,31.759],[114.556,31.738],[114.561,31.689],[114.535,31.653],[114.533,31.622],[114.548,31.573],[114.568,31.566],[114.638,31.568],[114.677,31.531],[114.71,31.515],[114.738,31.517],[114.767,31.49],[114.838,31.482],[114.876,31.49],[114.999,31.478],[115.038,31.486],[115.077,31.516],[115.129,31.595],[115.166,31.601],[115.213,31.546],[115.206,31.487],[115.219,31.447],[115.248,31.429],[115.26,31.407],[115.286,31.395],[115.338,31.403],[115.374,31.418],[115.391,31.47],[115.39,31.512],[115.473,31.635],[115.487,31.683],[115.532,31.736],[115.555,31.734],[115.582,31.752],[115.663,31.784],[115.725,31.788],[115.76,31.797],[115.866,31.785],[115.901,31.794],[115.906,31.819],[115.901,31.886],[115.914,31.975],[115.928,32.025],[115.915,32.25],[115.894,32.309],[115.888,32.394],[115.861,32.432],[115.876,32.499],[115.871,32.532],[115.844,32.543],[115.808,32.503],[115.79,32.471],[115.755,32.498],[115.742,32.479],[115.694,32.492],[115.687,32.467],[115.647,32.402],[115.609,32.416],[115.565,32.402],[115.499,32.448],[115.457,32.507],[115.367,32.56],[115.297,32.568],[115.261,32.584],[115.199,32.591],[115.21,32.657],[115.18,32.714],[115.182,32.774],[115.196,32.798],[115.185,32.859],[115.13,32.892],[115.034,32.918],[115.012,32.935],[114.925,32.958],[114.88,32.993],[114.89,33.046],[114.887,33.083],[114.946,33.119],[114.969,33.124],[115.019,33.094],[115.106,33.083],[115.143,33.084],[115.188,33.108],[115.251,33.121],[115.286,33.148],[115.301,33.21],[115.345,33.251],[115.341,33.334],[115.316,33.374],[115.327,33.428],[115.346,33.453],[115.342,33.501],[115.366,33.517],[115.4,33.5],[115.443,33.548],[115.497,33.561],[115.592,33.568],[115.635,33.592],[115.61,33.657],[115.594,33.716],[115.574,33.75],[115.589,33.769],[115.624,33.772],[115.63,33.839],[115.618,33.856],[115.574,33.857],[115.561,33.898],[115.586,33.98],[115.654,34.048],[115.733,34.066],[115.77,34.056],[115.841,34.007],[115.872,34.018],[115.961,34],[115.976,33.977],[115.965,33.93],[115.971,33.905],[116.029,33.861],[116.08,33.778],[116.121,33.736],[116.147,33.72],[116.182,33.718],[116.421,33.791],[116.445,33.845],[116.469,33.862],[116.524,33.882],[116.553,33.884],[116.591,33.913],[116.621,33.902],[116.638,33.919],[116.641,33.953],[116.603,34.008],[116.571,34.079],[116.543,34.121],[116.551,34.155],[116.575,34.192],[116.567,34.223],[116.574,34.271],[116.552,34.287],[116.433,34.281],[116.401,34.275],[116.369,34.286],[116.315,34.337],[116.203,34.402],[116.157,34.447],[116.152,34.467],[116.163,34.535],[116.151,34.567],[116.131,34.572],[116.085,34.616],[116.044,34.6],[115.994,34.622],[115.967,34.594],[115.879,34.589],[115.816,34.571],[115.707,34.6],[115.646,34.569],[115.542,34.578],[115.484,34.612],[115.436,34.676],[115.429,34.722],[115.429,34.78],[115.351,34.819],[115.318,34.843],[115.27,34.849],[115.216,34.836],[115.222,34.896],[115.175,34.944],[114.998,35.008],[114.977,35.01],[114.905,34.996],[114.834,35.016],[114.847,35.038],[114.847,35.082],[114.865,35.121],[114.852,35.16],[114.864,35.189],[114.942,35.219],[115.009,35.294],[115.026,35.332],[115.068,35.38],[115.132,35.398],[115.151,35.416],[115.227,35.416],[115.266,35.436],[115.307,35.476],[115.345,35.496],[115.331,35.534],[115.342,35.555],[115.383,35.558],[115.395,35.616],[115.421,35.644],[115.492,35.678],[115.504,35.723],[115.537,35.719],[115.618,35.731],[115.681,35.768],[115.73,35.831],[115.761,35.849],[115.874,35.866],[115.884,35.888],[115.858,35.904],[115.863,35.925],[115.92,35.968],[115.966,35.986],[116.034,35.966],[116.064,36.041],[116.087,36.059],[116.077,36.103],[115.962,36.035],[115.927,36.022],[115.858,36.034],[115.829,36.031],[115.739,35.969],[115.669,35.944],[115.53,35.911],[115.468,35.913],[115.442,35.889],[115.416,35.824],[115.377,35.793],[115.331,35.774],[115.318,35.792],[115.334,35.931],[115.352,35.952],[115.4,35.972],[115.424,35.995],[115.449,36.042],[115.463,36.111],[115.46,36.158]]]}},{"type":"Feature","properties":{"id":"cn-hb"},"geometry":{"type":"Polygon","coordinates":[[[109.594,31.738],[109.659,31.718],[109.703,31.674],[109.724,31.636],[109.733,31.561],[109.756,31.552],[109.838,31.541],[109.929,31.519],[109.968,31.503],[109.966,31.478],[110.108,31.398],[110.147,31.331],[110.152,31.306],[110.141,31.263],[110.146,31.239],[110.175,31.189],[110.108,31.122],[110.11,31.076],[110.134,31.026],[110.138,31],[110.128,30.906],[110.108,30.866],[110.066,30.828],[109.997,30.826],[109.959,30.847],[109.945,30.876],[109.902,30.894],[109.871,30.889],[109.749,30.835],[109.665,30.768],[109.64,30.718],[109.585,30.685],[109.546,30.651],[109.513,30.66],[109.436,30.603],[109.394,30.584],[109.323,30.58],[109.286,30.602],[109.248,30.597],[109.179,30.567],[109.121,30.57],[109.073,30.6],[108.965,30.607],[108.926,30.596],[108.868,30.551],[108.809,30.546],[108.76,30.526],[108.71,30.523],[108.689,30.538],[108.67,30.574],[108.642,30.565],[108.61,30.517],[108.573,30.498],[108.433,30.487],[108.402,30.451],[108.381,30.4],[108.411,30.363],[108.532,30.315],[108.543,30.281],[108.53,30.19],[108.53,30.113],[108.55,30.009],[108.529,29.942],[108.538,29.885],[108.531,29.866],[108.503,29.852],[108.441,29.849],[108.4,29.831],[108.42,29.802],[108.447,29.736],[108.473,29.723],[108.513,29.722],[108.527,29.736],[108.539,29.782],[108.613,29.858],[108.641,29.847],[108.658,29.817],[108.68,29.725],[108.696,29.698],[108.748,29.672],[108.872,29.639],[108.889,29.622],[108.895,29.578],[108.872,29.502],[108.883,29.457],[108.924,29.402],[108.914,29.37],[108.921,29.349],[109.014,29.307],[109.077,29.214],[109.207,29.104],[109.236,29.116],[109.258,29.185],[109.253,29.221],[109.269,29.242],[109.338,29.29],[109.328,29.354],[109.381,29.395],[109.382,29.443],[109.406,29.464],[109.411,29.5],[109.432,29.534],[109.457,29.535],[109.472,29.568],[109.515,29.57],[109.528,29.593],[109.61,29.619],[109.644,29.597],[109.691,29.605],[109.7,29.656],[109.748,29.711],[109.783,29.735],[110.104,29.785],[110.225,29.737],[110.285,29.68],[110.362,29.65],[110.419,29.683],[110.423,29.714],[110.447,29.727],[110.482,29.712],[110.526,29.725],[110.591,29.771],[110.58,29.805],[110.545,29.838],[110.501,29.863],[110.473,29.906],[110.472,29.944],[110.507,29.985],[110.463,30.014],[110.501,30.046],[110.543,30.055],[110.636,30.046],[110.686,30.027],[110.716,30.03],[110.742,30.096],[110.799,30.095],[110.944,30.064],[111.052,30.059],[111.246,30.032],[111.308,29.996],[111.376,29.949],[111.386,29.93],[111.415,29.926],[111.461,29.939],[111.495,29.936],[111.585,29.904],[111.683,29.899],[111.736,29.921],[111.769,29.92],[111.857,29.871],[111.924,29.856],[112.082,29.733],[112.126,29.707],[112.17,29.649],[112.218,29.669],[112.226,29.637],[112.274,29.601],[112.282,29.537],[112.363,29.572],[112.444,29.641],[112.496,29.644],[112.556,29.63],[112.648,29.627],[112.684,29.647],[112.696,29.676],[112.741,29.685],[112.766,29.703],[112.786,29.737],[112.853,29.779],[112.886,29.792],[112.913,29.764],[112.919,29.724],[112.946,29.709],[113.013,29.773],[113.017,29.725],[112.991,29.692],[112.935,29.66],[112.914,29.635],[112.908,29.601],[112.928,29.495],[112.953,29.477],[113.008,29.518],[113.045,29.508],[113.049,29.454],[113.076,29.448],[113.076,29.484],[113.09,29.496],[113.128,29.463],[113.146,29.472],[113.186,29.532],[113.416,29.765],[113.446,29.78],[113.52,29.842],[113.59,29.88],[113.591,29.86],[113.546,29.771],[113.533,29.705],[113.536,29.686],[113.635,29.685],[113.655,29.668],[113.681,29.602],[113.673,29.545],[113.68,29.52],[113.707,29.494],[113.729,29.437],[113.696,29.398],[113.662,29.388],[113.609,29.329],[113.588,29.294],[113.586,29.244],[113.641,29.222],[113.651,29.191],[113.655,29.124],[113.711,29.073],[113.736,29.107],[113.773,29.125],[113.84,29.088],[113.902,29.066],[113.997,29.164],[114.063,29.203],[114.155,29.214],[114.247,29.249],[114.243,29.309],[114.27,29.347],[114.308,29.355],[114.356,29.325],[114.42,29.334],[114.47,29.318],[114.64,29.377],[114.709,29.39],[114.737,29.362],[114.758,29.361],[114.818,29.394],[114.835,29.446],[114.895,29.52],[114.932,29.5],[114.945,29.535],[114.973,29.56],[115.023,29.553],[115.063,29.557],[115.093,29.523],[115.123,29.521],[115.14,29.588],[115.116,29.628],[115.086,29.657],[115.179,29.65],[115.226,29.64],[115.272,29.615],[115.354,29.648],[115.417,29.712],[115.433,29.746],[115.439,29.792],[115.486,29.864],[115.535,29.855],[115.621,29.862],[115.705,29.861],[115.718,29.854],[115.744,29.809],[115.856,29.739],[115.889,29.732],[115.999,29.744],[116.11,29.787],[116.147,29.789],[116.124,29.84],[116.126,29.905],[116.114,29.931],[116.078,29.969],[116.071,29.996],[116.081,30.047],[116.065,30.129],[116.054,30.149],[116.04,30.221],[115.984,30.258],[115.959,30.298],[115.912,30.316],[115.877,30.39],[115.895,30.414],[115.946,30.446],[115.947,30.488],[115.925,30.527],[115.881,30.578],[115.833,30.594],[115.814,30.631],[115.768,30.688],[115.775,30.755],[115.798,30.774],[115.835,30.77],[115.862,30.785],[115.859,30.861],[115.913,30.9],[115.943,30.907],[116.017,30.964],[116.036,30.989],[116.035,31.031],[115.989,31.043],[115.946,31.034],[115.93,31.064],[115.9,31.09],[115.877,31.129],[115.814,31.124],[115.768,31.144],[115.711,31.194],[115.669,31.217],[115.628,31.221],[115.596,31.162],[115.569,31.164],[115.55,31.183],[115.511,31.246],[115.454,31.286],[115.437,31.326],[115.38,31.351],[115.374,31.418],[115.338,31.403],[115.286,31.395],[115.26,31.407],[115.248,31.429],[115.219,31.447],[115.206,31.487],[115.213,31.546],[115.166,31.601],[115.129,31.595],[115.077,31.516],[115.038,31.486],[114.999,31.478],[114.876,31.49],[114.838,31.482],[114.767,31.49],[114.738,31.517],[114.71,31.515],[114.677,31.531],[114.638,31.568],[114.568,31.566],[114.548,31.573],[114.533,31.622],[114.535,31.653],[114.561,31.689],[114.556,31.738],[114.495,31.759],[114.449,31.739],[114.362,31.734],[114.292,31.78],[114.267,31.809],[114.171,31.846],[114.144,31.848],[114.085,31.784],[114.032,31.755],[113.972,31.747],[113.953,31.775],[113.96,31.832],[113.927,31.857],[113.886,31.845],[113.862,31.863],[113.852,31.91],[113.794,31.973],[113.786,32.047],[113.753,32.121],[113.752,32.138],[113.782,32.194],[113.768,32.292],[113.783,32.359],[113.729,32.419],[113.709,32.408],[113.669,32.411],[113.616,32.386],[113.595,32.353],[113.576,32.351],[113.551,32.313],[113.528,32.297],[113.436,32.289],[113.336,32.314],[113.304,32.356],[113.256,32.373],[113.219,32.41],[113.183,32.413],[113.156,32.395],[113.112,32.382],[113.066,32.417],[113.014,32.42],[112.992,32.404],[112.85,32.381],[112.804,32.362],[112.751,32.35],[112.612,32.373],[112.534,32.377],[112.468,32.372],[112.434,32.36],[112.344,32.361],[112.314,32.346],[112.286,32.351],[112.227,32.389],[112.145,32.395],[112.053,32.455],[112.005,32.434],[111.962,32.474],[111.802,32.511],[111.779,32.52],[111.744,32.576],[111.711,32.6],[111.658,32.623],[111.629,32.626],[111.569,32.595],[111.532,32.611],[111.507,32.682],[111.441,32.73],[111.406,32.762],[111.363,32.825],[111.321,32.861],[111.255,32.907],[111.21,32.93],[111.216,32.976],[111.205,33.001],[111.175,33.025],[111.13,33.091],[111.109,33.148],[111.045,33.178],[111.003,33.208],[110.975,33.266],[110.941,33.251],[110.921,33.217],[110.9,33.205],[110.823,33.199],[110.792,33.159],[110.711,33.108],[110.651,33.149],[110.604,33.154],[110.589,33.204],[110.547,33.245],[110.51,33.236],[110.459,33.185],[110.432,33.173],[110.234,33.156],[110.182,33.166],[110.129,33.206],[110.094,33.213],[109.96,33.214],[109.916,33.235],[109.875,33.243],[109.752,33.241],[109.66,33.264],[109.626,33.243],[109.585,33.236],[109.552,33.244],[109.516,33.237],[109.462,33.189],[109.453,33.148],[109.491,33.145],[109.592,33.11],[109.652,33.113],[109.694,33.106],[109.757,33.08],[109.781,33.045],[109.766,32.969],[109.74,32.93],[109.783,32.901],[109.836,32.896],[109.868,32.913],[109.899,32.914],[109.938,32.896],[109.993,32.889],[110.041,32.862],[110.096,32.841],[110.155,32.73],[110.145,32.681],[110.168,32.643],[110.168,32.622],[110.135,32.605],[110.074,32.617],[110.062,32.576],[110.029,32.554],[110.001,32.552],[109.951,32.576],[109.88,32.592],[109.815,32.571],[109.769,32.6],[109.708,32.585],[109.665,32.598],[109.635,32.591],[109.623,32.559],[109.579,32.541],[109.561,32.405],[109.5,32.369],[109.487,32.336],[109.501,32.303],[109.548,32.234],[109.601,32.213],[109.619,32.189],[109.63,32.123],[109.669,32.081],[109.666,32.043],[109.646,32.012],[109.61,31.927],[109.616,31.821],[109.58,31.762],[109.594,31.738]]]}},{"type":"Feature","properties":{"id":"cn-he"},"geometry":{"type":"MultiPolygon","coordinates":[[[[117.544,38.621],[117.443,38.603],[117.409,38.591],[117.271,38.559],[117.228,38.575],[117.189,38.606],[117.095,38.612],[117.066,38.635],[117.053,38.69],[117.021,38.708],[116.935,38.691],[116.881,38.699],[116.851,38.739],[116.774,38.764],[116.738,38.787],[116.711,38.821],[116.688,38.875],[116.681,38.916],[116.689,38.978],[116.712,39.012],[116.892,39.103],[116.91,39.136],[116.893,39.164],[116.852,39.178],[116.826,39.217],[116.827,39.241],[116.853,39.341],[116.832,39.383],[116.823,39.425],[116.791,39.493],[116.787,39.552],[116.793,39.602],[116.676,39.603],[116.604,39.611],[116.564,39.598],[116.527,39.556],[116.493,39.552],[116.428,39.521],[116.458,39.487],[116.459,39.454],[116.434,39.442],[116.387,39.442],[116.318,39.461],[116.25,39.506],[116.225,39.536],[116.21,39.572],[116.161,39.578],[116.11,39.564],[116.072,39.566],[116.001,39.558],[115.945,39.575],[115.9,39.568],[115.84,39.545],[115.809,39.544],[115.756,39.509],[115.688,39.55],[115.674,39.584],[115.618,39.604],[115.554,39.598],[115.49,39.617],[115.463,39.643],[115.437,39.749],[115.451,39.779],[115.513,39.78],[115.563,39.795],[115.562,39.807],[115.511,39.838],[115.501,39.858],[115.496,39.924],[115.427,39.963],[115.431,39.991],[115.485,40.019],[115.513,40.06],[115.578,40.096],[115.82,40.152],[115.863,40.179],[115.882,40.213],[115.934,40.258],[115.945,40.294],[115.921,40.334],[115.895,40.347],[115.728,40.54],[115.734,40.561],[115.874,40.61],[115.914,40.612],[115.995,40.596],[116.048,40.607],[116.13,40.658],[116.207,40.75],[116.244,40.767],[116.291,40.74],[116.376,40.767],[116.44,40.762],[116.459,40.792],[116.356,40.902],[116.365,40.93],[116.4,40.907],[116.438,40.9],[116.466,40.915],[116.497,40.953],[116.592,40.992],[116.609,41.04],[116.653,41.031],[116.658,40.965],[116.676,40.94],[116.725,40.907],[116.769,40.865],[116.91,40.749],[116.959,40.718],[117.058,40.677],[117.116,40.687],[117.199,40.69],[117.303,40.662],[117.429,40.669],[117.486,40.662],[117.438,40.637],[117.412,40.597],[117.328,40.595],[117.243,40.57],[117.197,40.534],[117.184,40.497],[117.238,40.45],[117.238,40.394],[117.251,40.338],[117.271,40.312],[117.331,40.268],[117.357,40.257],[117.451,40.227],[117.556,40.17],[117.623,40.124],[117.65,40.083],[117.75,40.063],[117.742,40.026],[117.79,39.982],[117.766,39.964],[117.712,39.969],[117.616,39.965],[117.538,40],[117.501,39.989],[117.516,39.93],[117.504,39.882],[117.524,39.828],[117.533,39.75],[117.568,39.724],[117.575,39.694],[117.623,39.666],[117.636,39.621],[117.619,39.589],[117.631,39.576],[117.73,39.538],[117.75,39.58],[117.831,39.566],[117.893,39.565],[117.911,39.528],[117.878,39.447],[117.876,39.425],[117.897,39.399],[117.976,39.372],[118.008,39.343],[118.013,39.307],[118.01,39.219],[118.045,39.219],[118.096,39.202],[118.141,39.173],[118.207,39.077],[118.235,39.053],[118.344,39.031],[118.469,39.098],[118.529,39.125],[118.527,39.149],[118.59,39.148],[118.619,39.161],[118.728,39.147],[118.796,39.152],[118.841,39.176],[118.859,39.208],[118.903,39.177],[118.946,39.192],[118.94,39.139],[119.016,39.19],[119.129,39.294],[119.185,39.355],[119.256,39.366],[119.279,39.384],[119.305,39.433],[119.271,39.489],[119.262,39.535],[119.243,39.546],[119.223,39.585],[119.285,39.595],[119.314,39.641],[119.34,39.716],[119.368,39.748],[119.429,39.795],[119.467,39.815],[119.531,39.815],[119.52,39.858],[119.536,39.891],[119.621,39.911],[119.661,39.933],[119.708,39.935],[119.75,39.952],[119.774,39.951],[119.85,39.986],[119.816,40.037],[119.765,40.063],[119.738,40.1],[119.748,40.144],[119.743,40.205],[119.707,40.215],[119.635,40.209],[119.638,40.27],[119.598,40.327],[119.58,40.373],[119.6,40.477],[119.564,40.54],[119.528,40.545],[119.464,40.532],[119.294,40.531],[119.24,40.56],[119.19,40.62],[119.191,40.7],[119.154,40.695],[119.124,40.668],[119.068,40.651],[119.041,40.663],[118.855,40.821],[118.848,40.849],[118.893,40.922],[118.902,40.957],[118.925,40.964],[118.966,40.953],[119.01,40.976],[119.008,40.999],[118.94,41.022],[118.927,41.047],[118.965,41.075],[119.013,41.08],[119.048,41.094],[119.101,41.142],[119.164,41.176],[119.215,41.233],[119.231,41.273],[119.238,41.32],[119.214,41.324],[119.153,41.312],[118.867,41.337],[118.797,41.38],[118.728,41.347],[118.689,41.344],[118.625,41.355],[118.478,41.355],[118.437,41.348],[118.37,41.314],[118.35,41.336],[118.344,41.417],[118.333,41.447],[118.295,41.461],[118.314,41.57],[118.301,41.585],[118.244,41.592],[118.218,41.615],[118.204,41.66],[118.159,41.719],[118.152,41.75],[118.168,41.79],[118.2,41.798],[118.249,41.761],[118.278,41.753],[118.303,41.786],[118.322,41.864],[118.274,41.911],[118.295,41.96],[118.268,42.074],[118.232,42.084],[118.212,42.07],[118.201,42.035],[118.134,42.022],[118.127,42.064],[118.099,42.11],[118.102,42.163],[118.086,42.182],[118.022,42.202],[117.989,42.222],[117.991,42.245],[118.026,42.262],[118.04,42.289],[118.021,42.324],[118.024,42.383],[117.945,42.436],[117.874,42.5],[117.857,42.526],[117.8,42.569],[117.809,42.6],[117.787,42.61],[117.743,42.591],[117.628,42.565],[117.594,42.552],[117.554,42.596],[117.521,42.613],[117.501,42.584],[117.45,42.549],[117.428,42.477],[117.412,42.458],[117.349,42.457],[117.244,42.482],[117.155,42.471],[117.103,42.476],[117.056,42.463],[116.887,42.395],[116.837,42.34],[116.827,42.308],[116.841,42.273],[116.879,42.22],[116.886,42.167],[116.864,42.145],[116.855,42.11],[116.885,42.076],[116.888,42.057],[116.858,42.02],[116.817,42.006],[116.797,41.987],[116.746,41.975],[116.672,41.939],[116.6,41.924],[116.568,41.936],[116.552,41.96],[116.52,41.967],[116.466,41.948],[116.443,41.96],[116.415,42.004],[116.378,42.01],[116.276,41.95],[116.207,41.884],[116.13,41.873],[116.07,41.801],[116.038,41.801],[116.013,41.837],[115.971,41.882],[115.937,41.927],[115.901,41.937],[115.859,41.927],[115.794,41.89],[115.682,41.848],[115.578,41.791],[115.528,41.772],[115.34,41.721],[115.313,41.699],[115.316,41.674],[115.347,41.624],[115.325,41.616],[115.268,41.62],[115.25,41.591],[115.226,41.586],[115.137,41.611],[115.097,41.616],[114.889,41.61],[114.881,41.696],[114.889,41.737],[114.871,41.783],[114.876,41.812],[114.931,41.839],[114.92,41.937],[114.896,41.977],[114.885,42.018],[114.846,42.082],[114.856,42.126],[114.845,42.148],[114.805,42.178],[114.752,42.14],[114.596,42.141],[114.523,42.116],[114.481,42.075],[114.443,41.982],[114.42,41.956],[114.324,41.914],[114.256,41.86],[114.232,41.827],[114.214,41.767],[114.197,41.594],[114.136,41.556],[114.027,41.531],[113.992,41.5],[113.961,41.446],[113.928,41.418],[113.911,41.334],[113.909,41.294],[113.924,41.266],[113.985,41.241],[113.99,41.182],[113.964,41.153],[113.898,41.156],[113.881,41.099],[113.829,41.081],[113.908,41.028],[113.969,40.952],[114.019,40.924],[114.047,40.865],[114.06,40.814],[114.116,40.787],[114.154,40.743],[114.152,40.674],[114.164,40.652],[114.229,40.6],[114.258,40.55],[114.259,40.493],[114.286,40.379],[114.305,40.362],[114.386,40.355],[114.434,40.361],[114.492,40.348],[114.511,40.325],[114.45,40.294],[114.289,40.255],[114.233,40.231],[114.117,40.204],[114.085,40.185],[114.07,40.106],[114.04,40.089],[114.015,40.127],[113.996,40.132],[113.958,40.079],[113.934,40.061],[113.936,40.016],[114.009,39.981],[114.035,39.942],[114.086,39.917],[114.178,39.906],[114.233,39.876],[114.328,39.86],[114.383,39.861],[114.405,39.827],[114.406,39.75],[114.397,39.697],[114.402,39.658],[114.43,39.613],[114.459,39.607],[114.516,39.565],[114.541,39.531],[114.529,39.482],[114.468,39.39],[114.459,39.338],[114.42,39.3],[114.412,39.198],[114.394,39.169],[114.309,39.13],[114.275,39.089],[114.216,39.069],[114.167,39.073],[114.125,39.066],[114.089,39.074],[114.03,39.118],[114.013,39.119],[113.928,39.085],[113.875,39.083],[113.853,39.072],[113.809,38.986],[113.776,38.971],[113.759,38.949],[113.76,38.909],[113.78,38.872],[113.826,38.824],[113.825,38.81],[113.749,38.729],[113.691,38.714],[113.669,38.66],[113.609,38.644],[113.534,38.537],[113.543,38.439],[113.518,38.378],[113.532,38.278],[113.558,38.243],[113.676,38.212],[113.741,38.165],[113.791,38.153],[113.818,38.091],[113.845,38.057],[113.891,37.949],[113.926,37.924],[113.987,37.839],[114.026,37.751],[114.1,37.698],[114.106,37.669],[114.096,37.6],[114.053,37.501],[114.019,37.455],[113.951,37.388],[113.93,37.349],[113.887,37.296],[113.858,37.209],[113.8,37.164],[113.754,37.115],[113.747,37.076],[113.754,37.023],[113.773,36.984],[113.776,36.891],[113.748,36.862],[113.679,36.872],[113.656,36.808],[113.608,36.769],[113.557,36.761],[113.534,36.747],[113.454,36.737],[113.438,36.719],[113.469,36.69],[113.459,36.636],[113.506,36.603],[113.527,36.565],[113.547,36.549],[113.533,36.516],[113.535,36.483],[113.556,36.465],[113.631,36.438],[113.691,36.395],[113.721,36.356],[113.808,36.339],[113.859,36.363],[113.907,36.344],[113.954,36.347],[113.989,36.359],[114.017,36.345],[114.048,36.312],[114.063,36.277],[114.156,36.247],[114.22,36.241],[114.246,36.253],[114.305,36.241],[114.343,36.245],[114.366,36.222],[114.418,36.212],[114.548,36.139],[114.585,36.131],[114.634,36.132],[114.707,36.153],[114.81,36.14],[114.831,36.151],[114.893,36.12],[114.924,36.088],[114.931,36.057],[114.978,36.061],[115.034,36.101],[115.061,36.152],[115.106,36.185],[115.18,36.183],[115.245,36.161],[115.296,36.087],[115.35,36.082],[115.398,36.125],[115.46,36.158],[115.449,36.249],[115.395,36.301],[115.36,36.301],[115.343,36.352],[115.276,36.474],[115.318,36.528],[115.342,36.6],[115.4,36.672],[115.461,36.723],[115.478,36.754],[115.544,36.768],[115.626,36.794],[115.664,36.815],[115.701,36.879],[115.747,36.915],[115.773,36.946],[115.776,36.985],[115.824,37.037],[115.852,37.057],[115.87,37.097],[115.87,37.129],[115.907,37.206],[115.957,37.242],[115.973,37.272],[115.975,37.322],[116.036,37.354],[116.115,37.368],[116.207,37.355],[116.256,37.387],[116.249,37.417],[116.223,37.438],[116.22,37.462],[116.264,37.511],[116.276,37.545],[116.307,37.571],[116.319,37.597],[116.35,37.621],[116.376,37.583],[116.38,37.533],[116.411,37.485],[116.429,37.484],[116.454,37.515],[116.485,37.533],[116.581,37.611],[116.609,37.639],[116.657,37.711],[116.728,37.754],[116.744,37.799],[116.765,37.822],[116.802,37.84],[116.84,37.834],[116.959,37.838],[116.997,37.832],[117.076,37.842],[117.235,37.841],[117.319,37.851],[117.377,37.841],[117.421,37.847],[117.464,37.907],[117.489,37.931],[117.533,38.015],[117.569,38.049],[117.687,38.073],[117.754,38.128],[117.78,38.164],[117.769,38.219],[117.791,38.252],[117.837,38.271],[117.804,38.294],[117.716,38.379],[117.668,38.446],[117.566,38.613],[117.544,38.621]]],[[[118.633,39.075],[118.629,39.049],[118.56,39.003],[118.526,39.047],[118.488,39.05],[118.469,39.006],[118.471,38.971],[118.514,38.919],[118.594,38.972],[118.649,39.045],[118.633,39.075]]],[[[117.239,40.093],[117.064,40.065],[116.988,40.034],[116.829,40.037],[116.774,40.025],[116.759,40.013],[116.744,39.959],[116.781,39.89],[116.816,39.875],[116.842,39.85],[116.879,39.832],[116.916,39.833],[116.929,39.801],[116.922,39.774],[116.88,39.72],[116.876,39.686],[116.903,39.686],[116.955,39.665],[117.035,39.647],[117.122,39.618],[117.153,39.618],[117.183,39.655],[117.189,39.721],[117.203,39.762],[117.183,39.802],[117.203,39.824],[117.248,39.836],[117.255,39.862],[117.18,39.879],[117.159,39.906],[117.148,39.948],[117.164,39.987],[117.207,40.037],[117.239,40.093]]]]}},{"type":"Feature","properties":{"id":"cn-hi"},"geometry":{"type":"Polygon","coordinates":[[[111.011,19.684],[110.994,19.694],[111,19.722],[110.983,19.808],[110.977,19.866],[110.935,19.995],[110.87,19.997],[110.788,20.01],[110.753,20.048],[110.711,20.075],[110.685,20.153],[110.671,20.155],[110.64,20.108],[110.593,20.107],[110.569,20.08],[110.571,20.031],[110.601,20.021],[110.623,19.972],[110.613,19.926],[110.58,19.98],[110.551,19.988],[110.496,20.024],[110.431,20.051],[110.383,20.081],[110.359,20.05],[110.325,20.061],[110.295,20.039],[110.261,20.033],[110.157,20.067],[110.137,20.024],[110.09,19.978],[110.05,19.974],[110.014,19.958],[109.992,19.925],[109.945,19.979],[109.915,19.99],[109.883,19.985],[109.87,19.953],[109.839,19.958],[109.808,19.951],[109.764,19.974],[109.72,19.985],[109.719,20.011],[109.668,20.007],[109.643,19.992],[109.596,19.993],[109.527,19.951],[109.554,19.91],[109.516,19.905],[109.527,19.862],[109.465,19.834],[109.444,19.873],[109.413,19.861],[109.369,19.889],[109.321,19.892],[109.304,19.922],[109.255,19.898],[109.249,19.869],[109.211,19.848],[109.167,19.805],[109.17,19.725],[109.236,19.762],[109.273,19.794],[109.3,19.777],[109.259,19.732],[109.205,19.719],[109.192,19.678],[109.157,19.65],[109.067,19.609],[109.016,19.601],[108.993,19.568],[108.941,19.514],[108.903,19.493],[108.87,19.458],[108.827,19.444],[108.79,19.423],[108.771,19.394],[108.729,19.378],[108.694,19.38],[108.669,19.344],[108.663,19.31],[108.632,19.286],[108.634,19.213],[108.664,19.21],[108.663,19.156],[108.644,19.124],[108.615,19.102],[108.643,19.018],[108.643,18.983],[108.656,18.944],[108.654,18.921],[108.629,18.868],[108.627,18.836],[108.668,18.789],[108.694,18.72],[108.697,18.683],[108.691,18.605],[108.674,18.555],[108.695,18.505],[108.796,18.487],[108.869,18.444],[108.886,18.427],[108.953,18.402],[108.979,18.375],[109.001,18.367],[109.092,18.369],[109.139,18.341],[109.15,18.3],[109.163,18.288],[109.218,18.306],[109.334,18.304],[109.44,18.289],[109.481,18.265],[109.493,18.228],[109.511,18.214],[109.55,18.226],[109.568,18.193],[109.616,18.176],[109.606,18.209],[109.629,18.227],[109.677,18.245],[109.691,18.209],[109.728,18.225],[109.741,18.251],[109.67,18.273],[109.727,18.304],[109.75,18.374],[109.746,18.396],[109.814,18.402],[109.835,18.382],[109.882,18.408],[109.915,18.417],[109.958,18.414],[110.024,18.441],[110.02,18.418],[109.995,18.382],[110.053,18.39],[110.04,18.426],[110.07,18.427],[110.088,18.504],[110.103,18.539],[110.157,18.581],[110.227,18.642],[110.271,18.668],[110.344,18.665],[110.427,18.681],[110.425,18.704],[110.45,18.757],[110.469,18.777],[110.534,18.786],[110.51,18.869],[110.502,18.811],[110.493,18.793],[110.445,18.804],[110.435,18.83],[110.459,18.848],[110.466,18.882],[110.513,18.906],[110.51,18.964],[110.531,19.018],[110.563,19.056],[110.57,19.101],[110.544,19.15],[110.589,19.177],[110.606,19.2],[110.633,19.264],[110.641,19.312],[110.678,19.334],[110.67,19.382],[110.698,19.417],[110.732,19.417],[110.758,19.431],[110.772,19.462],[110.796,19.485],[110.803,19.517],[110.822,19.554],[110.794,19.601],[110.826,19.622],[110.822,19.568],[110.843,19.54],[110.876,19.54],[110.966,19.636],[111.035,19.642],[111.011,19.684]]]}},{"type":"Feature","properties":{"id":"cn-hl"},"geometry":{"type":"Polygon","coordinates":[[[131.253,43.469],[131.167,43.521],[131.166,43.549],[131.192,43.589],[131.18,43.623],[131.187,43.648],[131.175,43.701],[131.17,43.781],[131.193,43.86],[131.217,43.908],[131.207,43.975],[131.218,44.016],[131.264,44.054],[131.165,44.368],[131.066,44.682],[131.021,44.747],[130.972,44.776],[130.93,44.825],[130.933,44.842],[131.008,44.856],[131.039,44.875],[131.052,44.909],[131.11,44.92],[131.158,44.902],[131.259,44.928],[131.329,44.968],[131.42,44.959],[131.609,45.09],[131.622,45.124],[131.605,45.165],[131.628,45.198],[131.723,45.215],[131.785,45.305],[131.818,45.333],[131.871,45.326],[131.9,45.273],[131.97,45.234],[132.405,45.146],[132.84,45.059],[132.921,45.028],[132.953,45.024],[133.024,45.058],[133.115,45.123],[133.127,45.155],[133.098,45.244],[133.102,45.287],[133.14,45.435],[133.18,45.494],[133.202,45.511],[133.33,45.549],[133.375,45.573],[133.413,45.573],[133.428,45.615],[133.477,45.628],[133.457,45.649],[133.488,45.687],[133.443,45.71],[133.471,45.729],[133.485,45.768],[133.477,45.82],[133.498,45.837],[133.514,45.879],[133.603,45.899],[133.61,45.93],[133.658,45.935],[133.719,46.079],[133.687,46.142],[133.741,46.159],[133.794,46.214],[133.837,46.2],[133.855,46.237],[133.902,46.259],[133.894,46.302],[133.916,46.313],[133.863,46.339],[133.926,46.371],[133.921,46.41],[133.854,46.445],[133.849,46.48],[133.892,46.529],[133.902,46.574],[133.988,46.625],[134.015,46.665],[134.045,46.772],[134.021,46.806],[134.02,46.834],[134.063,46.907],[134.069,46.981],[134.087,46.999],[134.124,47.071],[134.197,47.085],[134.227,47.118],[134.19,47.173],[134.197,47.205],[134.154,47.258],[134.184,47.328],[134.245,47.355],[134.293,47.41],[134.333,47.426],[134.415,47.439],[134.485,47.43],[134.561,47.482],[134.624,47.55],[134.683,47.588],[134.693,47.649],[134.725,47.663],[134.773,47.711],[134.77,47.741],[134.697,47.795],[134.676,47.824],[134.668,47.865],[134.646,47.896],[134.599,47.911],[134.601,47.944],[134.567,47.985],[134.567,48.04],[134.586,48.061],[134.663,48.108],[134.683,48.136],[134.687,48.22],[134.701,48.262],[134.611,48.285],[134.569,48.316],[134.543,48.357],[134.49,48.339],[134.453,48.344],[134.386,48.381],[134.206,48.36],[134.116,48.335],[134.057,48.327],[133.982,48.285],[133.937,48.273],[133.878,48.275],[133.797,48.251],[133.721,48.245],[133.686,48.202],[133.606,48.172],[133.56,48.113],[133.524,48.095],[133.464,48.09],[133.379,48.106],[133.324,48.1],[133.263,48.119],[133.185,48.125],[133.092,48.107],[133.061,48.092],[133.025,48.052],[132.941,48.027],[132.865,47.986],[132.821,47.942],[132.775,47.934],[132.706,47.96],[132.675,47.951],[132.661,47.923],[132.671,47.903],[132.659,47.87],[132.607,47.828],[132.574,47.782],[132.58,47.748],[132.525,47.708],[132.453,47.711],[132.401,47.73],[132.332,47.737],[132.251,47.725],[132.162,47.69],[132.025,47.698],[131.967,47.69],[131.933,47.672],[131.894,47.67],[131.836,47.685],[131.78,47.679],[131.703,47.696],[131.631,47.667],[131.577,47.669],[131.538,47.703],[131.475,47.734],[131.418,47.743],[131.21,47.709],[131.129,47.681],[131.084,47.675],[131.023,47.682],[130.942,47.718],[130.942,47.821],[130.907,47.884],[130.857,47.928],[130.682,48.05],[130.663,48.116],[130.707,48.163],[130.753,48.19],[130.774,48.244],[130.819,48.282],[130.822,48.334],[130.78,48.356],[130.738,48.43],[130.76,48.468],[130.744,48.497],[130.716,48.499],[130.639,48.477],[130.613,48.519],[130.62,48.561],[130.608,48.577],[130.541,48.598],[130.533,48.636],[130.628,48.796],[130.667,48.841],[130.674,48.871],[130.625,48.874],[130.565,48.856],[130.487,48.864],[130.465,48.891],[130.387,48.896],[130.294,48.87],[130.249,48.865],[130.202,48.883],[130.037,48.972],[129.974,49.015],[129.913,49.04],[129.921,49.082],[129.842,49.109],[129.845,49.154],[129.825,49.174],[129.756,49.184],[129.738,49.205],[129.735,49.239],[129.711,49.274],[129.572,49.28],[129.539,49.304],[129.528,49.385],[129.502,49.411],[129.455,49.427],[129.403,49.431],[129.371,49.411],[129.362,49.35],[129.316,49.344],[129.246,49.386],[129.194,49.39],[129.136,49.354],[129.088,49.352],[129.051,49.377],[129.015,49.431],[128.947,49.45],[128.879,49.48],[128.787,49.465],[128.75,49.485],[128.769,49.521],[128.8,49.532],[128.797,49.572],[128.734,49.584],[128.666,49.609],[128.629,49.575],[128.551,49.588],[128.384,49.579],[128.345,49.548],[128.268,49.559],[128.198,49.539],[128.092,49.542],[128.047,49.558],[127.992,49.599],[127.948,49.601],[127.907,49.58],[127.831,49.594],[127.77,49.634],[127.722,49.649],[127.69,49.681],[127.68,49.739],[127.644,49.767],[127.539,49.79],[127.508,49.822],[127.512,49.869],[127.534,49.922],[127.494,49.973],[127.487,50.026],[127.507,50.063],[127.57,50.13],[127.587,50.167],[127.578,50.221],[127.405,50.276],[127.355,50.299],[127.331,50.328],[127.359,50.381],[127.359,50.415],[127.289,50.466],[127.365,50.555],[127.367,50.578],[127.344,50.628],[127.295,50.666],[127.282,50.695],[127.296,50.73],[127.287,50.751],[127.221,50.788],[127.144,50.904],[127.111,50.932],[127.032,50.972],[126.981,51.028],[126.932,51.064],[126.905,51.164],[126.916,51.233],[126.968,51.282],[126.981,51.309],[126.955,51.33],[126.917,51.325],[126.885,51.303],[126.891,51.271],[126.87,51.252],[126.824,51.266],[126.809,51.289],[126.814,51.325],[126.843,51.349],[126.898,51.362],[126.902,51.401],[126.8,51.419],[126.789,51.436],[126.802,51.477],[126.83,51.508],[126.807,51.534],[126.701,51.563],[126.675,51.588],[126.724,51.636],[126.707,51.686],[126.714,51.723],[126.648,51.741],[126.446,51.983],[126.447,52.019],[126.514,52.043],[126.556,52.131],[126.531,52.153],[126.453,52.166],[126.317,52.2],[126.312,52.228],[126.392,52.264],[126.421,52.287],[126.344,52.303],[126.316,52.316],[126.344,52.358],[126.344,52.391],[126.276,52.463],[126.2,52.467],[126.212,52.533],[126.17,52.548],[126.083,52.593],[126.059,52.576],[126.009,52.568],[125.973,52.632],[126.003,52.665],[126.053,52.672],[126.062,52.697],[126.035,52.727],[126.104,52.754],[126.067,52.783],[126.018,52.782],[125.977,52.765],[125.867,52.849],[125.864,52.889],[125.837,52.907],[125.736,52.896],[125.669,52.878],[125.647,52.901],[125.679,52.933],[125.724,52.953],[125.734,52.982],[125.65,53.023],[125.621,53.062],[125.521,53.042],[125.477,53.084],[125.428,53.095],[125.127,53.207],[125.019,53.211],[124.919,53.194],[124.88,53.173],[124.896,53.118],[124.848,53.114],[124.801,53.155],[124.72,53.149],[124.679,53.199],[124.64,53.21],[124.528,53.21],[124.408,53.236],[124.343,53.272],[124.293,53.351],[124.233,53.382],[124.158,53.37],[124.122,53.353],[124.069,53.39],[124.017,53.407],[123.971,53.455],[123.85,53.495],[123.732,53.504],[123.678,53.52],[123.64,53.551],[123.592,53.558],[123.561,53.524],[123.535,53.555],[123.495,53.56],[123.486,53.526],[123.368,53.546],[123.31,53.567],[123.253,53.568],[123.154,53.513],[123.003,53.507],[122.86,53.474],[122.471,53.465],[122.402,53.451],[122.338,53.491],[122.294,53.493],[122.226,53.474],[122.169,53.469],[122.082,53.43],[121.889,53.431],[121.641,53.385],[121.512,53.33],[121.413,53.317],[121.452,53.288],[121.512,53.266],[121.607,53.241],[121.651,53.204],[121.666,53.157],[121.693,53.127],[121.765,53.095],[121.8,53.024],[121.78,52.989],[121.727,52.955],[121.692,52.908],[121.503,52.775],[121.174,52.595],[121.197,52.565],[121.326,52.532],[121.397,52.502],[121.491,52.445],[121.582,52.414],[121.692,52.389],[121.741,52.355],[121.773,52.311],[121.831,52.269],[121.911,52.258],[122.018,52.283],[122.097,52.362],[122.174,52.48],[122.208,52.49],[122.339,52.454],[122.399,52.381],[122.454,52.349],[122.492,52.295],[122.57,52.266],[122.731,52.249],[122.774,52.224],[122.775,52.2],[122.725,52.157],[122.645,52.136],[122.638,52.095],[122.754,51.847],[122.761,51.802],[122.707,51.734],[122.714,51.702],[122.836,51.568],[122.839,51.511],[122.884,51.448],[122.956,51.386],[123.024,51.356],[123.088,51.312],[123.115,51.306],[123.179,51.316],[123.22,51.285],[123.272,51.267],[123.369,51.266],[123.438,51.273],[123.503,51.26],[123.57,51.204],[123.662,51.2],[123.76,51.218],[123.789,51.233],[123.808,51.291],[123.866,51.313],[124.004,51.302],[124.162,51.328],[124.235,51.308],[124.284,51.283],[124.351,51.279],[124.399,51.288],[124.438,51.31],[124.465,51.356],[124.502,51.361],[124.666,51.335],[124.763,51.366],[124.821,51.366],[124.877,51.42],[124.94,51.445],[124.955,51.489],[125.022,51.505],[125.061,51.534],[125.068,51.594],[125.128,51.616],[125.333,51.583],[125.387,51.561],[125.487,51.507],[125.554,51.434],[125.577,51.389],[125.648,51.343],[125.719,51.254],[125.8,51.21],[125.843,51.206],[125.871,51.145],[125.928,51.127],[125.925,51.11],[125.984,51.104],[125.989,51.07],[126.027,51.051],[126.056,50.98],[126.045,50.943],[126.001,50.902],[125.99,50.875],[125.946,50.888],[125.912,50.836],[125.847,50.795],[125.824,50.767],[125.768,50.768],[125.754,50.754],[125.809,50.696],[125.783,50.676],[125.802,50.638],[125.809,50.562],[125.793,50.534],[125.722,50.511],[125.647,50.453],[125.587,50.441],[125.573,50.405],[125.531,50.393],[125.506,50.314],[125.464,50.293],[125.439,50.254],[125.454,50.232],[125.418,50.195],[125.385,50.19],[125.343,50.165],[125.343,50.129],[125.302,50.137],[125.264,50.106],[125.281,50.069],[125.252,50.043],[125.295,50.014],[125.248,49.989],[125.226,49.959],[125.188,49.942],[125.226,49.918],[125.245,49.877],[125.235,49.848],[125.191,49.834],[125.183,49.811],[125.223,49.787],[125.22,49.668],[125.197,49.647],[125.151,49.664],[125.131,49.637],[125.195,49.6],[125.236,49.554],[125.219,49.52],[125.267,49.438],[125.24,49.39],[125.254,49.343],[125.222,49.285],[125.233,49.274],[125.223,49.22],[125.174,49.181],[125.158,49.151],[125.113,49.135],[125.063,49.137],[125.031,49.164],[124.955,49.166],[124.903,49.177],[124.864,49.175],[124.846,49.137],[124.822,49.116],[124.822,49.061],[124.786,49.015],[124.698,48.849],[124.675,48.832],[124.622,48.742],[124.616,48.668],[124.59,48.616],[124.538,48.572],[124.549,48.52],[124.534,48.502],[124.544,48.467],[124.53,48.432],[124.521,48.369],[124.547,48.352],[124.559,48.315],[124.562,48.236],[124.528,48.191],[124.52,48.129],[124.482,48.112],[124.465,48.155],[124.426,48.174],[124.416,48.222],[124.393,48.264],[124.327,48.332],[124.313,48.372],[124.318,48.426],[124.301,48.492],[124.253,48.533],[124.234,48.531],[124.078,48.448],[123.727,48.191],[123.578,48.054],[123.487,48.008],[123.344,47.966],[123.293,47.946],[123.265,47.918],[123.244,47.867],[123.207,47.814],[123.095,47.755],[122.797,47.644],[122.723,47.598],[122.565,47.531],[122.513,47.455],[122.495,47.41],[122.415,47.347],[122.405,47.332],[122.501,47.237],[122.536,47.17],[122.574,47.131],[122.65,47.086],[122.764,47.052],[122.797,47.034],[122.996,46.84],[123.073,46.796],[123.124,46.775],[123.187,46.762],[123.267,46.817],[123.33,46.833],[123.38,46.898],[123.442,46.892],[123.468,46.875],[123.464,46.837],[123.489,46.817],[123.548,46.823],[123.571,46.873],[123.592,46.876],[123.613,46.841],[123.599,46.807],[123.609,46.775],[123.536,46.692],[123.397,46.598],[123.371,46.59],[123.292,46.586],[123.219,46.594],[123.094,46.622],[123.02,46.612],[123.004,46.567],[123.009,46.52],[122.986,46.442],[122.989,46.407],[123.034,46.347],[123.162,46.22],[123.191,46.249],[123.258,46.265],[123.356,46.235],[123.762,46.26],[123.866,46.291],[123.919,46.272],[123.957,46.291],[123.959,46.193],[124.001,46.112],[124.011,46.056],[124.034,46.018],[123.979,45.978],[123.973,45.952],[123.998,45.915],[124.051,45.889],[124.062,45.872],[124.042,45.83],[124.06,45.809],[124.018,45.782],[124.055,45.732],[124.103,45.71],[124.126,45.669],[124.165,45.663],[124.141,45.632],[124.178,45.622],[124.224,45.636],[124.234,45.602],[124.262,45.59],[124.284,45.546],[124.332,45.547],[124.363,45.526],[124.35,45.499],[124.362,45.473],[124.396,45.451],[124.456,45.464],[124.503,45.423],[124.563,45.415],[124.59,45.457],[124.612,45.448],[124.723,45.451],[124.756,45.468],[124.781,45.451],[124.849,45.443],[124.872,45.449],[124.879,45.488],[124.898,45.527],[124.916,45.533],[124.951,45.495],[125.028,45.498],[125.044,45.489],[125.044,45.452],[125.104,45.395],[125.233,45.414],[125.295,45.402],[125.307,45.417],[125.375,45.398],[125.411,45.425],[125.432,45.477],[125.451,45.485],[125.521,45.471],[125.604,45.505],[125.699,45.511],[125.714,45.414],[125.705,45.36],[125.73,45.318],[125.841,45.235],[125.91,45.207],[125.968,45.196],[126.15,45.141],[126.181,45.152],[126.243,45.156],[126.289,45.185],[126.323,45.183],[126.421,45.228],[126.559,45.247],[126.622,45.232],[126.665,45.2],[126.753,45.173],[126.789,45.149],[126.871,45.149],[126.953,45.134],[126.989,45.055],[127.035,45.007],[127.077,44.934],[127.07,44.901],[126.999,44.864],[126.978,44.826],[127,44.774],[127.032,44.731],[127.033,44.644],[127.045,44.598],[127.089,44.59],[127.147,44.655],[127.195,44.655],[127.233,44.616],[127.271,44.614],[127.311,44.635],[127.375,44.649],[127.458,44.611],[127.503,44.602],[127.559,44.574],[127.581,44.543],[127.513,44.518],[127.517,44.462],[127.493,44.411],[127.537,44.368],[127.552,44.34],[127.618,44.272],[127.61,44.22],[127.658,44.183],[127.715,44.161],[127.744,44.086],[127.779,44.069],[127.85,44.056],[128.005,44.096],[128.052,44.126],[128.057,44.15],[128.049,44.251],[128.059,44.289],[128.043,44.341],[128.063,44.363],[128.118,44.339],[128.155,44.353],[128.188,44.423],[128.207,44.44],[128.321,44.491],[128.359,44.502],[128.419,44.45],[128.439,44.401],[128.451,44.316],[128.437,44.219],[128.446,44.154],[128.529,44.08],[128.554,44.015],[128.601,43.961],[128.632,43.912],[128.694,43.869],[128.747,43.802],[128.76,43.771],[128.764,43.709],[128.818,43.659],[128.852,43.594],[128.883,43.556],[128.943,43.557],[128.976,43.54],[129.015,43.54],[129.163,43.592],[129.229,43.608],[129.237,43.624],[129.219,43.659],[129.216,43.738],[129.249,43.786],[129.297,43.804],[129.362,43.811],[129.417,43.84],[129.479,43.86],[129.535,43.87],[129.752,43.874],[129.793,43.901],[129.802,43.965],[129.865,44.004],[129.913,44.022],[130,43.984],[130.014,43.949],[130.018,43.889],[130.033,43.856],[130.104,43.845],[130.168,43.91],[130.211,43.934],[130.251,43.943],[130.28,43.964],[130.311,44.032],[130.345,44.034],[130.333,43.928],[130.359,43.877],[130.372,43.797],[130.413,43.749],[130.399,43.702],[130.414,43.669],[130.589,43.628],[130.619,43.616],[130.678,43.573],[130.744,43.545],[130.798,43.511],[130.837,43.449],[130.871,43.437],[130.917,43.45],[130.995,43.508],[131.041,43.5],[131.104,43.443],[131.149,43.436],[131.253,43.469]]]}},{"type":"Feature","properties":{"id":"cn-hn"},"geometry":{"type":"Polygon","coordinates":[[[109.258,28.506],[109.249,28.476],[109.27,28.408],[109.273,28.374],[109.264,28.322],[109.354,28.265],[109.354,28.209],[109.299,28.095],[109.3,28.051],[109.341,28.062],[109.363,28.057],[109.363,28.03],[109.324,28.001],[109.31,27.97],[109.338,27.93],[109.309,27.898],[109.327,27.848],[109.328,27.808],[109.359,27.761],[109.413,27.739],[109.414,27.714],[109.443,27.672],[109.447,27.65],[109.441,27.588],[109.418,27.56],[109.318,27.501],[109.277,27.439],[109.245,27.436],[109.206,27.445],[109.163,27.417],[109.131,27.406],[109.117,27.371],[109.015,27.262],[108.964,27.246],[108.9,27.189],[108.897,27.147],[108.882,27.124],[108.847,27.108],[108.804,27.107],[108.791,27.083],[108.833,27.059],[108.874,27.018],[108.904,27.01],[108.95,27.027],[108.977,27.07],[109.008,27.094],[109.095,27.134],[109.122,27.124],[109.112,27.093],[109.156,27.08],[109.199,27.115],[109.231,27.152],[109.276,27.133],[109.336,27.154],[109.396,27.15],[109.438,27.131],[109.457,27.1],[109.499,27.062],[109.509,27.032],[109.507,26.976],[109.49,26.941],[109.444,26.901],[109.462,26.877],[109.496,26.88],[109.52,26.858],[109.505,26.825],[109.467,26.804],[109.397,26.755],[109.294,26.727],[109.283,26.703],[109.302,26.681],[109.348,26.669],[109.377,26.646],[109.407,26.597],[109.403,26.537],[109.315,26.426],[109.294,26.359],[109.297,26.313],[109.33,26.28],[109.399,26.27],[109.384,26.227],[109.408,26.193],[109.426,26.133],[109.428,26.099],[109.457,26.039],[109.488,26.05],[109.523,26.039],[109.566,26.038],[109.603,26.053],[109.672,25.985],[109.674,25.963],[109.654,25.916],[109.677,25.889],[109.713,25.89],[109.772,25.908],[109.787,25.944],[109.772,26],[109.781,26.024],[109.838,26.045],[109.864,26.078],[109.912,26.181],[109.927,26.197],[109.978,26.189],[110.002,26.17],[110.043,26.163],[110.062,26.15],[110.058,26.125],[110.028,26.074],[110.034,26.036],[110.081,26.039],[110.138,26.052],[110.181,26.039],[110.222,25.983],[110.247,25.978],[110.299,26.021],[110.342,26.113],[110.383,26.151],[110.41,26.164],[110.485,26.172],[110.537,26.225],[110.545,26.279],[110.556,26.301],[110.554,26.341],[110.577,26.351],[110.689,26.332],[110.697,26.289],[110.724,26.274],[110.879,26.275],[110.906,26.293],[110.935,26.382],[110.965,26.385],[111.001,26.354],[111.039,26.344],[111.123,26.306],[111.216,26.282],[111.252,26.28],[111.277,26.25],[111.257,26.21],[111.247,26.132],[111.232,26.063],[111.202,25.996],[111.194,25.958],[111.202,25.93],[111.229,25.893],[111.256,25.869],[111.3,25.868],[111.303,25.896],[111.408,25.908],[111.447,25.927],[111.473,25.891],[111.422,25.857],[111.411,25.803],[111.361,25.734],[111.324,25.73],[111.317,25.675],[111.305,25.639],[111.326,25.591],[111.316,25.503],[111.292,25.471],[111.283,25.43],[111.254,25.399],[111.2,25.388],[111.164,25.365],[111.154,25.314],[111.111,25.276],[111.114,25.239],[111.099,25.214],[111.061,25.179],[111.011,25.164],[110.993,25.151],[110.958,25.062],[110.955,25.025],[110.994,24.965],[111.006,24.935],[111.031,24.918],[111.079,24.944],[111.126,25.044],[111.171,25.065],[111.251,25.135],[111.274,25.148],[111.318,25.112],[111.373,25.134],[111.415,25.123],[111.427,25.106],[111.415,25.07],[111.421,25.052],[111.462,25.019],[111.432,24.962],[111.43,24.943],[111.45,24.884],[111.445,24.846],[111.47,24.82],[111.474,24.793],[111.459,24.749],[111.429,24.698],[111.428,24.681],[111.476,24.667],[111.517,24.643],[111.569,24.7],[111.616,24.707],[111.636,24.76],[111.667,24.78],[111.797,24.76],[111.892,24.764],[111.926,24.775],[111.987,24.759],[111.997,24.736],[112.018,24.743],[112.066,24.797],[112.107,24.812],[112.145,24.794],[112.166,24.889],[112.165,24.912],[112.121,24.949],[112.149,25.033],[112.157,25.08],[112.183,25.153],[112.186,25.188],[112.214,25.2],[112.264,25.176],[112.332,25.181],[112.382,25.163],[112.458,25.164],[112.544,25.132],[112.611,25.138],[112.663,25.113],[112.693,25.067],[112.695,25.035],[112.714,25],[112.808,24.943],[112.851,24.939],[112.926,24.958],[112.989,24.964],[112.993,24.975],[112.964,25.024],[112.959,25.056],[112.973,25.1],[112.969,25.181],[113.021,25.214],[113.015,25.246],[112.96,25.252],[112.889,25.241],[112.866,25.266],[112.852,25.328],[112.881,25.342],[112.917,25.325],[112.95,25.352],[113.01,25.369],[113.09,25.414],[113.148,25.466],[113.217,25.506],[113.283,25.518],[113.309,25.464],[113.358,25.424],[113.391,25.411],[113.422,25.384],[113.463,25.377],[113.523,25.386],[113.582,25.326],[113.637,25.35],[113.682,25.361],[113.714,25.361],[113.764,25.341],[113.828,25.357],[113.852,25.384],[113.88,25.433],[113.928,25.448],[113.942,25.511],[113.978,25.563],[113.982,25.582],[113.962,25.625],[113.918,25.66],[113.903,25.714],[113.907,25.75],[113.942,25.797],[113.956,25.835],[114,25.89],[114.018,25.935],[114.015,26.022],[114.041,26.069],[114.087,26.09],[114.117,26.122],[114.168,26.136],[114.214,26.17],[114.209,26.199],[114.162,26.221],[114.105,26.209],[114.063,26.178],[114.028,26.173],[114.006,26.187],[113.965,26.164],[113.925,26.17],[113.939,26.209],[113.999,26.283],[114.021,26.399],[114.068,26.454],[114.087,26.553],[114.085,26.577],[114.011,26.588],[113.989,26.61],[113.95,26.625],[113.888,26.635],[113.865,26.656],[113.852,26.703],[113.832,26.827],[113.869,26.874],[113.873,26.909],[113.892,26.945],[113.889,26.965],[113.863,26.978],[113.841,27.018],[113.816,27.039],[113.8,27.077],[113.755,27.084],[113.754,27.142],[113.78,27.183],[113.824,27.229],[113.853,27.293],[113.851,27.346],[113.783,27.371],[113.746,27.363],[113.7,27.334],[113.667,27.33],[113.618,27.35],[113.6,27.368],[113.576,27.527],[113.559,27.561],[113.562,27.591],[113.587,27.632],[113.611,27.699],[113.701,27.819],[113.712,27.864],[113.706,27.938],[113.737,27.982],[113.778,27.986],[113.837,28.008],[113.916,28.021],[113.989,28.072],[114.014,28.106],[114.017,28.161],[114.028,28.184],[114.072,28.209],[114.092,28.258],[114.15,28.272],[114.184,28.293],[114.228,28.358],[114.227,28.409],[114.172,28.44],[114.177,28.507],[114.122,28.516],[114.057,28.564],[114.113,28.616],[114.124,28.673],[114.123,28.714],[114.143,28.789],[114.134,28.818],[114.112,28.841],[114.051,28.865],[114.012,28.913],[113.965,28.94],[113.905,28.956],[113.897,28.99],[113.902,29.066],[113.84,29.088],[113.773,29.125],[113.736,29.107],[113.711,29.073],[113.655,29.124],[113.651,29.191],[113.641,29.222],[113.586,29.244],[113.588,29.294],[113.609,29.329],[113.662,29.388],[113.696,29.398],[113.729,29.437],[113.707,29.494],[113.68,29.52],[113.673,29.545],[113.681,29.602],[113.655,29.668],[113.635,29.685],[113.536,29.686],[113.533,29.705],[113.546,29.771],[113.591,29.86],[113.59,29.88],[113.52,29.842],[113.446,29.78],[113.416,29.765],[113.186,29.532],[113.146,29.472],[113.128,29.463],[113.09,29.496],[113.076,29.484],[113.076,29.448],[113.049,29.454],[113.045,29.508],[113.008,29.518],[112.953,29.477],[112.928,29.495],[112.908,29.601],[112.914,29.635],[112.935,29.66],[112.991,29.692],[113.017,29.725],[113.013,29.773],[112.946,29.709],[112.919,29.724],[112.913,29.764],[112.886,29.792],[112.853,29.779],[112.786,29.737],[112.766,29.703],[112.741,29.685],[112.696,29.676],[112.684,29.647],[112.648,29.627],[112.556,29.63],[112.496,29.644],[112.444,29.641],[112.363,29.572],[112.282,29.537],[112.274,29.601],[112.226,29.637],[112.218,29.669],[112.17,29.649],[112.126,29.707],[112.082,29.733],[111.924,29.856],[111.857,29.871],[111.769,29.92],[111.736,29.921],[111.683,29.899],[111.585,29.904],[111.495,29.936],[111.461,29.939],[111.415,29.926],[111.386,29.93],[111.376,29.949],[111.308,29.996],[111.246,30.032],[111.052,30.059],[110.944,30.064],[110.799,30.095],[110.742,30.096],[110.716,30.03],[110.686,30.027],[110.636,30.046],[110.543,30.055],[110.501,30.046],[110.463,30.014],[110.507,29.985],[110.472,29.944],[110.473,29.906],[110.501,29.863],[110.545,29.838],[110.58,29.805],[110.591,29.771],[110.526,29.725],[110.482,29.712],[110.447,29.727],[110.423,29.714],[110.419,29.683],[110.362,29.65],[110.285,29.68],[110.225,29.737],[110.104,29.785],[109.783,29.735],[109.748,29.711],[109.7,29.656],[109.691,29.605],[109.644,29.597],[109.61,29.619],[109.528,29.593],[109.515,29.57],[109.472,29.568],[109.457,29.535],[109.432,29.534],[109.411,29.5],[109.406,29.464],[109.382,29.443],[109.381,29.395],[109.328,29.354],[109.338,29.29],[109.269,29.242],[109.253,29.221],[109.258,29.185],[109.236,29.116],[109.207,29.104],[109.275,29.049],[109.286,29.03],[109.268,29.007],[109.246,28.931],[109.24,28.883],[109.247,28.786],[109.261,28.751],[109.281,28.729],[109.26,28.699],[109.257,28.66],[109.213,28.629],[109.267,28.599],[109.285,28.573],[109.258,28.506]]]}},{"type":"Feature","properties":{"id":"cn-jl"},"geometry":{"type":"Polygon","coordinates":[[[131.253,43.469],[131.149,43.436],[131.104,43.443],[131.041,43.5],[130.995,43.508],[130.917,43.45],[130.871,43.437],[130.837,43.449],[130.798,43.511],[130.744,43.545],[130.678,43.573],[130.619,43.616],[130.589,43.628],[130.414,43.669],[130.399,43.702],[130.413,43.749],[130.372,43.797],[130.359,43.877],[130.333,43.928],[130.345,44.034],[130.311,44.032],[130.28,43.964],[130.251,43.943],[130.211,43.934],[130.168,43.91],[130.104,43.845],[130.033,43.856],[130.018,43.889],[130.014,43.949],[130,43.984],[129.913,44.022],[129.865,44.004],[129.802,43.965],[129.793,43.901],[129.752,43.874],[129.535,43.87],[129.479,43.86],[129.417,43.84],[129.362,43.811],[129.297,43.804],[129.249,43.786],[129.216,43.738],[129.219,43.659],[129.237,43.624],[129.229,43.608],[129.163,43.592],[129.015,43.54],[128.976,43.54],[128.943,43.557],[128.883,43.556],[128.852,43.594],[128.818,43.659],[128.764,43.709],[128.76,43.771],[128.747,43.802],[128.694,43.869],[128.632,43.912],[128.601,43.961],[128.554,44.015],[128.529,44.08],[128.446,44.154],[128.437,44.219],[128.451,44.316],[128.439,44.401],[128.419,44.45],[128.359,44.502],[128.321,44.491],[128.207,44.44],[128.188,44.423],[128.155,44.353],[128.118,44.339],[128.063,44.363],[128.043,44.341],[128.059,44.289],[128.049,44.251],[128.057,44.15],[128.052,44.126],[128.005,44.096],[127.85,44.056],[127.779,44.069],[127.744,44.086],[127.715,44.161],[127.658,44.183],[127.61,44.22],[127.618,44.272],[127.552,44.34],[127.537,44.368],[127.493,44.411],[127.517,44.462],[127.513,44.518],[127.581,44.543],[127.559,44.574],[127.503,44.602],[127.458,44.611],[127.375,44.649],[127.311,44.635],[127.271,44.614],[127.233,44.616],[127.195,44.655],[127.147,44.655],[127.089,44.59],[127.045,44.598],[127.033,44.644],[127.032,44.731],[127,44.774],[126.978,44.826],[126.999,44.864],[127.07,44.901],[127.077,44.934],[127.035,45.007],[126.989,45.055],[126.953,45.134],[126.871,45.149],[126.789,45.149],[126.753,45.173],[126.665,45.2],[126.622,45.232],[126.559,45.247],[126.421,45.228],[126.323,45.183],[126.289,45.185],[126.243,45.156],[126.181,45.152],[126.15,45.141],[125.968,45.196],[125.91,45.207],[125.841,45.235],[125.73,45.318],[125.705,45.36],[125.714,45.414],[125.699,45.511],[125.604,45.505],[125.521,45.471],[125.451,45.485],[125.432,45.477],[125.411,45.425],[125.375,45.398],[125.307,45.417],[125.295,45.402],[125.233,45.414],[125.104,45.395],[125.044,45.452],[125.044,45.489],[125.028,45.498],[124.951,45.495],[124.916,45.533],[124.898,45.527],[124.879,45.488],[124.872,45.449],[124.849,45.443],[124.781,45.451],[124.756,45.468],[124.723,45.451],[124.612,45.448],[124.59,45.457],[124.563,45.415],[124.503,45.423],[124.456,45.464],[124.396,45.451],[124.362,45.473],[124.35,45.499],[124.363,45.526],[124.332,45.547],[124.284,45.546],[124.262,45.59],[124.234,45.602],[124.224,45.636],[124.178,45.622],[124.141,45.632],[124.165,45.663],[124.126,45.669],[124.103,45.71],[124.055,45.732],[124.018,45.782],[124.06,45.809],[124.042,45.83],[124.062,45.872],[124.051,45.889],[123.998,45.915],[123.973,45.952],[123.979,45.978],[124.034,46.018],[124.011,46.056],[124.001,46.112],[123.959,46.193],[123.957,46.291],[123.919,46.272],[123.866,46.291],[123.762,46.26],[123.356,46.235],[123.258,46.265],[123.191,46.249],[123.162,46.22],[123.109,46.155],[123.1,46.128],[123.069,46.109],[122.821,46.094],[122.799,46.089],[122.791,45.97],[122.801,45.913],[122.775,45.876],[122.768,45.837],[122.773,45.788],[122.752,45.754],[122.708,45.715],[122.647,45.725],[122.498,45.825],[122.471,45.892],[122.426,45.942],[122.399,45.949],[122.369,45.9],[122.294,45.834],[122.24,45.813],[122.193,45.855],[122.146,45.871],[122.059,45.927],[122.041,45.954],[121.996,45.98],[121.939,45.989],[121.87,46.011],[121.774,46.01],[121.779,45.982],[121.808,45.952],[121.815,45.914],[121.796,45.873],[121.742,45.799],[121.714,45.775],[121.657,45.749],[121.666,45.716],[121.729,45.682],[121.785,45.676],[121.865,45.699],[121.934,45.69],[121.982,45.642],[121.98,45.605],[121.964,45.568],[121.975,45.536],[122.027,45.485],[122.107,45.469],[122.136,45.449],[122.206,45.363],[122.21,45.321],[122.234,45.287],[122.228,45.238],[122.192,45.201],[122.122,45.169],[122.051,45.152],[122.011,45.118],[122.006,45.09],[122.014,45.029],[122.038,44.934],[122.023,44.847],[122.043,44.795],[122.046,44.695],[122.088,44.62],[122.238,44.475],[122.282,44.429],[122.279,44.364],[122.254,44.246],[122.278,44.219],[122.322,44.211],[122.377,44.22],[122.595,44.291],[122.638,44.324],[122.715,44.336],[122.75,44.349],[122.821,44.394],[122.955,44.447],[123.045,44.513],[123.099,44.531],[123.124,44.494],[123.117,44.406],[123.168,44.367],[123.196,44.301],[123.258,44.204],[123.323,44.179],[123.359,44.151],[123.359,44.092],[123.331,44.07],[123.322,44.042],[123.343,43.993],[123.418,43.89],[123.471,43.762],[123.522,43.697],[123.528,43.637],[123.49,43.591],[123.419,43.618],[123.416,43.569],[123.361,43.54],[123.348,43.485],[123.378,43.453],[123.455,43.437],[123.5,43.406],[123.571,43.396],[123.606,43.365],[123.696,43.353],[123.687,43.368],[123.707,43.421],[123.749,43.472],[123.807,43.454],[123.852,43.418],[123.927,43.373],[124.006,43.31],[124.079,43.304],[124.121,43.288],[124.158,43.258],[124.212,43.257],[124.282,43.226],[124.296,43.157],[124.31,43.144],[124.394,43.108],[124.419,43.082],[124.375,43.025],[124.376,42.986],[124.435,42.943],[124.383,42.913],[124.386,42.885],[124.453,42.876],[124.48,42.851],[124.52,42.872],[124.631,42.957],[124.673,42.999],[124.699,43.059],[124.766,43.106],[124.799,43.116],[124.872,43.118],[124.888,43.087],[124.868,43.002],[124.872,42.96],[124.86,42.888],[124.875,42.816],[124.942,42.804],[124.968,42.781],[124.982,42.725],[124.951,42.672],[125.019,42.647],[125.037,42.618],[125.096,42.577],[125.092,42.538],[125.102,42.494],[125.209,42.406],[125.198,42.374],[125.174,42.355],[125.179,42.333],[125.223,42.316],[125.269,42.309],[125.291,42.272],[125.284,42.234],[125.332,42.165],[125.379,42.18],[125.464,42.161],[125.481,42.151],[125.458,42.105],[125.42,42.06],[125.373,42.024],[125.364,41.995],[125.295,41.957],[125.304,41.923],[125.286,41.826],[125.328,41.747],[125.306,41.68],[125.387,41.668],[125.45,41.68],[125.456,41.618],[125.47,41.575],[125.563,41.411],[125.599,41.384],[125.635,41.341],[125.651,41.286],[125.703,41.252],[125.738,41.245],[125.752,41.216],[125.744,41.183],[125.766,41.139],[125.729,41.12],[125.722,41.074],[125.692,41.004],[125.646,40.976],[125.576,40.913],[125.6,40.898],[125.688,40.893],[125.704,40.859],[125.746,40.868],[125.761,40.886],[125.822,40.87],[125.902,40.899],[125.936,40.877],[126.008,40.899],[125.992,40.928],[126.029,40.935],[126.066,40.969],[126.069,40.989],[126.138,41.057],[126.124,41.076],[126.147,41.092],[126.261,41.143],[126.284,41.164],[126.31,41.208],[126.357,41.249],[126.381,41.291],[126.441,41.348],[126.473,41.367],[126.522,41.378],[126.501,41.434],[126.542,41.489],[126.581,41.575],[126.567,41.614],[126.618,41.666],[126.669,41.667],[126.728,41.701],[126.687,41.724],[126.713,41.741],[126.789,41.696],[126.809,41.73],[126.865,41.747],[126.887,41.785],[126.93,41.801],[126.946,41.766],[126.981,41.763],[127.033,41.732],[127.077,41.681],[127.045,41.668],[127.074,41.636],[127.114,41.61],[127.166,41.595],[127.105,41.537],[127.156,41.531],[127.18,41.517],[127.2,41.542],[127.258,41.525],[127.269,41.505],[127.344,41.491],[127.371,41.498],[127.427,41.483],[127.474,41.499],[127.526,41.484],[127.559,41.458],[127.638,41.43],[127.658,41.447],[127.69,41.439],[127.785,41.437],[127.81,41.444],[127.849,41.431],[127.872,41.454],[127.944,41.471],[127.974,41.45],[128.012,41.46],[128.012,41.424],[128.064,41.388],[128.146,41.376],[128.186,41.404],[128.288,41.545],[128.303,41.583],[128.251,41.66],[128.224,41.669],[128.159,41.712],[128.144,41.755],[128.097,41.823],[128.091,41.842],[128.058,41.85],[128.04,41.88],[128.02,41.965],[128.035,41.994],[128.101,41.999],[128.262,42.033],[128.364,42.026],[128.408,42.008],[128.454,42.01],[128.502,41.996],[128.544,42.008],[128.564,42.001],[128.608,42.03],[128.683,42.026],[128.721,42.048],[128.817,42.044],[128.903,42.026],[128.94,42.035],[128.964,42.089],[129.027,42.102],[129.063,42.136],[129.12,42.149],[129.211,42.22],[129.183,42.255],[129.211,42.267],[129.226,42.318],[129.242,42.339],[129.228,42.359],[129.243,42.379],[129.304,42.39],[129.315,42.422],[129.363,42.445],[129.386,42.428],[129.434,42.441],[129.517,42.391],[129.554,42.377],[129.563,42.404],[129.594,42.422],[129.592,42.448],[129.671,42.438],[129.703,42.442],[129.729,42.476],[129.737,42.585],[129.763,42.606],[129.742,42.629],[129.787,42.685],[129.758,42.704],[129.761,42.746],[129.79,42.792],[129.799,42.837],[129.847,42.928],[129.852,42.962],[129.893,42.972],[129.88,42.996],[129.934,43.008],[129.981,42.967],[130.047,42.962],[130.121,42.982],[130.123,42.943],[130.099,42.922],[130.14,42.907],[130.239,42.902],[130.256,42.867],[130.242,42.782],[130.243,42.743],[130.263,42.709],[130.317,42.667],[130.325,42.65],[130.393,42.606],[130.42,42.604],[130.431,42.562],[130.484,42.61],[130.517,42.599],[130.531,42.53],[130.585,42.569],[130.572,42.622],[130.504,42.678],[130.404,42.678],[130.38,42.697],[130.407,42.735],[130.491,42.781],[130.586,42.817],[130.649,42.829],[130.731,42.826],[130.77,42.866],[130.794,42.869],[130.856,42.85],[130.992,42.849],[131.024,42.896],[131.074,42.897],[131.103,42.91],[131.074,42.993],[131.085,43.042],[131.12,43.059],[131.127,43.082],[131.169,43.108],[131.19,43.139],[131.167,43.182],[131.193,43.231],[131.226,43.252],[131.242,43.284],[131.248,43.344],[131.281,43.38],[131.274,43.451],[131.253,43.469]]]}},{"type":"Feature","properties":{"id":"cn-js"},"geometry":{"type":"MultiPolygon","coordinates":[[[[119.881,32.125],[119.875,32.155],[119.833,32.252],[119.785,32.292],[119.751,32.293],[119.716,32.273],[119.719,32.25],[119.75,32.228],[119.819,32.204],[119.791,32.165],[119.792,32.122],[119.859,32.102],[119.881,32.125]]],[[[119.28,35.077],[119.273,35.099],[119.229,35.113],[119.176,35.106],[119.102,35.06],[119.076,35.05],[118.954,35.051],[118.867,35.036],[118.842,34.935],[118.798,34.876],[118.777,34.834],[118.759,34.749],[118.725,34.707],[118.681,34.684],[118.596,34.707],[118.532,34.705],[118.477,34.689],[118.452,34.662],[118.45,34.628],[118.423,34.578],[118.419,34.504],[118.391,34.444],[118.343,34.419],[118.248,34.412],[118.165,34.399],[118.17,34.437],[118.132,34.484],[118.15,34.548],[118.094,34.571],[118.088,34.622],[118.05,34.651],[117.999,34.656],[117.915,34.677],[117.852,34.663],[117.806,34.664],[117.79,34.651],[117.788,34.609],[117.773,34.527],[117.714,34.534],[117.653,34.526],[117.591,34.472],[117.547,34.462],[117.469,34.475],[117.444,34.493],[117.374,34.564],[117.337,34.589],[117.274,34.564],[117.238,34.518],[117.235,34.461],[117.21,34.445],[117.182,34.45],[117.145,34.502],[117.14,34.564],[117.061,34.709],[116.993,34.774],[116.972,34.838],[116.941,34.88],[116.828,34.958],[116.777,34.934],[116.725,34.929],[116.632,34.938],[116.547,34.914],[116.499,34.911],[116.47,34.898],[116.42,34.834],[116.41,34.736],[116.39,34.721],[116.377,34.64],[116.428,34.64],[116.484,34.599],[116.51,34.566],[116.572,34.527],[116.591,34.501],[116.625,34.485],[116.715,34.468],[116.77,34.452],[116.802,34.4],[116.848,34.39],[116.906,34.401],[116.949,34.389],[116.98,34.345],[116.966,34.298],[116.97,34.275],[117.02,34.238],[117.014,34.193],[117.034,34.156],[117.137,34.107],[117.159,34.091],[117.229,34.074],[117.321,34.079],[117.37,34.056],[117.392,34.031],[117.441,34.026],[117.503,34.05],[117.533,34.04],[117.572,33.99],[117.608,33.99],[117.624,34.008],[117.651,33.982],[117.688,33.888],[117.746,33.882],[117.752,33.724],[117.831,33.735],[117.865,33.726],[117.926,33.734],[117.966,33.752],[118.062,33.757],[118.124,33.766],[118.163,33.737],[118.177,33.693],[118.168,33.673],[118.122,33.611],[118.11,33.531],[118.113,33.479],[118.063,33.489],[118.04,33.455],[117.993,33.349],[117.983,33.3],[117.941,33.262],[117.932,33.235],[117.979,33.204],[117.996,33.168],[118.081,33.15],[118.095,33.161],[118.156,33.181],[118.17,33.213],[118.197,33.205],[118.218,33.18],[118.216,33.117],[118.224,33.078],[118.248,33.013],[118.299,32.963],[118.239,32.924],[118.251,32.87],[118.288,32.838],[118.3,32.777],[118.399,32.731],[118.431,32.74],[118.576,32.727],[118.625,32.745],[118.72,32.732],[118.745,32.757],[118.738,32.786],[118.748,32.839],[118.798,32.865],[118.813,32.925],[118.857,32.972],[118.91,32.957],[118.951,32.967],[118.993,32.962],[119.009,32.91],[119.11,32.834],[119.157,32.818],[119.154,32.771],[119.19,32.711],[119.202,32.624],[119.199,32.594],[119.169,32.575],[119.147,32.541],[119.139,32.5],[119.081,32.446],[119.034,32.499],[118.984,32.512],[118.941,32.558],[118.906,32.564],[118.891,32.596],[118.847,32.588],[118.819,32.603],[118.777,32.599],[118.752,32.613],[118.666,32.587],[118.643,32.594],[118.608,32.581],[118.58,32.593],[118.552,32.574],[118.559,32.549],[118.592,32.527],[118.593,32.5],[118.612,32.478],[118.65,32.473],[118.668,32.453],[118.668,32.404],[118.684,32.339],[118.65,32.289],[118.67,32.267],[118.65,32.238],[118.599,32.212],[118.514,32.2],[118.499,32.176],[118.499,32.138],[118.412,32.089],[118.383,32.054],[118.385,32.024],[118.401,32.007],[118.37,31.981],[118.352,31.947],[118.423,31.896],[118.46,31.891],[118.481,31.859],[118.477,31.79],[118.569,31.736],[118.637,31.725],[118.684,31.701],[118.66,31.669],[118.681,31.647],[118.736,31.639],[118.765,31.672],[118.789,31.667],[118.8,31.628],[118.86,31.627],[118.88,31.552],[118.881,31.522],[118.827,31.398],[118.797,31.372],[118.751,31.358],[118.737,31.321],[118.756,31.281],[118.816,31.226],[119.075,31.239],[119.163,31.287],[119.236,31.265],[119.317,31.267],[119.349,31.286],[119.36,31.254],[119.363,31.192],[119.493,31.151],[119.527,31.155],[119.592,31.131],[119.63,31.133],[119.653,31.159],[119.74,31.176],[119.789,31.16],[119.88,31.17],[119.932,31.15],[119.943,31.087],[120.026,31.022],[120.051,30.995],[120.129,30.943],[120.213,30.921],[120.362,30.939],[120.377,30.891],[120.403,30.889],[120.432,30.903],[120.447,30.89],[120.491,30.764],[120.578,30.846],[120.604,30.86],[120.635,30.858],[120.709,30.891],[120.692,30.977],[120.726,30.978],[120.781,30.997],[120.834,31.002],[120.878,30.994],[120.909,31.012],[120.889,31.079],[120.866,31.107],[120.883,31.14],[120.958,31.135],[121.035,31.144],[121.063,31.154],[121.07,31.176],[121.059,31.248],[121.087,31.278],[121.126,31.277],[121.141,31.318],[121.136,31.374],[121.187,31.458],[121.236,31.481],[121.341,31.491],[121.32,31.505],[121.245,31.6],[121.144,31.685],[121.067,31.724],[121.014,31.743],[120.948,31.758],[120.895,31.763],[120.748,31.802],[120.721,31.832],[120.808,31.81],[120.825,31.829],[120.807,31.874],[120.78,31.916],[120.75,31.978],[120.69,31.998],[120.604,31.991],[120.518,32.019],[120.455,32.021],[120.456,31.983],[120.418,31.97],[120.341,31.956],[120.23,31.909],[120.178,31.904],[120.131,31.912],[120.006,31.95],[119.979,31.969],[119.939,32.018],[119.856,32.087],[119.785,32.114],[119.764,32.163],[119.789,32.199],[119.73,32.211],[119.69,32.235],[119.649,32.22],[119.685,32.292],[119.692,32.32],[119.758,32.327],[119.818,32.314],[119.874,32.265],[119.888,32.214],[119.921,32.196],[119.908,32.139],[119.921,32.109],[119.992,32.016],[120.052,31.971],[120.131,31.943],[120.224,31.937],[120.267,31.949],[120.362,32.026],[120.491,32.082],[120.565,32.077],[120.634,32.077],[120.744,32.036],[120.811,32.023],[120.847,31.991],[120.906,31.926],[120.919,31.899],[120.945,31.885],[120.941,31.845],[120.978,31.814],[121.04,31.819],[121.115,31.796],[121.228,31.866],[121.286,31.891],[121.317,31.883],[121.495,31.806],[121.517,31.783],[121.574,31.766],[121.676,31.724],[121.749,31.712],[121.817,31.691],[121.872,31.691],[121.915,31.706],[121.93,31.727],[121.922,31.754],[121.875,31.826],[121.875,31.864],[121.825,31.928],[121.822,31.952],[121.764,31.995],[121.655,32.063],[121.554,32.102],[121.443,32.114],[121.425,32.164],[121.399,32.169],[121.367,32.239],[121.419,32.25],[121.401,32.352],[121.389,32.385],[121.354,32.415],[121.157,32.496],[121.12,32.507],[121.066,32.544],[120.975,32.595],[120.944,32.605],[120.911,32.63],[120.907,32.66],[120.864,32.671],[120.83,32.698],[120.861,32.72],[120.852,32.756],[120.88,32.772],[120.905,32.813],[120.908,32.844],[120.889,32.963],[120.896,33.014],[120.867,33.032],[120.834,33.026],[120.82,33.054],[120.819,33.092],[120.792,33.109],[120.807,33.138],[120.785,33.165],[120.73,33.205],[120.744,33.224],[120.732,33.248],[120.738,33.279],[120.695,33.293],[120.662,33.338],[120.656,33.413],[120.628,33.478],[120.573,33.533],[120.539,33.595],[120.484,33.65],[120.512,33.657],[120.498,33.753],[120.45,33.786],[120.431,33.846],[120.407,33.86],[120.408,33.917],[120.385,33.97],[120.371,34.036],[120.325,34.111],[120.325,34.136],[120.299,34.204],[120.274,34.245],[120.257,34.312],[120.24,34.324],[120.118,34.36],[120.079,34.378],[120.023,34.419],[119.94,34.458],[119.826,34.47],[119.795,34.482],[119.751,34.514],[119.705,34.531],[119.648,34.534],[119.641,34.551],[119.532,34.616],[119.457,34.685],[119.473,34.698],[119.463,34.732],[119.428,34.75],[119.388,34.753],[119.347,34.781],[119.325,34.76],[119.291,34.753],[119.242,34.762],[119.189,34.733],[119.202,34.785],[119.189,34.856],[119.203,34.932],[119.193,35],[119.207,35.048],[119.221,35.064],[119.28,35.077]]]]}},{"type":"Feature","properties":{"id":"cn-jx"},"geometry":{"type":"Polygon","coordinates":[[[113.928,25.448],[113.98,25.424],[114.012,25.435],[114.013,25.396],[114.026,25.344],[114.004,25.287],[114.026,25.268],[114.065,25.278],[114.115,25.308],[114.14,25.311],[114.203,25.295],[114.279,25.292],[114.321,25.313],[114.384,25.335],[114.429,25.386],[114.486,25.382],[114.527,25.414],[114.569,25.407],[114.58,25.36],[114.632,25.322],[114.686,25.305],[114.707,25.29],[114.717,25.246],[114.683,25.163],[114.722,25.136],[114.729,25.119],[114.676,25.106],[114.623,25.072],[114.548,25.054],[114.475,25.004],[114.414,24.98],[114.388,24.93],[114.384,24.885],[114.338,24.826],[114.302,24.759],[114.269,24.733],[114.192,24.695],[114.182,24.659],[114.248,24.645],[114.289,24.596],[114.362,24.565],[114.391,24.511],[114.425,24.5],[114.498,24.556],[114.58,24.555],[114.642,24.585],[114.663,24.563],[114.712,24.555],[114.74,24.625],[114.777,24.633],[114.82,24.623],[114.863,24.588],[114.89,24.605],[114.919,24.65],[114.945,24.67],[115.019,24.686],[115.047,24.707],[115.093,24.688],[115.139,24.684],[115.18,24.697],[115.24,24.746],[115.293,24.763],[115.333,24.747],[115.341,24.763],[115.421,24.785],[115.454,24.766],[115.486,24.72],[115.541,24.685],[115.599,24.609],[115.651,24.585],[115.684,24.553],[115.706,24.546],[115.799,24.573],[115.783,24.623],[115.782,24.685],[115.749,24.748],[115.758,24.829],[115.787,24.861],[115.836,24.876],[115.885,24.87],[115.906,24.885],[115.888,24.917],[115.856,24.953],[115.881,24.976],[115.888,25],[115.876,25.029],[115.875,25.071],[115.842,25.173],[115.843,25.195],[115.908,25.238],[115.957,25.3],[115.979,25.351],[115.979,25.403],[116,25.497],[116.045,25.575],[116.028,25.636],[116.063,25.699],[116.088,25.71],[116.124,25.764],[116.161,25.78],[116.134,25.817],[116.135,25.866],[116.18,25.907],[116.211,25.92],[116.257,25.924],[116.323,25.955],[116.363,26.021],[116.397,26.061],[116.419,26.153],[116.405,26.192],[116.399,26.288],[116.476,26.372],[116.502,26.407],[116.532,26.408],[116.551,26.384],[116.573,26.378],[116.594,26.395],[116.619,26.492],[116.583,26.509],[116.542,26.563],[116.533,26.639],[116.505,26.689],[116.509,26.723],[116.532,26.762],[116.545,26.868],[116.609,26.942],[116.67,26.987],[116.702,26.979],[116.761,27.006],[116.829,27.01],[116.879,27.026],[116.923,27.021],[117.04,27.11],[117.077,27.188],[117.102,27.208],[117.154,27.276],[117.154,27.301],[117.134,27.335],[117.101,27.347],[117.102,27.391],[117.125,27.43],[117.104,27.492],[117.102,27.528],[117.112,27.568],[117.171,27.656],[117.225,27.723],[117.287,27.773],[117.292,27.798],[117.284,27.857],[117.35,27.866],[117.424,27.923],[117.485,27.948],[117.509,27.971],[117.544,27.967],[117.557,27.932],[117.605,27.866],[117.664,27.838],[117.702,27.833],[117.746,27.813],[117.785,27.848],[117.795,27.913],[117.823,27.937],[117.886,27.948],[117.946,27.973],[117.988,27.973],[118.026,27.984],[118.061,27.979],[118.114,28.018],[118.131,28.041],[118.195,28.044],[118.313,28.086],[118.368,28.1],[118.379,28.185],[118.349,28.22],[118.37,28.243],[118.446,28.289],[118.476,28.332],[118.466,28.38],[118.465,28.471],[118.44,28.493],[118.458,28.517],[118.428,28.563],[118.416,28.604],[118.426,28.695],[118.394,28.726],[118.372,28.799],[118.303,28.836],[118.293,28.872],[118.258,28.923],[118.228,28.928],[118.229,28.955],[118.129,29.024],[118.064,29.051],[118.052,29.075],[118.01,29.113],[118.001,29.144],[118.047,29.21],[118.056,29.241],[118.052,29.275],[118.074,29.287],[118.132,29.298],[118.173,29.342],[118.183,29.381],[118.175,29.408],[118.12,29.447],[118.113,29.519],[118.099,29.533],[118.049,29.545],[117.986,29.572],[117.899,29.549],[117.819,29.568],[117.708,29.556],[117.691,29.562],[117.649,29.606],[117.625,29.615],[117.562,29.611],[117.527,29.622],[117.436,29.72],[117.402,29.773],[117.406,29.831],[117.378,29.836],[117.345,29.826],[117.33,29.843],[117.274,29.829],[117.229,29.847],[117.226,29.907],[117.192,29.926],[117.125,29.911],[117.067,29.841],[117.107,29.786],[117.093,29.723],[117.079,29.71],[116.982,29.673],[116.955,29.654],[116.888,29.561],[116.87,29.547],[116.833,29.544],[116.788,29.568],[116.766,29.568],[116.749,29.545],[116.725,29.553],[116.693,29.593],[116.648,29.627],[116.675,29.708],[116.689,29.724],[116.717,29.714],[116.75,29.756],[116.798,29.756],[116.864,29.851],[116.887,29.92],[116.873,29.947],[116.791,30.022],[116.739,30.049],[116.702,30.056],[116.65,30.051],[116.575,29.991],[116.549,29.954],[116.527,29.907],[116.493,29.885],[116.39,29.876],[116.357,29.858],[116.298,29.809],[116.236,29.781],[116.147,29.789],[116.11,29.787],[115.999,29.744],[115.889,29.732],[115.856,29.739],[115.744,29.809],[115.718,29.854],[115.705,29.861],[115.621,29.862],[115.535,29.855],[115.486,29.864],[115.439,29.792],[115.433,29.746],[115.417,29.712],[115.354,29.648],[115.272,29.615],[115.226,29.64],[115.179,29.65],[115.086,29.657],[115.116,29.628],[115.14,29.588],[115.123,29.521],[115.093,29.523],[115.063,29.557],[115.023,29.553],[114.973,29.56],[114.945,29.535],[114.932,29.5],[114.895,29.52],[114.835,29.446],[114.818,29.394],[114.758,29.361],[114.737,29.362],[114.709,29.39],[114.64,29.377],[114.47,29.318],[114.42,29.334],[114.356,29.325],[114.308,29.355],[114.27,29.347],[114.243,29.309],[114.247,29.249],[114.155,29.214],[114.063,29.203],[113.997,29.164],[113.902,29.066],[113.897,28.99],[113.905,28.956],[113.965,28.94],[114.012,28.913],[114.051,28.865],[114.112,28.841],[114.134,28.818],[114.143,28.789],[114.123,28.714],[114.124,28.673],[114.113,28.616],[114.057,28.564],[114.122,28.516],[114.177,28.507],[114.172,28.44],[114.227,28.409],[114.228,28.358],[114.184,28.293],[114.15,28.272],[114.092,28.258],[114.072,28.209],[114.028,28.184],[114.017,28.161],[114.014,28.106],[113.989,28.072],[113.916,28.021],[113.837,28.008],[113.778,27.986],[113.737,27.982],[113.706,27.938],[113.712,27.864],[113.701,27.819],[113.611,27.699],[113.587,27.632],[113.562,27.591],[113.559,27.561],[113.576,27.527],[113.6,27.368],[113.618,27.35],[113.667,27.33],[113.7,27.334],[113.746,27.363],[113.783,27.371],[113.851,27.346],[113.853,27.293],[113.824,27.229],[113.78,27.183],[113.754,27.142],[113.755,27.084],[113.8,27.077],[113.816,27.039],[113.841,27.018],[113.863,26.978],[113.889,26.965],[113.892,26.945],[113.873,26.909],[113.869,26.874],[113.832,26.827],[113.852,26.703],[113.865,26.656],[113.888,26.635],[113.95,26.625],[113.989,26.61],[114.011,26.588],[114.085,26.577],[114.087,26.553],[114.068,26.454],[114.021,26.399],[113.999,26.283],[113.939,26.209],[113.925,26.17],[113.965,26.164],[114.006,26.187],[114.028,26.173],[114.063,26.178],[114.105,26.209],[114.162,26.221],[114.209,26.199],[114.214,26.17],[114.168,26.136],[114.117,26.122],[114.087,26.09],[114.041,26.069],[114.015,26.022],[114.018,25.935],[114,25.89],[113.956,25.835],[113.942,25.797],[113.907,25.75],[113.903,25.714],[113.918,25.66],[113.962,25.625],[113.982,25.582],[113.978,25.563],[113.942,25.511],[113.928,25.448]]]}},{"type":"Feature","properties":{"id":"cn-ln"},"geometry":{"type":"MultiPolygon","coordinates":[[[[125.704,40.859],[125.688,40.893],[125.6,40.898],[125.576,40.913],[125.646,40.976],[125.692,41.004],[125.722,41.074],[125.729,41.12],[125.766,41.139],[125.744,41.183],[125.752,41.216],[125.738,41.245],[125.703,41.252],[125.651,41.286],[125.635,41.341],[125.599,41.384],[125.563,41.411],[125.47,41.575],[125.456,41.618],[125.45,41.68],[125.387,41.668],[125.306,41.68],[125.328,41.747],[125.286,41.826],[125.304,41.923],[125.295,41.957],[125.364,41.995],[125.373,42.024],[125.42,42.06],[125.458,42.105],[125.481,42.151],[125.464,42.161],[125.379,42.18],[125.332,42.165],[125.284,42.234],[125.291,42.272],[125.269,42.309],[125.223,42.316],[125.179,42.333],[125.174,42.355],[125.198,42.374],[125.209,42.406],[125.102,42.494],[125.092,42.538],[125.096,42.577],[125.037,42.618],[125.019,42.647],[124.951,42.672],[124.982,42.725],[124.968,42.781],[124.942,42.804],[124.875,42.816],[124.86,42.888],[124.872,42.96],[124.868,43.002],[124.888,43.087],[124.872,43.118],[124.799,43.116],[124.766,43.106],[124.699,43.059],[124.673,42.999],[124.631,42.957],[124.52,42.872],[124.48,42.851],[124.453,42.876],[124.386,42.885],[124.383,42.913],[124.435,42.943],[124.376,42.986],[124.375,43.025],[124.419,43.082],[124.394,43.108],[124.31,43.144],[124.296,43.157],[124.282,43.226],[124.212,43.257],[124.158,43.258],[124.121,43.288],[124.079,43.304],[124.006,43.31],[123.927,43.373],[123.852,43.418],[123.807,43.454],[123.749,43.472],[123.707,43.421],[123.687,43.368],[123.696,43.353],[123.697,43.317],[123.67,43.264],[123.655,43.212],[123.66,43.178],[123.634,43.138],[123.612,43.081],[123.354,43.012],[123.3,43.016],[123.261,42.999],[123.182,42.944],[123.16,42.865],[123.131,42.826],[123.059,42.788],[122.975,42.788],[122.928,42.771],[122.893,42.745],[122.763,42.732],[122.728,42.741],[122.572,42.809],[122.527,42.834],[122.476,42.85],[122.392,42.854],[122.365,42.834],[122.367,42.799],[122.426,42.722],[122.426,42.675],[122.4,42.658],[122.299,42.636],[122.256,42.647],[122.19,42.685],[122.12,42.696],[122.045,42.721],[121.966,42.696],[121.934,42.673],[121.918,42.647],[121.913,42.603],[121.878,42.54],[121.76,42.487],[121.724,42.458],[121.646,42.454],[121.61,42.471],[121.583,42.517],[121.544,42.535],[121.496,42.522],[121.468,42.526],[121.369,42.5],[121.034,42.26],[120.998,42.25],[120.97,42.261],[120.932,42.296],[120.913,42.297],[120.735,42.228],[120.656,42.172],[120.628,42.16],[120.509,42.149],[120.489,42.136],[120.493,42.09],[120.469,42.038],[120.431,42.005],[120.34,41.966],[120.311,41.941],[120.261,41.88],[120.141,41.789],[120.122,41.727],[120.108,41.707],[120.064,41.7],[120.036,41.707],[120.026,41.734],[120.036,41.806],[120.03,41.861],[119.98,41.912],[119.976,41.956],[119.96,41.972],[119.892,41.999],[119.876,42.07],[119.808,42.12],[119.805,42.149],[119.845,42.174],[119.821,42.209],[119.762,42.221],[119.678,42.227],[119.629,42.251],[119.617,42.29],[119.587,42.32],[119.59,42.345],[119.563,42.372],[119.512,42.395],[119.49,42.352],[119.449,42.316],[119.336,42.289],[119.269,42.232],[119.245,42.192],[119.311,42.125],[119.366,42.1],[119.374,42.08],[119.363,42.015],[119.322,41.965],[119.331,41.868],[119.309,41.842],[119.299,41.777],[119.316,41.658],[119.356,41.608],[119.39,41.473],[119.382,41.41],[119.362,41.375],[119.231,41.273],[119.215,41.233],[119.164,41.176],[119.101,41.142],[119.048,41.094],[119.013,41.08],[118.965,41.075],[118.927,41.047],[118.94,41.022],[119.008,40.999],[119.01,40.976],[118.966,40.953],[118.925,40.964],[118.902,40.957],[118.893,40.922],[118.848,40.849],[118.855,40.821],[119.041,40.663],[119.068,40.651],[119.124,40.668],[119.154,40.695],[119.191,40.7],[119.19,40.62],[119.24,40.56],[119.294,40.531],[119.464,40.532],[119.528,40.545],[119.564,40.54],[119.6,40.477],[119.58,40.373],[119.598,40.327],[119.638,40.27],[119.635,40.209],[119.707,40.215],[119.743,40.205],[119.748,40.144],[119.738,40.1],[119.765,40.063],[119.816,40.037],[119.85,39.986],[119.912,39.998],[119.915,40.036],[119.95,40.057],[120.118,40.1],[120.261,40.147],[120.309,40.18],[120.358,40.192],[120.436,40.194],[120.472,40.214],[120.505,40.249],[120.502,40.327],[120.591,40.367],[120.548,40.376],[120.546,40.402],[120.597,40.422],[120.597,40.45],[120.621,40.474],[120.659,40.484],[120.679,40.522],[120.77,40.586],[120.798,40.6],[120.825,40.674],[120.94,40.691],[121.01,40.731],[120.94,40.741],[120.936,40.756],[120.969,40.784],[120.963,40.807],[120.991,40.831],[121.03,40.826],[121.05,40.797],[121.08,40.828],[121.08,40.863],[121.106,40.873],[121.176,40.922],[121.225,40.927],[121.245,40.906],[121.299,40.9],[121.361,40.94],[121.43,40.914],[121.45,40.886],[121.51,40.879],[121.575,40.841],[121.595,40.846],[121.74,40.849],[121.78,40.908],[121.778,40.935],[121.826,40.948],[121.841,40.914],[121.851,40.832],[121.897,40.808],[122.049,40.746],[122.109,40.7],[122.122,40.68],[122.159,40.702],[122.168,40.654],[122.138,40.624],[122.176,40.587],[122.225,40.579],[122.276,40.544],[122.302,40.502],[122.288,40.473],[122.251,40.454],[122.25,40.431],[122.204,40.427],[122.211,40.381],[122.18,40.352],[122.106,40.31],[122.108,40.262],[122.092,40.227],[122.039,40.196],[121.991,40.187],[122.006,40.156],[121.996,40.124],[121.933,40.101],[121.929,40.077],[121.88,40.041],[121.865,40.019],[121.874,39.991],[121.81,39.965],[121.774,39.921],[121.707,39.927],[121.636,39.897],[121.616,39.872],[121.566,39.859],[121.536,39.862],[121.51,39.824],[121.471,39.81],[121.485,39.764],[121.457,39.748],[121.507,39.694],[121.547,39.673],[121.526,39.653],[121.498,39.653],[121.45,39.615],[121.382,39.601],[121.306,39.598],[121.223,39.529],[121.306,39.502],[121.354,39.522],[121.436,39.509],[121.461,39.474],[121.492,39.389],[121.549,39.362],[121.718,39.371],[121.708,39.396],[121.745,39.398],[121.831,39.385],[121.837,39.365],[121.78,39.371],[121.731,39.33],[121.736,39.312],[121.68,39.275],[121.647,39.265],[121.612,39.275],[121.59,39.264],[121.633,39.236],[121.602,39.221],[121.63,39.173],[121.681,39.136],[121.69,39.118],[121.674,39.088],[121.632,39.069],[121.546,39.049],[121.486,39.02],[121.428,39.015],[121.403,39.038],[121.375,39.044],[121.334,39.027],[121.334,38.969],[121.292,38.967],[121.219,38.94],[121.18,38.954],[121.118,38.943],[121.09,38.899],[121.149,38.899],[121.152,38.886],[121.115,38.858],[121.111,38.84],[121.135,38.81],[121.132,38.759],[121.153,38.728],[121.198,38.728],[121.245,38.776],[121.345,38.815],[121.485,38.81],[121.553,38.858],[121.581,38.863],[121.655,38.858],[121.704,38.892],[121.659,38.926],[121.618,38.926],[121.592,38.949],[121.653,38.963],[121.649,38.994],[121.671,39.008],[121.71,39.007],[121.725,39.03],[121.772,39.022],[121.812,38.973],[121.86,38.945],[121.888,38.962],[121.879,39.027],[121.904,39.049],[121.943,39.036],[121.988,39.063],[122.042,39.06],[122.039,39.091],[122.073,39.105],[122.127,39.142],[122.105,39.159],[122.115,39.201],[122.199,39.251],[122.24,39.286],[122.29,39.351],[122.396,39.411],[122.447,39.412],[122.496,39.427],[122.54,39.454],[122.588,39.467],[122.637,39.508],[122.677,39.515],[122.769,39.558],[122.849,39.618],[122.872,39.606],[122.945,39.62],[122.964,39.612],[122.992,39.637],[122.978,39.659],[123.009,39.68],[123.058,39.675],[123.108,39.69],[123.128,39.665],[123.174,39.666],[123.266,39.701],[123.255,39.724],[123.206,39.735],[123.21,39.755],[123.249,39.748],[123.264,39.768],[123.236,39.802],[123.273,39.81],[123.314,39.776],[123.41,39.797],[123.41,39.735],[123.446,39.737],[123.482,39.78],[123.533,39.797],[123.564,39.771],[123.591,39.784],[123.623,39.872],[123.643,39.879],[123.72,39.831],[123.773,39.818],[123.808,39.838],[123.86,39.824],[123.911,39.825],[123.942,39.841],[123.986,39.81],[124.041,39.825],[124.088,39.852],[124.118,39.833],[124.155,39.861],[124.202,39.879],[124.266,39.927],[124.287,39.929],[124.308,39.961],[124.352,39.999],[124.364,40.021],[124.358,40.089],[124.528,40.214],[124.555,40.241],[124.643,40.294],[124.712,40.31],[124.741,40.37],[124.801,40.394],[124.85,40.432],[124.896,40.484],[124.918,40.461],[124.96,40.454],[125.026,40.457],[125.046,40.471],[125.015,40.508],[125.025,40.534],[125.074,40.548],[125.153,40.584],[125.256,40.615],[125.277,40.644],[125.364,40.647],[125.413,40.632],[125.419,40.667],[125.456,40.68],[125.469,40.713],[125.533,40.722],[125.553,40.737],[125.56,40.778],[125.587,40.782],[125.61,40.761],[125.669,40.762],[125.673,40.784],[125.645,40.811],[125.704,40.859]]],[[[122.321,39.166],[122.334,39.146],[122.403,39.159],[122.383,39.208],[122.331,39.18],[122.321,39.166]]],[[[122.636,39.234],[122.726,39.21],[122.719,39.242],[122.636,39.234]]],[[[122.684,39.262],[122.644,39.279],[122.585,39.284],[122.547,39.297],[122.533,39.272],[122.586,39.258],[122.643,39.255],[122.684,39.262]]],[[[121.423,39.475],[121.353,39.482],[121.311,39.448],[121.266,39.434],[121.258,39.4],[121.296,39.391],[121.341,39.44],[121.38,39.425],[121.336,39.387],[121.353,39.373],[121.403,39.371],[121.434,39.386],[121.432,39.424],[121.442,39.463],[121.423,39.475]]],[[[122.964,39.515],[122.98,39.499],[123.03,39.508],[123.04,39.53],[122.99,39.55],[122.964,39.515]]],[[[123.181,39.092],[123.145,39.043],[123.161,39.029],[123.196,39.052],[123.181,39.092]]]]}},{"type":"Feature","properties":{"id":"cn-nm"},"geometry":{"type":"Polygon","coordinates":[[[121.413,53.317],[121.358,53.324],[121.3,53.303],[121.203,53.277],[121.152,53.275],[121.055,53.29],[120.874,53.28],[120.826,53.262],[120.824,53.235],[120.714,53.185],[120.652,53.123],[120.615,53.097],[120.528,53.056],[120.45,53.008],[120.392,52.957],[120.354,52.933],[120.327,52.899],[120.28,52.866],[120.22,52.845],[120.156,52.809],[120.066,52.783],[120.033,52.761],[120.053,52.693],[120.033,52.659],[120.034,52.625],[120.056,52.601],[120.113,52.585],[120.176,52.584],[120.261,52.611],[120.368,52.617],[120.43,52.636],[120.609,52.574],[120.654,52.567],[120.724,52.542],[120.69,52.47],[120.69,52.439],[120.652,52.372],[120.626,52.347],[120.655,52.299],[120.739,52.257],[120.758,52.237],[120.754,52.194],[120.784,52.158],[120.779,52.118],[120.745,52.077],[120.706,52.061],[120.696,52.034],[120.706,51.98],[120.648,51.911],[120.566,51.905],[120.541,51.883],[120.493,51.876],[120.465,51.84],[120.408,51.826],[120.319,51.776],[120.154,51.664],[120.108,51.665],[120.057,51.596],[120.053,51.552],[119.977,51.487],[119.983,51.442],[119.943,51.391],[119.895,51.384],[119.916,51.331],[119.883,51.318],[119.861,51.289],[119.82,51.275],[119.806,51.244],[119.815,51.216],[119.772,51.218],[119.758,51.199],[119.785,51.172],[119.765,51.142],[119.748,51.083],[119.71,51.062],[119.71,51.039],[119.683,51.016],[119.604,50.978],[119.518,50.905],[119.528,50.867],[119.497,50.836],[119.515,50.792],[119.497,50.737],[119.443,50.685],[119.383,50.667],[119.374,50.643],[119.326,50.61],[119.294,50.599],[119.265,50.52],[119.264,50.49],[119.244,50.446],[119.198,50.413],[119.155,50.411],[119.141,50.377],[119.175,50.356],[119.251,50.343],[119.314,50.352],[119.353,50.346],[119.366,50.311],[119.339,50.294],[119.332,50.217],[119.348,50.185],[119.338,50.124],[119.316,50.093],[119.209,50.015],[119.092,49.987],[118.99,49.979],[118.924,49.992],[118.891,49.979],[118.792,49.966],[118.713,49.949],[118.671,49.962],[118.644,49.955],[118.521,49.894],[118.491,49.87],[118.477,49.836],[118.394,49.82],[118.373,49.786],[118.305,49.767],[118.242,49.729],[118.169,49.671],[118.106,49.652],[118.017,49.596],[117.931,49.567],[117.894,49.547],[117.874,49.513],[117.795,49.519],[117.759,49.513],[117.473,49.614],[117.253,49.622],[117.058,49.673],[116.722,49.802],[116.684,49.823],[116.473,49.516],[116.248,49.181],[116.038,48.87],[116.048,48.8],[116.028,48.767],[115.8,48.53],[115.787,48.473],[115.809,48.274],[115.8,48.242],[115.771,48.224],[115.536,48.149],[115.515,48.122],[115.562,47.933],[115.6,47.887],[115.853,47.706],[115.915,47.684],[115.973,47.709],[116.084,47.807],[116.182,47.85],[116.244,47.863],[116.429,47.835],[116.5,47.836],[116.752,47.874],[116.853,47.872],[117.07,47.81],[117.317,47.654],[117.361,47.651],[117.436,47.73],[117.527,47.786],[117.742,47.978],[117.815,48.005],[117.973,47.998],[118.064,48.02],[118.182,48.028],[118.28,47.998],[118.473,47.989],[118.542,47.966],[118.605,47.915],[118.713,47.794],[118.767,47.756],[119.083,47.662],[119.104,47.628],[119.117,47.556],[119.158,47.518],[119.31,47.476],[119.318,47.462],[119.282,47.415],[119.321,47.407],[119.476,47.309],[119.525,47.251],[119.587,47.238],[119.629,47.216],[119.7,47.16],[119.754,47.094],[119.77,46.993],[119.832,46.942],[119.852,46.911],[119.893,46.906],[119.881,46.873],[119.903,46.842],[119.883,46.753],[119.904,46.709],[119.873,46.673],[119.834,46.651],[119.782,46.656],[119.754,46.624],[119.68,46.592],[119.623,46.616],[119.501,46.628],[119.453,46.627],[119.363,46.613],[119.317,46.612],[119.062,46.661],[119.014,46.683],[118.967,46.74],[118.922,46.715],[118.891,46.714],[118.867,46.758],[118.816,46.758],[118.754,46.691],[118.72,46.677],[118.609,46.706],[118.552,46.686],[118.435,46.691],[118.336,46.722],[118.269,46.723],[118.238,46.715],[118.156,46.675],[118.084,46.668],[118.006,46.627],[117.924,46.615],[117.878,46.596],[117.833,46.543],[117.798,46.52],[117.696,46.512],[117.625,46.536],[117.582,46.592],[117.556,46.602],[117.51,46.578],[117.473,46.585],[117.394,46.571],[117.41,46.54],[117.405,46.511],[117.369,46.476],[117.358,46.448],[117.353,46.379],[117.337,46.357],[117.302,46.35],[116.958,46.366],[116.832,46.386],[116.805,46.383],[116.722,46.329],[116.604,46.309],[116.568,46.291],[116.525,46.227],[116.357,46.106],[116.213,45.908],[116.207,45.881],[116.252,45.803],[116.23,45.77],[116.17,45.709],[116.095,45.677],[116.012,45.679],[115.767,45.53],[115.692,45.469],[115.638,45.444],[115.473,45.413],[115.337,45.395],[115.126,45.394],[114.939,45.374],[114.905,45.378],[114.737,45.425],[114.669,45.423],[114.534,45.386],[114.519,45.371],[114.512,45.326],[114.473,45.259],[114.419,45.201],[114.212,45.062],[114.164,45.04],[114.089,44.962],[114.055,44.941],[113.973,44.919],[113.889,44.908],[113.838,44.868],[113.736,44.816],[113.635,44.746],[113.605,44.74],[113.532,44.745],[113.473,44.771],[113.105,44.794],[113.017,44.821],[112.973,44.821],[112.748,44.865],[112.614,44.909],[112.565,44.944],[112.524,44.993],[112.441,45.052],[112.38,45.071],[112.108,45.067],[112.011,45.087],[111.958,45.085],[111.927,45.061],[111.843,45.04],[111.786,45.009],[111.739,44.966],[111.551,44.693],[111.541,44.668],[111.544,44.601],[111.53,44.571],[111.484,44.506],[111.447,44.476],[111.406,44.416],[111.396,44.347],[111.411,44.326],[111.473,44.299],[111.498,44.264],[111.519,44.189],[111.544,44.157],[111.634,44.066],[111.668,44.041],[111.781,43.986],[111.839,43.939],[111.931,43.82],[111.944,43.786],[111.945,43.724],[111.933,43.697],[111.846,43.667],[111.754,43.663],[111.597,43.523],[111.535,43.491],[111.429,43.484],[111.401,43.476],[111.339,43.438],[111.096,43.367],[110.973,43.316],[110.934,43.288],[110.797,43.149],[110.68,43.058],[110.641,42.988],[110.608,42.945],[110.567,42.911],[110.449,42.837],[110.425,42.785],[110.407,42.769],[110.14,42.683],[110.075,42.644],[109.913,42.629],[109.667,42.549],[109.485,42.449],[109.329,42.44],[109.253,42.426],[108.994,42.45],[108.961,42.448],[108.863,42.409],[108.797,42.398],[108.536,42.435],[108.32,42.433],[108.235,42.45],[108.177,42.454],[107.622,42.388],[107.195,42.337],[106.768,42.287],[106.318,42.14],[105.869,41.993],[105.403,41.812],[105.358,41.786],[105.274,41.755],[105.201,41.743],[105.015,41.596],[104.974,41.586],[104.914,41.638],[104.892,41.645],[104.601,41.645],[104.505,41.657],[104.498,41.666],[104.501,41.871],[104.111,41.813],[103.721,41.756],[103.691,41.759],[103.073,42.005],[102.727,42.065],[102.381,42.125],[102.034,42.185],[101.974,42.208],[101.886,42.278],[101.735,42.461],[101.638,42.515],[101.525,42.537],[101.411,42.545],[101.219,42.53],[100.818,42.579],[100.418,42.628],[100.017,42.677],[99.972,42.676],[99.474,42.564],[99.068,42.604],[98.662,42.644],[98.256,42.683],[97.85,42.723],[97.191,42.787],[97.847,41.619],[97.68,41.502],[97.648,41.456],[97.659,41.413],[97.708,41.349],[97.837,41.217],[97.951,41.12],[98.018,41.09],[98.204,40.951],[98.294,40.917],[98.321,40.892],[98.327,40.856],[98.235,40.542],[98.246,40.525],[98.515,40.534],[98.572,40.541],[98.646,40.568],[98.77,40.67],[98.826,40.727],[99.157,40.836],[99.496,40.843],[99.539,40.851],[99.665,40.901],[99.767,40.91],[100.011,40.896],[100.075,40.859],[100.176,40.735],[100.2,40.677],[100.204,40.617],[100.19,40.58],[100.14,40.518],[100.014,40.402],[99.987,40.358],[99.957,40.273],[99.899,40.205],[99.627,40.069],[99.533,40.001],[99.459,39.924],[99.431,39.879],[99.686,39.876],[99.762,39.86],[99.843,39.803],[99.925,39.766],[100.043,39.728],[100.189,39.695],[100.257,39.657],[100.287,39.627],[100.302,39.593],[100.307,39.55],[100.353,39.517],[100.455,39.496],[100.485,39.473],[100.49,39.437],[100.507,39.419],[100.543,39.409],[100.79,39.408],[100.833,39.38],[100.849,39.292],[100.843,39.229],[100.852,39.167],[100.889,39.105],[100.941,39.064],[101.049,39.001],[101.098,38.991],[101.15,39.016],[101.18,39.021],[101.217,39],[101.204,38.957],[101.206,38.931],[101.248,38.87],[101.28,38.842],[101.328,38.826],[101.336,38.807],[101.312,38.786],[101.32,38.758],[101.414,38.749],[101.58,38.688],[101.65,38.701],[101.758,38.688],[101.831,38.69],[101.919,38.774],[101.992,38.829],[102.02,38.857],[102.023,38.893],[101.951,38.957],[101.859,39.031],[101.825,39.064],[101.855,39.091],[102.015,39.12],[102.393,39.237],[102.433,39.241],[102.472,39.232],[102.546,39.194],[102.593,39.178],[102.705,39.162],[102.831,39.13],[102.965,39.119],[103.006,39.13],[103.07,39.186],[103.136,39.225],[103.234,39.264],[103.284,39.293],[103.464,39.357],[103.749,39.425],[104.024,39.441],[104.061,39.427],[104.065,39.405],[104.046,39.348],[104.06,39.308],[104.208,39.119],[104.225,39.091],[104.217,39.035],[104.172,38.96],[104.147,38.938],[104.102,38.922],[104.06,38.895],[104.043,38.874],[103.98,38.759],[103.914,38.68],[103.873,38.643],[103.794,38.591],[103.471,38.436],[103.446,38.42],[103.443,38.393],[103.488,38.33],[103.529,38.161],[103.522,38.14],[103.414,38.117],[103.388,38.102],[103.383,38.054],[103.387,37.999],[103.421,37.86],[103.438,37.842],[103.655,37.786],[103.679,37.775],[103.864,37.626],[104.109,37.462],[104.179,37.436],[104.262,37.39],[104.326,37.408],[104.359,37.401],[104.425,37.499],[104.445,37.512],[104.522,37.53],[104.574,37.531],[104.647,37.507],[104.802,37.534],[104.944,37.546],[105.009,37.577],[105.057,37.642],[105.085,37.661],[105.247,37.725],[105.354,37.753],[105.41,37.75],[105.464,37.732],[105.534,37.725],[105.659,37.74],[105.691,37.764],[105.788,37.805],[105.802,37.825],[105.8,37.89],[105.825,38.005],[105.777,38.075],[105.756,38.136],[105.766,38.184],[105.781,38.206],[105.828,38.227],[105.846,38.258],[105.845,38.304],[105.823,38.346],[105.823,38.396],[105.841,38.571],[105.897,38.736],[105.912,38.763],[106.003,38.881],[106.014,38.92],[106.06,38.979],[106.082,39.061],[106.113,39.121],[106.153,39.131],[106.206,39.122],[106.241,39.127],[106.283,39.157],[106.288,39.18],[106.272,39.229],[106.276,39.269],[106.302,39.289],[106.347,39.294],[106.419,39.283],[106.497,39.286],[106.567,39.316],[106.614,39.358],[106.749,39.365],[106.789,39.361],[106.809,39.309],[106.799,39.242],[106.808,39.199],[106.848,39.164],[106.882,39.105],[106.912,39.069],[106.978,39.036],[106.978,39.003],[106.932,38.921],[106.773,38.716],[106.704,38.637],[106.645,38.459],[106.571,38.378],[106.47,38.291],[106.577,38.241],[106.69,38.21],[106.829,38.15],[106.994,38.119],[107.061,38.115],[107.143,38.141],[107.163,38.139],[107.306,38.078],[107.324,38.066],[107.393,37.985],[107.405,37.922],[107.427,37.907],[107.492,37.905],[107.556,37.877],[107.658,37.853],[107.703,37.832],[107.885,37.802],[107.929,37.785],[107.991,37.726],[108.006,37.695],[108,37.645],[108.039,37.633],[108.233,37.64],[108.333,37.634],[108.496,37.669],[108.65,37.663],[108.739,37.671],[108.764,37.682],[108.771,37.743],[108.784,37.78],[108.78,37.905],[108.791,37.942],[108.836,37.988],[108.863,37.988],[108.91,37.927],[108.954,37.926],[109.001,37.988],[109.035,38.075],[109.028,38.111],[108.97,38.167],[108.953,38.199],[108.975,38.267],[108.986,38.335],[109.023,38.375],[109.045,38.422],[109.08,38.457],[109.144,38.504],[109.16,38.542],[109.203,38.569],[109.296,38.608],[109.313,38.62],[109.316,38.668],[109.365,38.689],[109.392,38.739],[109.424,38.769],[109.499,38.794],[109.538,38.785],[109.575,38.852],[109.635,38.906],[109.674,39.011],[109.701,39.024],[109.774,39.035],[109.821,39.054],[109.845,39.097],[109.963,39.181],[110.037,39.212],[110.177,39.285],[110.147,39.359],[110.112,39.403],[110.109,39.428],[110.145,39.445],[110.201,39.436],[110.225,39.424],[110.274,39.357],[110.338,39.318],[110.397,39.328],[110.414,39.35],[110.494,39.374],[110.526,39.365],[110.557,39.334],[110.603,39.267],[110.638,39.245],[110.685,39.264],[110.728,39.338],[110.846,39.465],[110.9,39.507],[110.98,39.534],[111.013,39.565],[111.082,39.563],[111.121,39.581],[111.137,39.565],[111.123,39.528],[111.041,39.423],[111.055,39.405],[111.11,39.385],[111.135,39.411],[111.199,39.427],[111.284,39.425],[111.343,39.444],[111.373,39.489],[111.421,39.522],[111.425,39.625],[111.453,39.645],[111.49,39.652],[111.675,39.636],[111.701,39.614],[111.761,39.598],[111.847,39.629],[111.921,39.689],[111.943,39.734],[111.949,39.774],[111.999,39.833],[112.024,39.889],[112.099,40.005],[112.165,40.059],[112.22,40.139],[112.232,40.166],[112.279,40.229],[112.353,40.262],[112.399,40.288],[112.477,40.276],[112.533,40.248],[112.596,40.238],[112.675,40.197],[112.701,40.175],[112.734,40.173],[112.808,40.198],[112.844,40.226],[112.925,40.328],[112.961,40.356],[113.086,40.404],[113.183,40.425],[113.23,40.417],[113.255,40.395],[113.297,40.332],[113.334,40.319],[113.437,40.325],[113.518,40.344],[113.677,40.429],[113.765,40.427],[113.808,40.434],[113.896,40.469],[114.044,40.488],[114.076,40.503],[114.076,40.55],[114.033,40.601],[114.027,40.635],[114.063,40.693],[114.154,40.743],[114.116,40.787],[114.06,40.814],[114.047,40.865],[114.019,40.924],[113.969,40.952],[113.908,41.028],[113.829,41.081],[113.881,41.099],[113.898,41.156],[113.964,41.153],[113.99,41.182],[113.985,41.241],[113.924,41.266],[113.909,41.294],[113.911,41.334],[113.928,41.418],[113.961,41.446],[113.992,41.5],[114.027,41.531],[114.136,41.556],[114.197,41.594],[114.214,41.767],[114.232,41.827],[114.256,41.86],[114.324,41.914],[114.42,41.956],[114.443,41.982],[114.481,42.075],[114.523,42.116],[114.596,42.141],[114.752,42.14],[114.805,42.178],[114.845,42.148],[114.856,42.126],[114.846,42.082],[114.885,42.018],[114.896,41.977],[114.92,41.937],[114.931,41.839],[114.876,41.812],[114.871,41.783],[114.889,41.737],[114.881,41.696],[114.889,41.61],[115.097,41.616],[115.137,41.611],[115.226,41.586],[115.25,41.591],[115.268,41.62],[115.325,41.616],[115.347,41.624],[115.316,41.674],[115.313,41.699],[115.34,41.721],[115.528,41.772],[115.578,41.791],[115.682,41.848],[115.794,41.89],[115.859,41.927],[115.901,41.937],[115.937,41.927],[115.971,41.882],[116.013,41.837],[116.038,41.801],[116.07,41.801],[116.13,41.873],[116.207,41.884],[116.276,41.95],[116.378,42.01],[116.415,42.004],[116.443,41.96],[116.466,41.948],[116.52,41.967],[116.552,41.96],[116.568,41.936],[116.6,41.924],[116.672,41.939],[116.746,41.975],[116.797,41.987],[116.817,42.006],[116.858,42.02],[116.888,42.057],[116.885,42.076],[116.855,42.11],[116.864,42.145],[116.886,42.167],[116.879,42.22],[116.841,42.273],[116.827,42.308],[116.837,42.34],[116.887,42.395],[117.056,42.463],[117.103,42.476],[117.155,42.471],[117.244,42.482],[117.349,42.457],[117.412,42.458],[117.428,42.477],[117.45,42.549],[117.501,42.584],[117.521,42.613],[117.554,42.596],[117.594,42.552],[117.628,42.565],[117.743,42.591],[117.787,42.61],[117.809,42.6],[117.8,42.569],[117.857,42.526],[117.874,42.5],[117.945,42.436],[118.024,42.383],[118.021,42.324],[118.04,42.289],[118.026,42.262],[117.991,42.245],[117.989,42.222],[118.022,42.202],[118.086,42.182],[118.102,42.163],[118.099,42.11],[118.127,42.064],[118.134,42.022],[118.201,42.035],[118.212,42.07],[118.232,42.084],[118.268,42.074],[118.295,41.96],[118.274,41.911],[118.322,41.864],[118.303,41.786],[118.278,41.753],[118.249,41.761],[118.2,41.798],[118.168,41.79],[118.152,41.75],[118.159,41.719],[118.204,41.66],[118.218,41.615],[118.244,41.592],[118.301,41.585],[118.314,41.57],[118.295,41.461],[118.333,41.447],[118.344,41.417],[118.35,41.336],[118.37,41.314],[118.437,41.348],[118.478,41.355],[118.625,41.355],[118.689,41.344],[118.728,41.347],[118.797,41.38],[118.867,41.337],[119.153,41.312],[119.214,41.324],[119.238,41.32],[119.231,41.273],[119.362,41.375],[119.382,41.41],[119.39,41.473],[119.356,41.608],[119.316,41.658],[119.299,41.777],[119.309,41.842],[119.331,41.868],[119.322,41.965],[119.363,42.015],[119.374,42.08],[119.366,42.1],[119.311,42.125],[119.245,42.192],[119.269,42.232],[119.336,42.289],[119.449,42.316],[119.49,42.352],[119.512,42.395],[119.563,42.372],[119.59,42.345],[119.587,42.32],[119.617,42.29],[119.629,42.251],[119.678,42.227],[119.762,42.221],[119.821,42.209],[119.845,42.174],[119.805,42.149],[119.808,42.12],[119.876,42.07],[119.892,41.999],[119.96,41.972],[119.976,41.956],[119.98,41.912],[120.03,41.861],[120.036,41.806],[120.026,41.734],[120.036,41.707],[120.064,41.7],[120.108,41.707],[120.122,41.727],[120.141,41.789],[120.261,41.88],[120.311,41.941],[120.34,41.966],[120.431,42.005],[120.469,42.038],[120.493,42.09],[120.489,42.136],[120.509,42.149],[120.628,42.16],[120.656,42.172],[120.735,42.228],[120.913,42.297],[120.932,42.296],[120.97,42.261],[120.998,42.25],[121.034,42.26],[121.369,42.5],[121.468,42.526],[121.496,42.522],[121.544,42.535],[121.583,42.517],[121.61,42.471],[121.646,42.454],[121.724,42.458],[121.76,42.487],[121.878,42.54],[121.913,42.603],[121.918,42.647],[121.934,42.673],[121.966,42.696],[122.045,42.721],[122.12,42.696],[122.19,42.685],[122.256,42.647],[122.299,42.636],[122.4,42.658],[122.426,42.675],[122.426,42.722],[122.367,42.799],[122.365,42.834],[122.392,42.854],[122.476,42.85],[122.527,42.834],[122.572,42.809],[122.728,42.741],[122.763,42.732],[122.893,42.745],[122.928,42.771],[122.975,42.788],[123.059,42.788],[123.131,42.826],[123.16,42.865],[123.182,42.944],[123.261,42.999],[123.3,43.016],[123.354,43.012],[123.612,43.081],[123.634,43.138],[123.66,43.178],[123.655,43.212],[123.67,43.264],[123.697,43.317],[123.696,43.353],[123.606,43.365],[123.571,43.396],[123.5,43.406],[123.455,43.437],[123.378,43.453],[123.348,43.485],[123.361,43.54],[123.416,43.569],[123.419,43.618],[123.49,43.591],[123.528,43.637],[123.522,43.697],[123.471,43.762],[123.418,43.89],[123.343,43.993],[123.322,44.042],[123.331,44.07],[123.359,44.092],[123.359,44.151],[123.323,44.179],[123.258,44.204],[123.196,44.301],[123.168,44.367],[123.117,44.406],[123.124,44.494],[123.099,44.531],[123.045,44.513],[122.955,44.447],[122.821,44.394],[122.75,44.349],[122.715,44.336],[122.638,44.324],[122.595,44.291],[122.377,44.22],[122.322,44.211],[122.278,44.219],[122.254,44.246],[122.279,44.364],[122.282,44.429],[122.238,44.475],[122.088,44.62],[122.046,44.695],[122.043,44.795],[122.023,44.847],[122.038,44.934],[122.014,45.029],[122.006,45.09],[122.011,45.118],[122.051,45.152],[122.122,45.169],[122.192,45.201],[122.228,45.238],[122.234,45.287],[122.21,45.321],[122.206,45.363],[122.136,45.449],[122.107,45.469],[122.027,45.485],[121.975,45.536],[121.964,45.568],[121.98,45.605],[121.982,45.642],[121.934,45.69],[121.865,45.699],[121.785,45.676],[121.729,45.682],[121.666,45.716],[121.657,45.749],[121.714,45.775],[121.742,45.799],[121.796,45.873],[121.815,45.914],[121.808,45.952],[121.779,45.982],[121.774,46.01],[121.87,46.011],[121.939,45.989],[121.996,45.98],[122.041,45.954],[122.059,45.927],[122.146,45.871],[122.193,45.855],[122.24,45.813],[122.294,45.834],[122.369,45.9],[122.399,45.949],[122.426,45.942],[122.471,45.892],[122.498,45.825],[122.647,45.725],[122.708,45.715],[122.752,45.754],[122.773,45.788],[122.768,45.837],[122.775,45.876],[122.801,45.913],[122.791,45.97],[122.799,46.089],[122.821,46.094],[123.069,46.109],[123.1,46.128],[123.109,46.155],[123.162,46.22],[123.034,46.347],[122.989,46.407],[122.986,46.442],[123.009,46.52],[123.004,46.567],[123.02,46.612],[123.094,46.622],[123.219,46.594],[123.292,46.586],[123.371,46.59],[123.397,46.598],[123.536,46.692],[123.609,46.775],[123.599,46.807],[123.613,46.841],[123.592,46.876],[123.571,46.873],[123.548,46.823],[123.489,46.817],[123.464,46.837],[123.468,46.875],[123.442,46.892],[123.38,46.898],[123.33,46.833],[123.267,46.817],[123.187,46.762],[123.124,46.775],[123.073,46.796],[122.996,46.84],[122.797,47.034],[122.764,47.052],[122.65,47.086],[122.574,47.131],[122.536,47.17],[122.501,47.237],[122.405,47.332],[122.415,47.347],[122.495,47.41],[122.513,47.455],[122.565,47.531],[122.723,47.598],[122.797,47.644],[123.095,47.755],[123.207,47.814],[123.244,47.867],[123.265,47.918],[123.293,47.946],[123.344,47.966],[123.487,48.008],[123.578,48.054],[123.727,48.191],[124.078,48.448],[124.234,48.531],[124.253,48.533],[124.301,48.492],[124.318,48.426],[124.313,48.372],[124.327,48.332],[124.393,48.264],[124.416,48.222],[124.426,48.174],[124.465,48.155],[124.482,48.112],[124.52,48.129],[124.528,48.191],[124.562,48.236],[124.559,48.315],[124.547,48.352],[124.521,48.369],[124.53,48.432],[124.544,48.467],[124.534,48.502],[124.549,48.52],[124.538,48.572],[124.59,48.616],[124.616,48.668],[124.622,48.742],[124.675,48.832],[124.698,48.849],[124.786,49.015],[124.822,49.061],[124.822,49.116],[124.846,49.137],[124.864,49.175],[124.903,49.177],[124.955,49.166],[125.031,49.164],[125.063,49.137],[125.113,49.135],[125.158,49.151],[125.174,49.181],[125.223,49.22],[125.233,49.274],[125.222,49.285],[125.254,49.343],[125.24,49.39],[125.267,49.438],[125.219,49.52],[125.236,49.554],[125.195,49.6],[125.131,49.637],[125.151,49.664],[125.197,49.647],[125.22,49.668],[125.223,49.787],[125.183,49.811],[125.191,49.834],[125.235,49.848],[125.245,49.877],[125.226,49.918],[125.188,49.942],[125.226,49.959],[125.248,49.989],[125.295,50.014],[125.252,50.043],[125.281,50.069],[125.264,50.106],[125.302,50.137],[125.343,50.129],[125.343,50.165],[125.385,50.19],[125.418,50.195],[125.454,50.232],[125.439,50.254],[125.464,50.293],[125.506,50.314],[125.531,50.393],[125.573,50.405],[125.587,50.441],[125.647,50.453],[125.722,50.511],[125.793,50.534],[125.809,50.562],[125.802,50.638],[125.783,50.676],[125.809,50.696],[125.754,50.754],[125.768,50.768],[125.824,50.767],[125.847,50.795],[125.912,50.836],[125.946,50.888],[125.99,50.875],[126.001,50.902],[126.045,50.943],[126.056,50.98],[126.027,51.051],[125.989,51.07],[125.984,51.104],[125.925,51.11],[125.928,51.127],[125.871,51.145],[125.843,51.206],[125.8,51.21],[125.719,51.254],[125.648,51.343],[125.577,51.389],[125.554,51.434],[125.487,51.507],[125.387,51.561],[125.333,51.583],[125.128,51.616],[125.068,51.594],[125.061,51.534],[125.022,51.505],[124.955,51.489],[124.94,51.445],[124.877,51.42],[124.821,51.366],[124.763,51.366],[124.666,51.335],[124.502,51.361],[124.465,51.356],[124.438,51.31],[124.399,51.288],[124.351,51.279],[124.284,51.283],[124.235,51.308],[124.162,51.328],[124.004,51.302],[123.866,51.313],[123.808,51.291],[123.789,51.233],[123.76,51.218],[123.662,51.2],[123.57,51.204],[123.503,51.26],[123.438,51.273],[123.369,51.266],[123.272,51.267],[123.22,51.285],[123.179,51.316],[123.115,51.306],[123.088,51.312],[123.024,51.356],[122.956,51.386],[122.884,51.448],[122.839,51.511],[122.836,51.568],[122.714,51.702],[122.707,51.734],[122.761,51.802],[122.754,51.847],[122.638,52.095],[122.645,52.136],[122.725,52.157],[122.775,52.2],[122.774,52.224],[122.731,52.249],[122.57,52.266],[122.492,52.295],[122.454,52.349],[122.399,52.381],[122.339,52.454],[122.208,52.49],[122.174,52.48],[122.097,52.362],[122.018,52.283],[121.911,52.258],[121.831,52.269],[121.773,52.311],[121.741,52.355],[121.692,52.389],[121.582,52.414],[121.491,52.445],[121.397,52.502],[121.326,52.532],[121.197,52.565],[121.174,52.595],[121.503,52.775],[121.692,52.908],[121.727,52.955],[121.78,52.989],[121.8,53.024],[121.765,53.095],[121.693,53.127],[121.666,53.157],[121.651,53.204],[121.607,53.241],[121.512,53.266],[121.452,53.288],[121.413,53.317]]]}},{"type":"Feature","properties":{"id":"cn-nx"},"geometry":{"type":"Polygon","coordinates":[[[107.658,37.853],[107.556,37.877],[107.492,37.905],[107.427,37.907],[107.405,37.922],[107.393,37.985],[107.324,38.066],[107.306,38.078],[107.163,38.139],[107.143,38.141],[107.061,38.115],[106.994,38.119],[106.829,38.15],[106.69,38.21],[106.577,38.241],[106.47,38.291],[106.571,38.378],[106.645,38.459],[106.704,38.637],[106.773,38.716],[106.932,38.921],[106.978,39.003],[106.978,39.036],[106.912,39.069],[106.882,39.105],[106.848,39.164],[106.808,39.199],[106.799,39.242],[106.809,39.309],[106.789,39.361],[106.749,39.365],[106.614,39.358],[106.567,39.316],[106.497,39.286],[106.419,39.283],[106.347,39.294],[106.302,39.289],[106.276,39.269],[106.272,39.229],[106.288,39.18],[106.283,39.157],[106.241,39.127],[106.206,39.122],[106.153,39.131],[106.113,39.121],[106.082,39.061],[106.06,38.979],[106.014,38.92],[106.003,38.881],[105.912,38.763],[105.897,38.736],[105.841,38.571],[105.823,38.396],[105.823,38.346],[105.845,38.304],[105.846,38.258],[105.828,38.227],[105.781,38.206],[105.766,38.184],[105.756,38.136],[105.777,38.075],[105.825,38.005],[105.8,37.89],[105.802,37.825],[105.788,37.805],[105.691,37.764],[105.659,37.74],[105.534,37.725],[105.464,37.732],[105.41,37.75],[105.354,37.753],[105.247,37.725],[105.085,37.661],[105.057,37.642],[105.009,37.577],[104.944,37.546],[104.802,37.534],[104.647,37.507],[104.574,37.531],[104.522,37.53],[104.445,37.512],[104.425,37.499],[104.359,37.401],[104.409,37.401],[104.465,37.44],[104.49,37.442],[104.532,37.425],[104.69,37.412],[104.688,37.362],[104.722,37.339],[104.707,37.313],[104.668,37.281],[104.631,37.275],[104.621,37.249],[104.658,37.223],[104.709,37.215],[104.765,37.25],[104.801,37.243],[104.855,37.218],[104.869,37.186],[104.922,37.097],[104.965,37.064],[105.016,37.04],[105.09,37.026],[105.152,36.996],[105.18,36.972],[105.203,36.925],[105.305,36.82],[105.322,36.781],[105.237,36.74],[105.22,36.693],[105.269,36.55],[105.309,36.491],[105.348,36.418],[105.393,36.384],[105.428,36.324],[105.446,36.255],[105.447,36.207],[105.433,36.165],[105.437,36.107],[105.418,36.088],[105.351,36.058],[105.316,35.994],[105.318,35.933],[105.363,35.853],[105.388,35.83],[105.402,35.795],[105.432,35.756],[105.457,35.752],[105.563,35.7],[105.602,35.697],[105.667,35.717],[105.708,35.718],[105.72,35.689],[105.687,35.681],[105.687,35.66],[105.725,35.604],[105.829,35.494],[105.87,35.493],[105.904,35.518],[105.936,35.525],[106.065,35.488],[106.06,35.464],[105.912,35.451],[105.89,35.44],[105.908,35.404],[105.984,35.427],[106.05,35.422],[106.112,35.425],[106.177,35.413],[106.211,35.395],[106.313,35.274],[106.339,35.257],[106.378,35.261],[106.465,35.332],[106.483,35.374],[106.497,35.475],[106.443,35.499],[106.413,35.546],[106.43,35.557],[106.495,35.553],[106.501,35.577],[106.464,35.598],[106.449,35.62],[106.429,35.699],[106.47,35.727],[106.522,35.734],[106.595,35.727],[106.69,35.707],[106.728,35.677],[106.751,35.681],[106.767,35.707],[106.815,35.727],[106.855,35.735],[106.913,35.789],[106.843,35.882],[106.878,35.901],[106.915,35.907],[106.938,35.93],[106.914,35.953],[106.938,35.976],[106.929,36.001],[106.945,36.077],[106.876,36.16],[106.814,36.212],[106.745,36.207],[106.677,36.236],[106.604,36.278],[106.537,36.259],[106.497,36.268],[106.473,36.318],[106.5,36.341],[106.504,36.362],[106.495,36.437],[106.478,36.465],[106.443,36.488],[106.44,36.515],[106.485,36.534],[106.494,36.56],[106.487,36.648],[106.502,36.707],[106.554,36.732],[106.602,36.726],[106.622,36.742],[106.65,36.8],[106.649,36.834],[106.615,36.89],[106.575,36.931],[106.603,36.95],[106.634,36.998],[106.637,37.026],[106.62,37.057],[106.638,37.124],[106.644,37.182],[106.69,37.207],[106.747,37.206],[106.791,37.19],[106.847,37.143],[106.933,37.107],[107.026,37.109],[107.062,37.121],[107.126,37.125],[107.188,37.117],[107.244,37.098],[107.285,37.068],[107.325,37.144],[107.325,37.164],[107.286,37.262],[107.238,37.301],[107.27,37.428],[107.322,37.528],[107.317,37.59],[107.436,37.663],[107.474,37.698],[107.481,37.742],[107.509,37.764],[107.607,37.766],[107.644,37.78],[107.662,37.811],[107.658,37.853]]]}},{"type":"Feature","properties":{"id":"cn-qh"},"geometry":{"type":"Polygon","coordinates":[[[92.936,39.153],[92.904,39.151],[92.811,39.126],[92.505,39.074],[92.394,39.068],[92.333,39.05],[92.249,38.989],[92.123,38.941],[91.975,38.907],[91.881,38.875],[91.629,38.826],[91.492,38.817],[91.442,38.804],[91.343,38.76],[91.294,38.745],[91.199,38.74],[91.12,38.716],[91.012,38.699],[90.895,38.701],[90.735,38.673],[90.654,38.674],[90.636,38.624],[90.579,38.6],[90.478,38.533],[90.381,38.486],[90.312,38.466],[90.256,38.474],[90.206,38.469],[90.172,38.456],[90.151,38.433],[90.165,38.379],[90.193,38.326],[90.439,37.996],[90.451,37.937],[90.443,37.9],[90.41,37.847],[90.413,37.8],[90.436,37.779],[90.569,37.732],[90.676,37.67],[90.834,37.608],[90.899,37.553],[90.957,37.519],[91.074,37.488],[91.106,37.458],[91.126,37.419],[91.152,37.323],[91.163,37.3],[91.235,37.195],[91.316,37.119],[91.326,37.053],[91.288,37.014],[91.191,37.001],[91.055,36.945],[90.964,36.93],[90.891,36.939],[90.838,36.928],[90.808,36.911],[90.766,36.864],[90.712,36.822],[90.69,36.776],[90.688,36.698],[90.71,36.636],[90.76,36.591],[90.805,36.559],[90.858,36.539],[90.937,36.53],[91.007,36.503],[91.025,36.46],[91.061,36.314],[91.118,36.198],[91.136,36.141],[91.132,36.091],[91.111,36.074],[91.006,36.053],[90.915,36.013],[90.875,36.004],[90.829,36.01],[90.643,36.106],[90.623,36.111],[90.292,36.116],[90.166,36.129],[90.132,36.151],[90.098,36.205],[90.03,36.259],[90.014,36.253],[89.972,36.105],[89.919,36.07],[89.867,36.066],[89.678,36.082],[89.593,36.073],[89.515,36.053],[89.467,36.027],[89.435,35.988],[89.459,35.917],[89.485,35.88],[89.512,35.864],[89.581,35.84],[89.676,35.831],[89.745,35.838],[89.789,35.827],[89.789,35.776],[89.772,35.735],[89.715,35.642],[89.722,35.58],[89.717,35.551],[89.69,35.509],[89.737,35.479],[89.73,35.444],[89.619,35.387],[89.512,35.36],[89.484,35.342],[89.485,35.281],[89.459,35.238],[89.455,35.213],[89.493,35.162],[89.54,35.116],[89.572,35.073],[89.573,35.044],[89.561,34.979],[89.584,34.941],[89.645,34.934],[89.725,34.938],[89.788,34.926],[89.808,34.906],[89.825,34.846],[89.812,34.812],[89.788,34.787],[89.724,34.74],[89.716,34.725],[89.732,34.689],[89.762,34.663],[89.791,34.554],[89.797,34.506],[89.796,34.408],[89.84,34.383],[89.839,34.347],[89.819,34.317],[89.787,34.199],[89.739,34.154],[89.67,34.14],[89.637,34.093],[89.64,34.058],[89.681,33.983],[89.742,33.91],[89.801,33.88],[89.877,33.823],[89.892,33.802],[89.9,33.748],[89.943,33.729],[89.961,33.689],[89.975,33.631],[90.037,33.605],[90.097,33.597],[90.141,33.578],[90.203,33.5],[90.192,33.454],[90.206,33.402],[90.243,33.348],[90.289,33.305],[90.323,33.289],[90.436,33.282],[90.469,33.252],[90.583,33.189],[90.66,33.156],[90.742,33.141],[90.804,33.141],[90.857,33.166],[90.895,33.202],[90.95,33.239],[91.037,33.235],[91.128,33.254],[91.142,33.267],[91.149,33.306],[91.189,33.337],[91.362,33.337],[91.4,33.317],[91.373,33.297],[91.376,33.271],[91.475,33.141],[91.543,33.08],[91.631,33.037],[91.72,32.983],[91.794,32.976],[91.813,32.968],[91.855,32.923],[91.924,32.872],[91.977,32.849],[92.031,32.854],[92.086,32.886],[92.119,32.887],[92.196,32.869],[92.204,32.858],[92.188,32.815],[92.203,32.762],[92.221,32.745],[92.266,32.747],[92.29,32.761],[92.335,32.752],[92.36,32.768],[92.419,32.756],[92.466,32.769],[92.527,32.753],[92.65,32.74],[92.727,32.761],[92.85,32.729],[92.907,32.727],[92.986,32.744],[93.006,32.735],[93.031,32.664],[93.054,32.652],[93.082,32.665],[93.16,32.669],[93.219,32.66],[93.305,32.61],[93.345,32.578],[93.382,32.566],[93.443,32.563],[93.475,32.519],[93.51,32.516],[93.597,32.565],[93.645,32.574],[93.734,32.572],[93.802,32.555],[93.835,32.511],[93.877,32.495],[93.931,32.51],[94.005,32.481],[94.111,32.478],[94.147,32.495],[94.178,32.522],[94.208,32.529],[94.317,32.541],[94.345,32.565],[94.357,32.614],[94.38,32.614],[94.411,32.591],[94.451,32.611],[94.504,32.625],[94.582,32.672],[94.628,32.666],[94.658,32.632],[94.722,32.593],[94.755,32.535],[94.852,32.5],[94.915,32.463],[94.939,32.428],[94.951,32.337],[95.062,32.261],[95.117,32.247],[95.259,32.244],[95.278,32.235],[95.318,32.184],[95.382,32.17],[95.405,32.151],[95.425,32.095],[95.407,32.044],[95.413,32.008],[95.373,31.999],[95.354,31.954],[95.39,31.888],[95.394,31.84],[95.407,31.811],[95.497,31.742],[95.593,31.762],[95.645,31.76],[95.725,31.746],[95.774,31.698],[95.799,31.697],[95.849,31.714],[95.899,31.706],[95.952,31.705],[96.027,31.715],[96.094,31.701],[96.117,31.674],[96.125,31.622],[96.167,31.548],[96.193,31.535],[96.229,31.558],[96.236,31.578],[96.215,31.607],[96.232,31.682],[96.213,31.735],[96.148,31.78],[96.145,31.819],[96.183,31.871],[96.222,31.893],[96.278,31.909],[96.332,31.891],[96.383,31.818],[96.435,31.776],[96.483,31.753],[96.56,31.737],[96.664,31.721],[96.737,31.68],[96.764,31.681],[96.795,31.715],[96.791,31.756],[96.76,31.799],[96.753,31.839],[96.785,31.88],[96.786,31.91],[96.744,31.942],[96.754,31.974],[96.804,31.973],[96.872,31.994],[96.915,31.99],[96.982,32.017],[97.018,32.023],[97.124,32.009],[97.175,32.034],[97.184,32.065],[97.225,32.063],[97.255,32.076],[97.275,32.121],[97.247,32.136],[97.254,32.204],[97.277,32.252],[97.292,32.265],[97.36,32.26],[97.388,32.29],[97.375,32.317],[97.394,32.354],[97.393,32.385],[97.336,32.405],[97.326,32.424],[97.354,32.467],[97.361,32.5],[97.401,32.503],[97.501,32.485],[97.562,32.484],[97.631,32.444],[97.653,32.455],[97.661,32.48],[97.696,32.501],[97.716,32.544],[97.664,32.56],[97.621,32.588],[97.603,32.622],[97.574,32.621],[97.466,32.677],[97.431,32.7],[97.425,32.725],[97.384,32.779],[97.377,32.862],[97.361,32.897],[97.375,32.931],[97.4,32.958],[97.469,32.983],[97.5,33.008],[97.504,33.046],[97.476,33.12],[97.48,33.153],[97.501,33.194],[97.575,33.264],[97.616,33.328],[97.684,33.348],[97.731,33.382],[97.724,33.406],[97.659,33.42],[97.622,33.446],[97.539,33.454],[97.509,33.471],[97.493,33.499],[97.477,33.562],[97.429,33.581],[97.391,33.611],[97.395,33.737],[97.365,33.826],[97.384,33.87],[97.45,33.882],[97.61,33.931],[97.624,33.94],[97.632,33.988],[97.658,34.005],[97.696,34.005],[97.738,33.946],[97.745,33.865],[97.76,33.858],[97.819,33.864],[97.876,33.882],[97.95,33.919],[97.996,33.953],[98.035,33.96],[98.212,33.939],[98.251,33.917],[98.268,33.889],[98.27,33.859],[98.302,33.846],[98.385,33.864],[98.411,33.862],[98.458,33.84],[98.58,33.743],[98.646,33.676],[98.654,33.649],[98.634,33.635],[98.633,33.608],[98.663,33.59],[98.689,33.531],[98.736,33.49],[98.75,33.462],[98.758,33.404],[98.778,33.35],[98.773,33.303],[98.78,33.28],[98.813,33.243],[98.852,33.175],[98.907,33.139],[99.043,33.088],[99.101,33.072],[99.225,32.999],[99.268,32.909],[99.289,32.887],[99.363,32.877],[99.397,32.853],[99.427,32.844],[99.509,32.835],[99.583,32.796],[99.637,32.777],[99.699,32.745],[99.729,32.758],[99.763,32.847],[99.769,32.922],[99.841,32.957],[99.86,33.028],[99.876,33.025],[99.919,32.968],[99.951,32.944],[100.012,32.946],[100.047,32.935],[100.084,32.885],[100.137,32.848],[100.159,32.782],[100.149,32.722],[100.119,32.671],[100.142,32.648],[100.181,32.637],[100.223,32.637],[100.255,32.726],[100.282,32.736],[100.361,32.74],[100.399,32.758],[100.442,32.727],[100.498,32.669],[100.509,32.628],[100.533,32.609],[100.561,32.563],[100.54,32.534],[100.473,32.485],[100.469,32.455],[100.488,32.433],[100.531,32.403],[100.544,32.418],[100.603,32.451],[100.635,32.526],[100.643,32.594],[100.681,32.653],[100.672,32.677],[100.697,32.686],[100.745,32.671],[100.835,32.663],[100.902,32.63],[100.93,32.628],[100.984,32.639],[101.049,32.676],[101.077,32.682],[101.112,32.668],[101.141,32.67],[101.171,32.688],[101.218,32.758],[101.237,32.808],[101.232,32.858],[101.205,32.888],[101.152,32.912],[101.131,32.938],[101.125,33.002],[101.134,33.046],[101.164,33.128],[101.184,33.153],[101.22,33.171],[101.338,33.202],[101.387,33.183],[101.402,33.225],[101.445,33.236],[101.481,33.225],[101.525,33.196],[101.61,33.118],[101.644,33.128],[101.727,33.268],[101.71,33.295],[101.665,33.32],[101.669,33.383],[101.691,33.42],[101.748,33.451],[101.766,33.471],[101.778,33.53],[101.74,33.524],[101.707,33.504],[101.64,33.505],[101.613,33.512],[101.596,33.58],[101.577,33.631],[101.547,33.676],[101.516,33.703],[101.496,33.705],[101.444,33.678],[101.4,33.645],[101.349,33.637],[101.292,33.647],[101.228,33.674],[101.183,33.655],[101.16,33.664],[101.166,33.756],[101.155,33.805],[101.129,33.851],[101.009,33.881],[100.948,33.93],[100.893,34.03],[100.851,34.087],[100.792,34.155],[100.781,34.206],[100.815,34.295],[100.874,34.34],[100.9,34.369],[100.935,34.386],[100.961,34.379],[101.036,34.339],[101.084,34.325],[101.157,34.319],[101.209,34.302],[101.256,34.3],[101.324,34.26],[101.365,34.253],[101.489,34.219],[101.53,34.219],[101.612,34.191],[101.647,34.136],[101.729,34.109],[101.738,34.089],[101.78,34.068],[101.834,34.107],[101.863,34.141],[101.887,34.146],[101.931,34.132],[101.962,34.14],[101.973,34.17],[102.012,34.178],[102.02,34.219],[102.063,34.238],[102.077,34.267],[102.107,34.282],[102.162,34.294],[102.169,34.322],[102.212,34.352],[102.207,34.393],[102.179,34.432],[102.15,34.495],[102.104,34.524],[102.053,34.539],[102.013,34.536],[101.959,34.558],[101.932,34.591],[101.914,34.661],[101.883,34.658],[101.854,34.633],[101.818,34.624],[101.793,34.632],[101.753,34.68],[101.755,34.704],[101.805,34.728],[101.852,34.763],[101.895,34.75],[101.923,34.787],[101.913,34.845],[101.932,34.879],[101.999,34.925],[102.009,34.942],[102.06,34.949],[102.114,34.977],[102.143,35.005],[102.195,35.038],[102.267,35.056],[102.296,35.106],[102.337,35.153],[102.374,35.174],[102.376,35.204],[102.334,35.241],[102.318,35.275],[102.265,35.281],[102.266,35.306],[102.299,35.351],[102.289,35.407],[102.338,35.43],[102.426,35.435],[102.453,35.459],[102.481,35.501],[102.535,35.536],[102.577,35.536],[102.644,35.518],[102.702,35.524],[102.72,35.566],[102.721,35.619],[102.712,35.662],[102.69,35.711],[102.68,35.757],[102.7,35.839],[102.735,35.83],[102.788,35.86],[102.838,35.861],[102.873,35.846],[102.9,35.85],[102.976,35.833],[102.981,35.874],[102.97,35.943],[103,35.991],[102.984,36.015],[102.931,36.054],[102.933,36.086],[103.019,36.2],[103.04,36.216],[102.981,36.261],[102.942,36.269],[102.894,36.309],[102.819,36.326],[102.808,36.353],[102.77,36.498],[102.736,36.529],[102.698,36.609],[102.611,36.657],[102.592,36.687],[102.615,36.729],[102.667,36.741],[102.682,36.765],[102.675,36.802],[102.63,36.836],[102.589,36.857],[102.556,36.9],[102.477,36.94],[102.46,36.956],[102.48,37.003],[102.496,37.089],[102.55,37.119],[102.551,37.164],[102.518,37.2],[102.461,37.242],[102.427,37.278],[102.351,37.303],[102.246,37.381],[102.188,37.408],[102.142,37.407],[102.053,37.452],[102.033,37.479],[102.037,37.501],[102.067,37.548],[102.054,37.579],[101.996,37.615],[101.972,37.72],[101.937,37.731],[101.819,37.604],[101.813,37.544],[101.802,37.526],[101.766,37.525],[101.732,37.552],[101.693,37.598],[101.647,37.612],[101.293,37.799],[101.05,37.964],[100.999,37.986],[100.932,38.001],[100.636,38.105],[100.602,38.127],[100.58,38.209],[100.554,38.252],[100.497,38.289],[100.412,38.292],[100.358,38.307],[100.309,38.338],[100.28,38.372],[100.236,38.395],[100.203,38.441],[100.141,38.486],[100.099,38.477],[100.083,38.395],[100.116,38.334],[100.156,38.303],[100.17,38.221],[100.146,38.214],[100.116,38.251],[100.079,38.278],[100.001,38.314],[99.915,38.338],[99.833,38.352],[99.8,38.366],[99.557,38.515],[99.52,38.555],[99.496,38.601],[99.446,38.625],[99.36,38.706],[99.099,38.89],[99.088,38.924],[99.095,38.958],[99.064,38.976],[98.988,38.974],[98.962,38.982],[98.929,39.02],[98.902,39.036],[98.849,39.044],[98.782,39.068],[98.735,39.062],[98.714,39.019],[98.652,38.97],[98.602,38.948],[98.527,38.957],[98.445,38.957],[98.417,38.973],[98.383,39.009],[98.324,39.023],[98.284,38.983],[98.263,38.932],[98.194,38.875],[98.103,38.815],[98.069,38.802],[98.021,38.836],[97.698,38.981],[97.675,39.005],[97.363,39.15],[97.137,39.203],[97.026,39.196],[96.998,39.179],[96.963,39.103],[96.984,39.041],[96.991,38.997],[96.983,38.912],[96.971,38.864],[96.981,38.744],[96.969,38.68],[96.948,38.669],[96.942,38.639],[96.963,38.603],[96.971,38.567],[96.959,38.387],[96.945,38.358],[96.912,38.351],[96.845,38.356],[96.749,38.379],[96.676,38.415],[96.568,38.444],[96.51,38.47],[96.503,38.5],[96.513,38.529],[96.503,38.549],[96.394,38.582],[96.315,38.627],[96.283,38.635],[96.233,38.633],[96.182,38.643],[96.126,38.67],[96.086,38.667],[96.055,38.679],[96.031,38.731],[96.008,38.752],[95.892,38.784],[95.788,38.862],[95.722,38.875],[95.687,38.896],[95.602,38.971],[95.566,39.015],[95.496,39.03],[95.461,39.047],[95.355,39.135],[95.305,39.183],[95.219,39.16],[95.136,39.164],[95.057,39.147],[94.982,39.157],[94.912,39.198],[94.85,39.205],[94.725,39.237],[94.668,39.279],[94.631,39.295],[94.553,39.301],[94.479,39.318],[94.117,39.322],[94.059,39.309],[93.97,39.304],[93.909,39.286],[93.845,39.295],[93.722,39.307],[93.645,39.28],[93.539,39.281],[93.502,39.272],[93.405,39.217],[93.276,39.189],[93.198,39.188],[93.14,39.199],[93.074,39.178],[93.036,39.152],[93.002,39.146],[92.936,39.153]]]}},{"type":"Feature","properties":{"id":"cn-sc"},"geometry":{"type":"Polygon","coordinates":[[[108.518,32.198],[108.479,32.25],[108.441,32.262],[108.368,32.265],[108.291,32.251],[108.237,32.263],[108.188,32.235],[108.152,32.241],[108.052,32.227],[108.016,32.203],[108.003,32.15],[107.96,32.158],[107.905,32.197],[107.844,32.228],[107.806,32.28],[107.773,32.311],[107.725,32.336],[107.659,32.389],[107.622,32.399],[107.547,32.392],[107.46,32.409],[107.462,32.44],[107.448,32.476],[107.448,32.522],[107.417,32.535],[107.371,32.52],[107.284,32.453],[107.233,32.444],[107.202,32.453],[107.07,32.523],[107.093,32.596],[107.096,32.669],[107.065,32.708],[107.011,32.72],[106.935,32.713],[106.813,32.721],[106.757,32.74],[106.713,32.738],[106.661,32.699],[106.604,32.676],[106.519,32.67],[106.447,32.647],[106.364,32.639],[106.282,32.595],[106.229,32.592],[106.191,32.605],[106.115,32.649],[106.082,32.677],[106.057,32.714],[106.061,32.771],[106.103,32.848],[106.082,32.874],[106.039,32.872],[105.96,32.854],[105.875,32.845],[105.836,32.809],[105.813,32.762],[105.782,32.755],[105.724,32.76],[105.633,32.707],[105.587,32.708],[105.568,32.73],[105.551,32.806],[105.521,32.855],[105.499,32.907],[105.464,32.922],[105.431,32.911],[105.385,32.874],[105.375,32.848],[105.386,32.823],[105.435,32.774],[105.437,32.746],[105.387,32.723],[105.311,32.667],[105.27,32.642],[105.213,32.663],[105.183,32.655],[105.147,32.608],[105.113,32.594],[105.088,32.6],[105.059,32.633],[105.032,32.639],[104.938,32.614],[104.898,32.612],[104.841,32.64],[104.761,32.644],[104.645,32.658],[104.558,32.688],[104.484,32.739],[104.406,32.809],[104.342,32.82],[104.289,32.848],[104.276,32.882],[104.291,32.923],[104.321,32.953],[104.378,32.959],[104.394,32.975],[104.414,33.023],[104.406,33.063],[104.328,33.14],[104.297,33.193],[104.281,33.272],[104.308,33.303],[104.368,33.304],[104.383,33.326],[104.357,33.343],[104.293,33.364],[104.258,33.404],[104.227,33.423],[104.175,33.49],[104.165,33.532],[104.174,33.562],[104.156,33.624],[104.132,33.652],[104.093,33.669],[103.915,33.683],[103.804,33.671],[103.745,33.676],[103.694,33.691],[103.659,33.711],[103.623,33.714],[103.553,33.701],[103.523,33.714],[103.526,33.739],[103.559,33.807],[103.518,33.811],[103.436,33.77],[103.351,33.756],[103.272,33.765],[103.204,33.797],[103.184,33.822],[103.193,33.884],[103.152,33.922],[103.142,33.962],[103.153,34.049],[103.152,34.109],[103.132,34.159],[103.12,34.169],[103.042,34.19],[103.001,34.214],[102.931,34.296],[102.89,34.298],[102.854,34.284],[102.782,34.274],[102.75,34.259],[102.708,34.214],[102.598,34.165],[102.575,34.14],[102.636,34.11],[102.618,34.084],[102.477,34.074],[102.441,34.06],[102.406,33.999],[102.372,33.976],[102.327,33.975],[102.319,33.987],[102.269,33.981],[102.203,33.961],[102.171,33.942],[102.195,33.919],[102.258,33.838],[102.247,33.798],[102.3,33.781],[102.343,33.725],[102.325,33.653],[102.356,33.609],[102.403,33.594],[102.482,33.54],[102.454,33.536],[102.455,33.513],[102.482,33.465],[102.44,33.449],[102.386,33.41],[102.305,33.392],[102.279,33.378],[102.256,33.343],[102.229,33.324],[102.17,33.314],[102.131,33.285],[102.099,33.222],[102.077,33.215],[102.004,33.219],[101.969,33.202],[101.901,33.147],[101.864,33.123],[101.856,33.184],[101.826,33.235],[101.832,33.269],[101.889,33.329],[101.923,33.406],[101.922,33.444],[101.886,33.497],[101.884,33.546],[101.818,33.599],[101.788,33.593],[101.79,33.561],[101.778,33.53],[101.766,33.471],[101.748,33.451],[101.691,33.42],[101.669,33.383],[101.665,33.32],[101.71,33.295],[101.727,33.268],[101.644,33.128],[101.61,33.118],[101.525,33.196],[101.481,33.225],[101.445,33.236],[101.402,33.225],[101.387,33.183],[101.338,33.202],[101.22,33.171],[101.184,33.153],[101.164,33.128],[101.134,33.046],[101.125,33.002],[101.131,32.938],[101.152,32.912],[101.205,32.888],[101.232,32.858],[101.237,32.808],[101.218,32.758],[101.171,32.688],[101.141,32.67],[101.112,32.668],[101.077,32.682],[101.049,32.676],[100.984,32.639],[100.93,32.628],[100.902,32.63],[100.835,32.663],[100.745,32.671],[100.697,32.686],[100.672,32.677],[100.681,32.653],[100.643,32.594],[100.635,32.526],[100.603,32.451],[100.544,32.418],[100.531,32.403],[100.488,32.433],[100.469,32.455],[100.473,32.485],[100.54,32.534],[100.561,32.563],[100.533,32.609],[100.509,32.628],[100.498,32.669],[100.442,32.727],[100.399,32.758],[100.361,32.74],[100.282,32.736],[100.255,32.726],[100.223,32.637],[100.181,32.637],[100.142,32.648],[100.119,32.671],[100.149,32.722],[100.159,32.782],[100.137,32.848],[100.084,32.885],[100.047,32.935],[100.012,32.946],[99.951,32.944],[99.919,32.968],[99.876,33.025],[99.86,33.028],[99.841,32.957],[99.769,32.922],[99.763,32.847],[99.729,32.758],[99.699,32.745],[99.637,32.777],[99.583,32.796],[99.509,32.835],[99.427,32.844],[99.397,32.853],[99.363,32.877],[99.289,32.887],[99.268,32.909],[99.225,32.999],[99.101,33.072],[99.043,33.088],[98.907,33.139],[98.852,33.175],[98.813,33.243],[98.78,33.28],[98.773,33.303],[98.778,33.35],[98.758,33.404],[98.75,33.462],[98.736,33.49],[98.689,33.531],[98.663,33.59],[98.633,33.608],[98.634,33.635],[98.654,33.649],[98.646,33.676],[98.58,33.743],[98.458,33.84],[98.411,33.862],[98.385,33.864],[98.302,33.846],[98.27,33.859],[98.268,33.889],[98.251,33.917],[98.212,33.939],[98.035,33.96],[97.996,33.953],[97.95,33.919],[97.876,33.882],[97.819,33.864],[97.76,33.858],[97.745,33.865],[97.738,33.946],[97.696,34.005],[97.658,34.005],[97.632,33.988],[97.624,33.94],[97.61,33.931],[97.45,33.882],[97.384,33.87],[97.365,33.826],[97.395,33.737],[97.391,33.611],[97.429,33.581],[97.477,33.562],[97.493,33.499],[97.509,33.471],[97.539,33.454],[97.622,33.446],[97.659,33.42],[97.724,33.406],[97.731,33.382],[97.684,33.348],[97.616,33.328],[97.575,33.264],[97.501,33.194],[97.48,33.153],[97.476,33.12],[97.504,33.046],[97.5,33.008],[97.469,32.983],[97.4,32.958],[97.375,32.931],[97.361,32.897],[97.377,32.862],[97.384,32.779],[97.425,32.725],[97.431,32.7],[97.466,32.677],[97.574,32.621],[97.603,32.622],[97.621,32.588],[97.664,32.56],[97.716,32.544],[97.818,32.513],[97.856,32.519],[97.887,32.498],[98.014,32.465],[98.081,32.405],[98.123,32.4],[98.144,32.382],[98.206,32.356],[98.213,32.338],[98.214,32.273],[98.22,32.252],[98.272,32.191],[98.31,32.129],[98.375,32.08],[98.394,32.04],[98.453,31.984],[98.457,31.961],[98.445,31.908],[98.421,31.878],[98.445,31.804],[98.469,31.767],[98.502,31.75],[98.542,31.69],[98.559,31.677],[98.569,31.632],[98.592,31.599],[98.841,31.397],[98.885,31.354],[98.831,31.298],[98.803,31.258],[98.768,31.23],[98.732,31.278],[98.683,31.316],[98.638,31.309],[98.611,31.256],[98.62,31.188],[98.604,31.17],[98.652,31.155],[98.693,31.125],[98.721,31.066],[98.765,31.015],[98.803,30.991],[98.798,30.941],[98.775,30.902],[98.788,30.881],[98.833,30.844],[98.899,30.779],[98.954,30.748],[98.953,30.708],[98.918,30.695],[98.905,30.664],[98.932,30.58],[98.933,30.491],[98.961,30.46],[98.987,30.144],[99.034,30.055],[99.037,29.976],[99.056,29.915],[99.018,29.853],[99.005,29.82],[99.001,29.757],[98.987,29.651],[99.042,29.562],[99.042,29.528],[99.059,29.418],[99.049,29.388],[99.063,29.348],[99.063,29.308],[99.09,29.267],[99.109,29.224],[99.104,29.092],[99.121,28.965],[99.118,28.922],[99.099,28.856],[99.101,28.814],[99.125,28.75],[99.118,28.709],[99.135,28.655],[99.154,28.641],[99.169,28.602],[99.166,28.555],[99.179,28.524],[99.178,28.482],[99.163,28.438],[99.227,28.339],[99.274,28.307],[99.275,28.277],[99.315,28.233],[99.34,28.224],[99.382,28.185],[99.402,28.189],[99.416,28.255],[99.389,28.334],[99.385,28.384],[99.396,28.467],[99.371,28.501],[99.393,28.543],[99.468,28.572],[99.503,28.579],[99.522,28.61],[99.534,28.681],[99.579,28.727],[99.599,28.757],[99.608,28.794],[99.629,28.815],[99.705,28.845],[99.724,28.819],[99.723,28.774],[99.732,28.745],[99.762,28.712],[99.828,28.673],[99.846,28.604],[99.869,28.588],[99.934,28.569],[99.96,28.539],[99.98,28.488],[100.001,28.456],[100.068,28.384],[100.143,28.342],[100.149,28.278],[100.168,28.26],[100.162,28.236],[100.118,28.208],[100.047,28.187],[100.028,28.169],[100.029,28.145],[100.052,28.105],[100.059,28.066],[100.095,28.019],[100.16,27.964],[100.202,27.899],[100.278,27.871],[100.296,27.853],[100.303,27.78],[100.297,27.761],[100.321,27.733],[100.349,27.747],[100.41,27.829],[100.432,27.846],[100.464,27.847],[100.533,27.816],[100.572,27.836],[100.601,27.881],[100.625,27.897],[100.661,27.875],[100.872,27.562],[100.867,27.495],[100.88,27.475],[100.914,27.46],[100.941,27.435],[100.978,27.374],[100.992,27.331],[100.997,27.243],[101.004,27.198],[101.037,27.178],[101.081,27.201],[101.147,27.203],[101.173,27.191],[101.171,27.152],[101.154,27.116],[101.141,27.045],[101.161,27.017],[101.342,26.871],[101.363,26.837],[101.371,26.775],[101.387,26.745],[101.409,26.729],[101.437,26.741],[101.45,26.774],[101.481,26.787],[101.503,26.766],[101.495,26.706],[101.445,26.615],[101.42,26.594],[101.412,26.57],[101.451,26.531],[101.508,26.518],[101.544,26.495],[101.59,26.442],[101.616,26.388],[101.638,26.373],[101.644,26.349],[101.58,26.307],[101.573,26.244],[101.595,26.209],[101.626,26.209],[101.654,26.233],[101.677,26.228],[101.723,26.195],[101.764,26.176],[101.777,26.148],[101.776,26.107],[101.797,26.072],[101.835,26.055],[101.85,26.035],[101.883,26.055],[101.922,26.099],[102.096,26.083],[102.113,26.084],[102.146,26.132],[102.222,26.187],[102.252,26.229],[102.315,26.243],[102.358,26.263],[102.401,26.312],[102.465,26.323],[102.503,26.338],[102.568,26.379],[102.603,26.366],[102.626,26.345],[102.61,26.26],[102.668,26.226],[102.699,26.224],[102.72,26.238],[102.767,26.293],[102.791,26.31],[102.846,26.327],[102.878,26.365],[102.909,26.349],[102.951,26.345],[102.988,26.365],[103.003,26.4],[102.99,26.441],[103.003,26.461],[102.996,26.485],[103.034,26.502],[103.058,26.536],[103.058,26.557],[103.031,26.602],[103.031,26.644],[103.012,26.704],[103.004,26.751],[102.993,26.766],[102.975,26.831],[102.901,26.925],[102.893,26.961],[102.9,27.003],[102.878,27.032],[102.885,27.066],[102.914,27.112],[102.916,27.134],[102.904,27.222],[102.89,27.257],[102.889,27.291],[102.955,27.421],[102.977,27.389],[103.013,27.386],[103.038,27.403],[103.121,27.412],[103.147,27.434],[103.16,27.497],[103.218,27.567],[103.285,27.581],[103.305,27.605],[103.286,27.634],[103.327,27.674],[103.415,27.743],[103.452,27.76],[103.459,27.793],[103.509,27.865],[103.511,27.93],[103.537,27.961],[103.514,27.971],[103.489,28.038],[103.441,28.042],[103.435,28.068],[103.457,28.105],[103.459,28.135],[103.538,28.185],[103.572,28.243],[103.613,28.25],[103.644,28.27],[103.666,28.263],[103.709,28.216],[103.749,28.243],[103.789,28.256],[103.88,28.326],[103.86,28.401],[103.822,28.485],[103.795,28.531],[103.837,28.605],[103.832,28.621],[103.851,28.668],[103.878,28.631],[103.909,28.634],[103.953,28.615],[103.993,28.616],[104.057,28.63],[104.092,28.613],[104.14,28.633],[104.233,28.64],[104.251,28.662],[104.293,28.632],[104.333,28.634],[104.353,28.646],[104.414,28.64],[104.443,28.625],[104.44,28.605],[104.401,28.59],[104.372,28.565],[104.335,28.57],[104.262,28.545],[104.25,28.531],[104.262,28.445],[104.258,28.414],[104.268,28.334],[104.294,28.31],[104.377,28.282],[104.417,28.239],[104.423,28.22],[104.405,28.198],[104.437,28.129],[104.445,28.1],[104.428,28.075],[104.334,28.047],[104.328,28.023],[104.375,27.962],[104.482,27.891],[104.605,27.846],[104.655,27.856],[104.702,27.883],[104.786,27.874],[104.897,27.901],[104.941,27.932],[104.958,27.957],[104.952,28],[104.966,28.048],[105.017,28.085],[105.056,28.088],[105.172,28.062],[105.203,28.002],[105.255,28.007],[105.282,28.001],[105.269,27.918],[105.231,27.872],[105.228,27.856],[105.277,27.787],[105.27,27.759],[105.297,27.722],[105.33,27.729],[105.361,27.76],[105.48,27.784],[105.524,27.775],[105.553,27.745],[105.592,27.73],[105.622,27.691],[105.647,27.678],[105.712,27.691],[105.74,27.716],[105.772,27.721],[105.843,27.719],[105.876,27.745],[105.915,27.755],[105.939,27.749],[106.039,27.757],[106.07,27.778],[106.104,27.788],[106.207,27.767],[106.248,27.775],[106.33,27.821],[106.345,27.835],[106.339,27.866],[106.315,27.916],[106.299,28],[106.269,28.027],[106.215,28.056],[106.199,28.124],[106.164,28.154],[106.109,28.175],[106.009,28.14],[105.956,28.155],[105.906,28.151],[105.876,28.174],[105.881,28.236],[105.847,28.269],[105.798,28.282],[105.748,28.306],[105.71,28.302],[105.667,28.318],[105.65,28.34],[105.661,28.369],[105.656,28.441],[105.621,28.482],[105.63,28.506],[105.664,28.534],[105.683,28.583],[105.73,28.604],[105.773,28.589],[105.829,28.603],[105.892,28.609],[105.931,28.706],[105.965,28.751],[105.984,28.754],[106.078,28.669],[106.154,28.624],[106.189,28.585],[106.269,28.557],[106.298,28.527],[106.3,28.483],[106.339,28.48],[106.372,28.523],[106.382,28.572],[106.34,28.616],[106.298,28.672],[106.271,28.734],[106.257,28.794],[106.26,28.869],[106.227,28.897],[106.179,28.916],[106.125,28.916],[106.081,28.932],[106.008,28.973],[105.985,28.972],[105.878,28.92],[105.837,28.918],[105.795,28.937],[105.745,28.995],[105.737,29.031],[105.74,29.071],[105.724,29.118],[105.734,29.154],[105.711,29.187],[105.701,29.224],[105.708,29.291],[105.678,29.3],[105.645,29.27],[105.589,29.289],[105.506,29.291],[105.422,29.334],[105.411,29.356],[105.405,29.43],[105.374,29.45],[105.315,29.47],[105.293,29.51],[105.285,29.553],[105.291,29.585],[105.324,29.628],[105.363,29.657],[105.391,29.692],[105.412,29.703],[105.446,29.696],[105.495,29.732],[105.535,29.73],[105.551,29.748],[105.558,29.804],[105.577,29.823],[105.652,29.857],[105.71,29.868],[105.717,29.902],[105.713,29.957],[105.75,30.011],[105.739,30.033],[105.679,30.069],[105.623,30.11],[105.578,30.129],[105.557,30.148],[105.57,30.189],[105.648,30.214],[105.628,30.257],[105.654,30.281],[105.709,30.274],[105.734,30.296],[105.728,30.33],[105.792,30.423],[105.815,30.438],[105.853,30.43],[105.905,30.397],[105.999,30.385],[106.125,30.342],[106.164,30.316],[106.191,30.264],[106.239,30.22],[106.267,30.228],[106.305,30.263],[106.385,30.264],[106.408,30.272],[106.422,30.307],[106.449,30.324],[106.502,30.313],[106.532,30.338],[106.591,30.298],[106.618,30.269],[106.64,30.197],[106.67,30.143],[106.686,30.134],[106.695,30.093],[106.717,30.059],[106.77,30.037],[106.85,30.054],[106.885,30.052],[106.959,30.064],[107.033,30.058],[107.084,30.11],[107.129,30.141],[107.195,30.218],[107.229,30.238],[107.267,30.326],[107.372,30.5],[107.417,30.527],[107.478,30.61],[107.488,30.658],[107.456,30.71],[107.457,30.761],[107.508,30.822],[107.559,30.843],[107.621,30.837],[107.68,30.853],[107.722,30.889],[107.736,30.883],[107.769,30.827],[107.812,30.798],[107.85,30.81],[107.93,30.873],[107.949,30.9],[107.952,30.926],[107.932,30.949],[107.954,30.983],[108.007,31.039],[108.038,31.15],[108.044,31.186],[108.033,31.222],[108.059,31.243],[108.142,31.284],[108.176,31.306],[108.194,31.331],[108.191,31.366],[108.21,31.414],[108.223,31.468],[108.242,31.486],[108.323,31.499],[108.352,31.517],[108.407,31.566],[108.45,31.653],[108.516,31.708],[108.523,31.738],[108.501,31.791],[108.423,31.853],[108.287,31.922],[108.26,31.948],[108.268,31.973],[108.32,32.035],[108.345,32.074],[108.401,32.08],[108.419,32.1],[108.371,32.149],[108.361,32.167],[108.389,32.184],[108.518,32.198]]]}},{"type":"Feature","properties":{"id":"cn-sd"},"geometry":{"type":"Polygon","coordinates":[[[117.837,38.271],[117.791,38.252],[117.769,38.219],[117.78,38.164],[117.754,38.128],[117.687,38.073],[117.569,38.049],[117.533,38.015],[117.489,37.931],[117.464,37.907],[117.421,37.847],[117.377,37.841],[117.319,37.851],[117.235,37.841],[117.076,37.842],[116.997,37.832],[116.959,37.838],[116.84,37.834],[116.802,37.84],[116.765,37.822],[116.744,37.799],[116.728,37.754],[116.657,37.711],[116.609,37.639],[116.581,37.611],[116.485,37.533],[116.454,37.515],[116.429,37.484],[116.411,37.485],[116.38,37.533],[116.376,37.583],[116.35,37.621],[116.319,37.597],[116.307,37.571],[116.276,37.545],[116.264,37.511],[116.22,37.462],[116.223,37.438],[116.249,37.417],[116.256,37.387],[116.207,37.355],[116.115,37.368],[116.036,37.354],[115.975,37.322],[115.973,37.272],[115.957,37.242],[115.907,37.206],[115.87,37.129],[115.87,37.097],[115.852,37.057],[115.824,37.037],[115.776,36.985],[115.773,36.946],[115.747,36.915],[115.701,36.879],[115.664,36.815],[115.626,36.794],[115.544,36.768],[115.478,36.754],[115.461,36.723],[115.4,36.672],[115.342,36.6],[115.318,36.528],[115.276,36.474],[115.343,36.352],[115.36,36.301],[115.395,36.301],[115.449,36.249],[115.46,36.158],[115.463,36.111],[115.449,36.042],[115.424,35.995],[115.4,35.972],[115.352,35.952],[115.334,35.931],[115.318,35.792],[115.331,35.774],[115.377,35.793],[115.416,35.824],[115.442,35.889],[115.468,35.913],[115.53,35.911],[115.669,35.944],[115.739,35.969],[115.829,36.031],[115.858,36.034],[115.927,36.022],[115.962,36.035],[116.077,36.103],[116.087,36.059],[116.064,36.041],[116.034,35.966],[115.966,35.986],[115.92,35.968],[115.863,35.925],[115.858,35.904],[115.884,35.888],[115.874,35.866],[115.761,35.849],[115.73,35.831],[115.681,35.768],[115.618,35.731],[115.537,35.719],[115.504,35.723],[115.492,35.678],[115.421,35.644],[115.395,35.616],[115.383,35.558],[115.342,35.555],[115.331,35.534],[115.345,35.496],[115.307,35.476],[115.266,35.436],[115.227,35.416],[115.151,35.416],[115.132,35.398],[115.068,35.38],[115.026,35.332],[115.009,35.294],[114.942,35.219],[114.864,35.189],[114.852,35.16],[114.865,35.121],[114.847,35.082],[114.847,35.038],[114.834,35.016],[114.905,34.996],[114.977,35.01],[114.998,35.008],[115.175,34.944],[115.222,34.896],[115.216,34.836],[115.27,34.849],[115.318,34.843],[115.351,34.819],[115.429,34.78],[115.429,34.722],[115.436,34.676],[115.484,34.612],[115.542,34.578],[115.646,34.569],[115.707,34.6],[115.816,34.571],[115.879,34.589],[115.967,34.594],[115.994,34.622],[116.044,34.6],[116.085,34.616],[116.131,34.572],[116.151,34.567],[116.187,34.583],[116.228,34.565],[116.267,34.577],[116.344,34.616],[116.377,34.64],[116.39,34.721],[116.41,34.736],[116.42,34.834],[116.47,34.898],[116.499,34.911],[116.547,34.914],[116.632,34.938],[116.725,34.929],[116.777,34.934],[116.828,34.958],[116.941,34.88],[116.972,34.838],[116.993,34.774],[117.061,34.709],[117.14,34.564],[117.145,34.502],[117.182,34.45],[117.21,34.445],[117.235,34.461],[117.238,34.518],[117.274,34.564],[117.337,34.589],[117.374,34.564],[117.444,34.493],[117.469,34.475],[117.547,34.462],[117.591,34.472],[117.653,34.526],[117.714,34.534],[117.773,34.527],[117.788,34.609],[117.79,34.651],[117.806,34.664],[117.852,34.663],[117.915,34.677],[117.999,34.656],[118.05,34.651],[118.088,34.622],[118.094,34.571],[118.15,34.548],[118.132,34.484],[118.17,34.437],[118.165,34.399],[118.248,34.412],[118.343,34.419],[118.391,34.444],[118.419,34.504],[118.423,34.578],[118.45,34.628],[118.452,34.662],[118.477,34.689],[118.532,34.705],[118.596,34.707],[118.681,34.684],[118.725,34.707],[118.759,34.749],[118.777,34.834],[118.798,34.876],[118.842,34.935],[118.867,35.036],[118.954,35.051],[119.076,35.05],[119.102,35.06],[119.176,35.106],[119.229,35.113],[119.273,35.099],[119.28,35.077],[119.358,35.097],[119.371,35.117],[119.388,35.205],[119.405,35.254],[119.422,35.277],[119.424,35.313],[119.508,35.332],[119.552,35.38],[119.57,35.435],[119.596,35.462],[119.648,35.584],[119.697,35.599],[119.733,35.621],[119.771,35.593],[119.812,35.648],[119.86,35.606],[119.905,35.625],[119.908,35.681],[119.936,35.705],[119.9,35.736],[119.938,35.761],[119.97,35.732],[120.003,35.728],[120.02,35.76],[120.039,35.843],[120.097,35.901],[120.136,35.904],[120.168,35.938],[120.19,35.932],[120.284,35.963],[120.305,35.987],[120.295,36.003],[120.243,35.974],[120.23,36],[120.198,35.985],[120.175,35.994],[120.168,36.062],[120.154,36.077],[120.1,36.096],[120.089,36.148],[120.105,36.201],[120.219,36.222],[120.216,36.199],[120.285,36.176],[120.274,36.234],[120.306,36.274],[120.323,36.226],[120.362,36.192],[120.335,36.136],[120.292,36.068],[120.354,36.041],[120.422,36.062],[120.474,36.089],[120.536,36.091],[120.552,36.114],[120.628,36.117],[120.697,36.144],[120.676,36.251],[120.655,36.288],[120.648,36.331],[120.707,36.323],[120.722,36.331],[120.687,36.387],[120.714,36.429],[120.751,36.459],[120.807,36.464],[120.832,36.455],[120.85,36.386],[120.867,36.377],[120.901,36.419],[120.906,36.452],[120.95,36.459],[120.941,36.51],[120.92,36.553],[120.895,36.562],[120.865,36.598],[120.826,36.596],[120.794,36.551],[120.75,36.541],[120.742,36.556],[120.771,36.617],[120.851,36.651],[120.893,36.628],[120.933,36.62],[120.929,36.596],[121.024,36.584],[121.031,36.617],[121.08,36.61],[121.158,36.669],[121.314,36.712],[121.385,36.706],[121.378,36.732],[121.409,36.754],[121.453,36.757],[121.471,36.79],[121.453,36.816],[121.484,36.829],[121.522,36.812],[121.546,36.836],[121.573,36.82],[121.547,36.798],[121.503,36.789],[121.504,36.76],[121.526,36.754],[121.56,36.768],[121.625,36.74],[121.625,36.815],[121.658,36.84],[121.709,36.833],[121.737,36.839],[121.756,36.872],[121.786,36.891],[121.915,36.92],[121.95,36.939],[121.923,36.968],[121.926,36.994],[122.04,36.985],[122.033,36.898],[122.081,36.917],[122.094,36.951],[122.143,36.946],[122.15,37.005],[122.18,37.006],[122.163,36.946],[122.211,36.918],[122.185,36.885],[122.2,36.843],[122.32,36.823],[122.355,36.829],[122.376,36.85],[122.436,36.871],[122.402,36.914],[122.513,36.935],[122.525,36.944],[122.54,37.028],[122.513,37.02],[122.461,37.031],[122.409,37.006],[122.411,37.037],[122.448,37.057],[122.436,37.09],[122.448,37.147],[122.483,37.14],[122.51,37.155],[122.543,37.157],[122.603,37.21],[122.595,37.237],[122.56,37.275],[122.549,37.311],[122.591,37.314],[122.571,37.345],[122.615,37.371],[122.656,37.385],[122.688,37.41],[122.612,37.419],[122.571,37.402],[122.457,37.418],[122.296,37.418],[122.262,37.451],[122.224,37.458],[122.183,37.418],[122.141,37.457],[122.13,37.483],[122.152,37.533],[122.122,37.563],[122.026,37.528],[121.978,37.472],[121.997,37.434],[121.957,37.424],[121.938,37.464],[121.732,37.462],[121.659,37.473],[121.652,37.437],[121.592,37.424],[121.537,37.456],[121.477,37.468],[121.447,37.52],[121.382,37.566],[121.398,37.595],[121.394,37.622],[121.345,37.591],[121.308,37.581],[121.191,37.575],[121.155,37.583],[121.134,37.611],[121.149,37.638],[121.13,37.652],[121.149,37.689],[121.138,37.701],[121.067,37.714],[121.033,37.71],[121.005,37.744],[120.957,37.761],[120.929,37.789],[120.926,37.819],[120.878,37.83],[120.822,37.817],[120.738,37.834],[120.674,37.802],[120.594,37.782],[120.556,37.761],[120.463,37.748],[120.411,37.712],[120.369,37.695],[120.248,37.673],[120.306,37.665],[120.323,37.632],[120.298,37.598],[120.188,37.512],[120.06,37.44],[120.009,37.422],[119.929,37.385],[119.859,37.36],[119.846,37.344],[119.887,37.285],[119.897,37.249],[119.792,37.181],[119.771,37.152],[119.661,37.138],[119.563,37.142],[119.475,37.133],[119.441,37.121],[119.287,37.137],[119.146,37.179],[119.115,37.201],[119.059,37.228],[119.015,37.27],[118.972,37.281],[118.949,37.336],[118.945,37.378],[118.958,37.531],[118.977,37.611],[119.011,37.654],[119.037,37.722],[119.069,37.741],[119.12,37.738],[119.189,37.701],[119.218,37.675],[119.256,37.672],[119.26,37.716],[119.243,37.769],[119.207,37.803],[119.156,37.824],[119.117,37.853],[119.092,37.913],[119.048,37.948],[118.997,37.963],[118.956,38.034],[118.925,38.058],[118.95,38.097],[118.84,38.153],[118.76,38.155],[118.655,38.146],[118.616,38.125],[118.573,38.08],[118.543,38.068],[118.512,38.088],[118.449,38.108],[118.216,38.145],[118.146,38.142],[118.119,38.152],[118.085,38.139],[118.052,38.154],[118.054,38.173],[118.007,38.197],[117.978,38.195],[117.942,38.234],[117.837,38.271]]]}},{"type":"Feature","properties":{"id":"cn-sh"},"geometry":{"type":"MultiPolygon","coordinates":[[[[121.838,31.375],[121.794,31.369],[121.813,31.321],[121.851,31.294],[121.882,31.337],[121.868,31.366],[121.838,31.375]]],[[[121.341,31.491],[121.236,31.481],[121.187,31.458],[121.136,31.374],[121.141,31.318],[121.126,31.277],[121.087,31.278],[121.059,31.248],[121.07,31.176],[121.063,31.154],[121.035,31.144],[120.958,31.135],[120.883,31.14],[120.866,31.107],[120.889,31.079],[120.909,31.012],[120.969,31.009],[120.984,30.992],[120.982,30.961],[120.993,30.932],[120.981,30.888],[120.997,30.867],[120.981,30.832],[121.031,30.809],[121.068,30.839],[121.104,30.834],[121.134,30.796],[121.197,30.786],[121.226,30.774],[121.256,30.744],[121.275,30.691],[121.334,30.703],[121.411,30.767],[121.543,30.816],[121.631,30.837],[121.811,30.853],[121.907,30.857],[121.96,30.874],[121.977,30.915],[121.951,30.982],[121.877,31.099],[121.778,31.214],[121.725,31.282],[121.632,31.336],[121.546,31.366],[121.448,31.427],[121.418,31.453],[121.341,31.491]]],[[[121.844,31.608],[121.721,31.63],[121.663,31.652],[121.571,31.714],[121.535,31.728],[121.475,31.771],[121.386,31.812],[121.264,31.841],[121.219,31.829],[121.176,31.784],[121.225,31.738],[121.286,31.704],[121.314,31.656],[121.376,31.634],[121.405,31.614],[121.517,31.568],[121.572,31.529],[121.685,31.507],[121.851,31.439],[121.978,31.478],[121.987,31.504],[121.98,31.54],[121.919,31.578],[121.844,31.608]]],[[[121.762,31.374],[121.726,31.403],[121.618,31.444],[121.599,31.429],[121.72,31.358],[121.766,31.321],[121.782,31.342],[121.762,31.374]]]]}},{"type":"Feature","properties":{"id":"cn-sn"},"geometry":{"type":"Polygon","coordinates":[[[108.518,32.198],[108.586,32.169],[108.663,32.112],[108.739,32.09],[108.789,32.045],[108.89,32.001],[108.953,31.982],[109.056,31.941],[109.118,31.906],[109.189,31.84],[109.253,31.744],[109.281,31.719],[109.336,31.705],[109.573,31.73],[109.594,31.738],[109.58,31.762],[109.616,31.821],[109.61,31.927],[109.646,32.012],[109.666,32.043],[109.669,32.081],[109.63,32.123],[109.619,32.189],[109.601,32.213],[109.548,32.234],[109.501,32.303],[109.487,32.336],[109.5,32.369],[109.561,32.405],[109.579,32.541],[109.623,32.559],[109.635,32.591],[109.665,32.598],[109.708,32.585],[109.769,32.6],[109.815,32.571],[109.88,32.592],[109.951,32.576],[110.001,32.552],[110.029,32.554],[110.062,32.576],[110.074,32.617],[110.135,32.605],[110.168,32.622],[110.168,32.643],[110.145,32.681],[110.155,32.73],[110.096,32.841],[110.041,32.862],[109.993,32.889],[109.938,32.896],[109.899,32.914],[109.868,32.913],[109.836,32.896],[109.783,32.901],[109.74,32.93],[109.766,32.969],[109.781,33.045],[109.757,33.08],[109.694,33.106],[109.652,33.113],[109.592,33.11],[109.491,33.145],[109.453,33.148],[109.462,33.189],[109.516,33.237],[109.552,33.244],[109.585,33.236],[109.626,33.243],[109.66,33.264],[109.752,33.241],[109.875,33.243],[109.916,33.235],[109.96,33.214],[110.094,33.213],[110.129,33.206],[110.182,33.166],[110.234,33.156],[110.432,33.173],[110.459,33.185],[110.51,33.236],[110.547,33.245],[110.589,33.204],[110.604,33.154],[110.651,33.149],[110.711,33.108],[110.792,33.159],[110.823,33.199],[110.9,33.205],[110.921,33.217],[110.941,33.251],[110.975,33.266],[111.016,33.374],[110.99,33.438],[111.011,33.5],[110.968,33.599],[110.943,33.618],[110.878,33.643],[110.792,33.705],[110.791,33.75],[110.749,33.803],[110.689,33.838],[110.643,33.85],[110.594,33.88],[110.601,33.906],[110.638,33.954],[110.642,33.98],[110.594,34.065],[110.618,34.139],[110.607,34.17],[110.558,34.181],[110.531,34.201],[110.477,34.221],[110.434,34.261],[110.435,34.292],[110.479,34.326],[110.473,34.366],[110.454,34.381],[110.374,34.404],[110.34,34.437],[110.328,34.48],[110.342,34.518],[110.336,34.616],[110.298,34.621],[110.27,34.637],[110.252,34.663],[110.242,34.719],[110.237,34.801],[110.272,34.882],[110.26,34.945],[110.285,35.01],[110.292,35.05],[110.311,35.091],[110.335,35.198],[110.373,35.255],[110.425,35.294],[110.445,35.335],[110.469,35.356],[110.497,35.404],[110.548,35.438],[110.563,35.491],[110.556,35.509],[110.603,35.554],[110.62,35.597],[110.611,35.638],[110.576,35.713],[110.56,35.849],[110.542,35.884],[110.511,35.887],[110.498,35.98],[110.447,36.142],[110.445,36.186],[110.473,36.264],[110.459,36.349],[110.496,36.484],[110.499,36.525],[110.483,36.593],[110.394,36.682],[110.421,36.693],[110.441,36.727],[110.418,36.734],[110.398,36.781],[110.418,36.816],[110.411,36.85],[110.37,36.891],[110.395,36.907],[110.418,36.967],[110.384,36.995],[110.389,37.022],[110.46,37.051],[110.489,37.092],[110.509,37.102],[110.528,37.145],[110.569,37.179],[110.665,37.282],[110.687,37.357],[110.647,37.368],[110.63,37.397],[110.654,37.434],[110.696,37.439],[110.746,37.48],[110.77,37.542],[110.789,37.561],[110.767,37.638],[110.795,37.658],[110.779,37.678],[110.705,37.714],[110.753,37.746],[110.729,37.774],[110.675,37.796],[110.653,37.813],[110.589,37.919],[110.563,37.942],[110.515,37.955],[110.5,38.09],[110.51,38.145],[110.5,38.166],[110.511,38.202],[110.56,38.217],[110.58,38.287],[110.604,38.301],[110.671,38.317],[110.712,38.357],[110.746,38.378],[110.774,38.426],[110.834,38.446],[110.86,38.468],[110.87,38.502],[110.899,38.545],[110.901,38.58],[110.872,38.621],[110.915,38.708],[110.943,38.739],[110.949,38.771],[110.98,38.817],[111.004,38.916],[110.973,38.974],[110.995,39.004],[111.089,39.043],[111.118,39.067],[111.158,39.173],[111.222,39.283],[111.225,39.311],[111.185,39.331],[111.175,39.357],[111.151,39.357],[111.11,39.385],[111.055,39.405],[111.041,39.423],[111.123,39.528],[111.137,39.565],[111.121,39.581],[111.082,39.563],[111.013,39.565],[110.98,39.534],[110.9,39.507],[110.846,39.465],[110.728,39.338],[110.685,39.264],[110.638,39.245],[110.603,39.267],[110.557,39.334],[110.526,39.365],[110.494,39.374],[110.414,39.35],[110.397,39.328],[110.338,39.318],[110.274,39.357],[110.225,39.424],[110.201,39.436],[110.145,39.445],[110.109,39.428],[110.112,39.403],[110.147,39.359],[110.177,39.285],[110.037,39.212],[109.963,39.181],[109.845,39.097],[109.821,39.054],[109.774,39.035],[109.701,39.024],[109.674,39.011],[109.635,38.906],[109.575,38.852],[109.538,38.785],[109.499,38.794],[109.424,38.769],[109.392,38.739],[109.365,38.689],[109.316,38.668],[109.313,38.62],[109.296,38.608],[109.203,38.569],[109.16,38.542],[109.144,38.504],[109.08,38.457],[109.045,38.422],[109.023,38.375],[108.986,38.335],[108.975,38.267],[108.953,38.199],[108.97,38.167],[109.028,38.111],[109.035,38.075],[109.001,37.988],[108.954,37.926],[108.91,37.927],[108.863,37.988],[108.836,37.988],[108.791,37.942],[108.78,37.905],[108.784,37.78],[108.771,37.743],[108.764,37.682],[108.739,37.671],[108.65,37.663],[108.496,37.669],[108.333,37.634],[108.233,37.64],[108.039,37.633],[108,37.645],[108.006,37.695],[107.991,37.726],[107.929,37.785],[107.885,37.802],[107.703,37.832],[107.658,37.853],[107.662,37.811],[107.644,37.78],[107.607,37.766],[107.509,37.764],[107.481,37.742],[107.474,37.698],[107.436,37.663],[107.317,37.59],[107.322,37.528],[107.27,37.428],[107.238,37.301],[107.286,37.262],[107.325,37.164],[107.325,37.144],[107.285,37.068],[107.278,37.044],[107.294,36.991],[107.3,36.907],[107.443,36.886],[107.501,36.891],[107.533,36.874],[107.522,36.853],[107.549,36.84],[107.617,36.824],[107.695,36.825],[107.758,36.79],[107.838,36.773],[107.887,36.755],[107.926,36.7],[107.965,36.669],[108.033,36.654],[108.025,36.62],[108.042,36.598],[108.168,36.569],[108.212,36.601],[108.244,36.573],[108.356,36.546],[108.401,36.488],[108.441,36.461],[108.533,36.458],[108.607,36.432],[108.704,36.359],[108.704,36.334],[108.682,36.295],[108.65,36.265],[108.65,36.226],[108.69,36.176],[108.7,36.126],[108.697,36.089],[108.677,36.005],[108.664,35.987],[108.611,35.967],[108.567,35.926],[108.493,35.881],[108.513,35.828],[108.523,35.776],[108.51,35.701],[108.517,35.665],[108.546,35.61],[108.604,35.548],[108.606,35.477],[108.617,35.393],[108.561,35.322],[108.53,35.291],[108.493,35.272],[108.447,35.27],[108.354,35.278],[108.277,35.263],[108.246,35.27],[108.214,35.292],[108.155,35.291],[108.072,35.258],[108.021,35.245],[107.979,35.223],[107.923,35.267],[107.862,35.274],[107.786,35.31],[107.742,35.318],[107.731,35.302],[107.73,35.252],[107.67,35.228],[107.705,35.179],[107.76,35.079],[107.825,35.027],[107.841,35.006],[107.83,34.977],[107.71,34.951],[107.622,34.956],[107.57,34.965],[107.497,34.926],[107.424,34.943],[107.363,34.934],[107.321,34.942],[107.286,34.934],[107.274,34.915],[107.211,34.892],[107.17,34.933],[107.099,34.98],[107.052,35.038],[107.03,35.048],[106.956,35.06],[106.915,35.089],[106.811,35.087],[106.77,35.095],[106.625,35.077],[106.565,35.08],[106.53,35.047],[106.491,35.03],[106.505,34.979],[106.501,34.926],[106.55,34.863],[106.543,34.82],[106.507,34.778],[106.492,34.741],[106.432,34.706],[106.404,34.68],[106.369,34.625],[106.318,34.583],[106.328,34.559],[106.368,34.52],[106.498,34.52],[106.535,34.49],[106.573,34.483],[106.614,34.459],[106.627,34.42],[106.674,34.385],[106.691,34.291],[106.686,34.269],[106.656,34.254],[106.554,34.281],[106.497,34.266],[106.552,34.242],[106.586,34.16],[106.587,34.137],[106.537,34.127],[106.514,34.107],[106.498,34.043],[106.455,33.97],[106.43,33.942],[106.424,33.899],[106.446,33.875],[106.48,33.868],[106.482,33.837],[106.455,33.803],[106.465,33.737],[106.482,33.701],[106.54,33.661],[106.558,33.634],[106.559,33.599],[106.543,33.563],[106.496,33.544],[106.447,33.571],[106.435,33.601],[106.393,33.619],[106.344,33.607],[106.307,33.612],[106.171,33.562],[106.119,33.574],[106.094,33.609],[106.073,33.618],[105.993,33.611],[105.984,33.58],[105.952,33.553],[105.904,33.536],[105.832,33.498],[105.81,33.433],[105.785,33.406],[105.74,33.403],[105.718,33.389],[105.718,33.342],[105.747,33.294],[105.844,33.243],[105.913,33.234],[105.923,33.211],[105.903,33.18],[105.898,33.149],[105.911,33.032],[105.886,32.978],[105.859,32.963],[105.822,32.965],[105.782,32.948],[105.734,32.907],[105.698,32.894],[105.639,32.885],[105.499,32.907],[105.521,32.855],[105.551,32.806],[105.568,32.73],[105.587,32.708],[105.633,32.707],[105.724,32.76],[105.782,32.755],[105.813,32.762],[105.836,32.809],[105.875,32.845],[105.96,32.854],[106.039,32.872],[106.082,32.874],[106.103,32.848],[106.061,32.771],[106.057,32.714],[106.082,32.677],[106.115,32.649],[106.191,32.605],[106.229,32.592],[106.282,32.595],[106.364,32.639],[106.447,32.647],[106.519,32.67],[106.604,32.676],[106.661,32.699],[106.713,32.738],[106.757,32.74],[106.813,32.721],[106.935,32.713],[107.011,32.72],[107.065,32.708],[107.096,32.669],[107.093,32.596],[107.07,32.523],[107.202,32.453],[107.233,32.444],[107.284,32.453],[107.371,32.52],[107.417,32.535],[107.448,32.522],[107.448,32.476],[107.462,32.44],[107.46,32.409],[107.547,32.392],[107.622,32.399],[107.659,32.389],[107.725,32.336],[107.773,32.311],[107.806,32.28],[107.844,32.228],[107.905,32.197],[107.96,32.158],[108.003,32.15],[108.016,32.203],[108.052,32.227],[108.152,32.241],[108.188,32.235],[108.237,32.263],[108.291,32.251],[108.368,32.265],[108.441,32.262],[108.479,32.25],[108.518,32.198]]]}},{"type":"Feature","properties":{"id":"cn-sx"},"geometry":{"type":"Polygon","coordinates":[[[114.154,40.743],[114.063,40.693],[114.027,40.635],[114.033,40.601],[114.076,40.55],[114.076,40.503],[114.044,40.488],[113.896,40.469],[113.808,40.434],[113.765,40.427],[113.677,40.429],[113.518,40.344],[113.437,40.325],[113.334,40.319],[113.297,40.332],[113.255,40.395],[113.23,40.417],[113.183,40.425],[113.086,40.404],[112.961,40.356],[112.925,40.328],[112.844,40.226],[112.808,40.198],[112.734,40.173],[112.701,40.175],[112.675,40.197],[112.596,40.238],[112.533,40.248],[112.477,40.276],[112.399,40.288],[112.353,40.262],[112.279,40.229],[112.232,40.166],[112.22,40.139],[112.165,40.059],[112.099,40.005],[112.024,39.889],[111.999,39.833],[111.949,39.774],[111.943,39.734],[111.921,39.689],[111.847,39.629],[111.761,39.598],[111.701,39.614],[111.675,39.636],[111.49,39.652],[111.453,39.645],[111.425,39.625],[111.421,39.522],[111.373,39.489],[111.343,39.444],[111.284,39.425],[111.199,39.427],[111.135,39.411],[111.11,39.385],[111.151,39.357],[111.175,39.357],[111.185,39.331],[111.225,39.311],[111.222,39.283],[111.158,39.173],[111.118,39.067],[111.089,39.043],[110.995,39.004],[110.973,38.974],[111.004,38.916],[110.98,38.817],[110.949,38.771],[110.943,38.739],[110.915,38.708],[110.872,38.621],[110.901,38.58],[110.899,38.545],[110.87,38.502],[110.86,38.468],[110.834,38.446],[110.774,38.426],[110.746,38.378],[110.712,38.357],[110.671,38.317],[110.604,38.301],[110.58,38.287],[110.56,38.217],[110.511,38.202],[110.5,38.166],[110.51,38.145],[110.5,38.09],[110.515,37.955],[110.563,37.942],[110.589,37.919],[110.653,37.813],[110.675,37.796],[110.729,37.774],[110.753,37.746],[110.705,37.714],[110.779,37.678],[110.795,37.658],[110.767,37.638],[110.789,37.561],[110.77,37.542],[110.746,37.48],[110.696,37.439],[110.654,37.434],[110.63,37.397],[110.647,37.368],[110.687,37.357],[110.665,37.282],[110.569,37.179],[110.528,37.145],[110.509,37.102],[110.489,37.092],[110.46,37.051],[110.389,37.022],[110.384,36.995],[110.418,36.967],[110.395,36.907],[110.37,36.891],[110.411,36.85],[110.418,36.816],[110.398,36.781],[110.418,36.734],[110.441,36.727],[110.421,36.693],[110.394,36.682],[110.483,36.593],[110.499,36.525],[110.496,36.484],[110.459,36.349],[110.473,36.264],[110.445,36.186],[110.447,36.142],[110.498,35.98],[110.511,35.887],[110.542,35.884],[110.56,35.849],[110.576,35.713],[110.611,35.638],[110.62,35.597],[110.603,35.554],[110.556,35.509],[110.563,35.491],[110.548,35.438],[110.497,35.404],[110.469,35.356],[110.445,35.335],[110.425,35.294],[110.373,35.255],[110.335,35.198],[110.311,35.091],[110.292,35.05],[110.285,35.01],[110.26,34.945],[110.272,34.882],[110.237,34.801],[110.242,34.719],[110.252,34.663],[110.27,34.637],[110.298,34.621],[110.336,34.616],[110.368,34.618],[110.4,34.593],[110.438,34.609],[110.483,34.616],[110.531,34.584],[110.585,34.601],[110.648,34.602],[110.709,34.621],[110.726,34.643],[110.766,34.661],[110.884,34.666],[110.923,34.686],[110.911,34.733],[110.933,34.735],[110.973,34.717],[111.026,34.747],[111.109,34.769],[111.125,34.779],[111.139,34.819],[111.158,34.822],[111.216,34.8],[111.257,34.828],[111.285,34.816],[111.331,34.841],[111.394,34.823],[111.558,34.863],[111.604,34.91],[111.622,34.947],[111.679,34.979],[111.683,35.008],[111.741,35.019],[111.764,35.042],[111.796,35.052],[111.829,35.083],[111.958,35.094],[112.038,35.046],[112.061,35.108],[112.058,35.234],[112.112,35.23],[112.157,35.237],[112.335,35.219],[112.391,35.235],[112.49,35.22],[112.526,35.22],[112.583,35.242],[112.61,35.288],[112.682,35.311],[112.724,35.275],[112.808,35.242],[112.903,35.241],[112.955,35.265],[112.988,35.305],[113.02,35.329],[113.108,35.344],[113.13,35.352],[113.168,35.389],[113.232,35.417],[113.273,35.419],[113.328,35.463],[113.43,35.489],[113.491,35.525],[113.516,35.563],[113.546,35.591],[113.595,35.618],[113.61,35.646],[113.585,35.687],[113.597,35.759],[113.594,35.808],[113.633,35.818],[113.621,35.855],[113.63,35.897],[113.628,35.953],[113.656,35.972],[113.687,36.056],[113.68,36.098],[113.693,36.136],[113.676,36.172],[113.694,36.188],[113.673,36.221],[113.721,36.333],[113.721,36.356],[113.691,36.395],[113.631,36.438],[113.556,36.465],[113.535,36.483],[113.533,36.516],[113.547,36.549],[113.527,36.565],[113.506,36.603],[113.459,36.636],[113.469,36.69],[113.438,36.719],[113.454,36.737],[113.534,36.747],[113.557,36.761],[113.608,36.769],[113.656,36.808],[113.679,36.872],[113.748,36.862],[113.776,36.891],[113.773,36.984],[113.754,37.023],[113.747,37.076],[113.754,37.115],[113.8,37.164],[113.858,37.209],[113.887,37.296],[113.93,37.349],[113.951,37.388],[114.019,37.455],[114.053,37.501],[114.096,37.6],[114.106,37.669],[114.1,37.698],[114.026,37.751],[113.987,37.839],[113.926,37.924],[113.891,37.949],[113.845,38.057],[113.818,38.091],[113.791,38.153],[113.741,38.165],[113.676,38.212],[113.558,38.243],[113.532,38.278],[113.518,38.378],[113.543,38.439],[113.534,38.537],[113.609,38.644],[113.669,38.66],[113.691,38.714],[113.749,38.729],[113.825,38.81],[113.826,38.824],[113.78,38.872],[113.76,38.909],[113.759,38.949],[113.776,38.971],[113.809,38.986],[113.853,39.072],[113.875,39.083],[113.928,39.085],[114.013,39.119],[114.03,39.118],[114.089,39.074],[114.125,39.066],[114.167,39.073],[114.216,39.069],[114.275,39.089],[114.309,39.13],[114.394,39.169],[114.412,39.198],[114.42,39.3],[114.459,39.338],[114.468,39.39],[114.529,39.482],[114.541,39.531],[114.516,39.565],[114.459,39.607],[114.43,39.613],[114.402,39.658],[114.397,39.697],[114.406,39.75],[114.405,39.827],[114.383,39.861],[114.328,39.86],[114.233,39.876],[114.178,39.906],[114.086,39.917],[114.035,39.942],[114.009,39.981],[113.936,40.016],[113.934,40.061],[113.958,40.079],[113.996,40.132],[114.015,40.127],[114.04,40.089],[114.07,40.106],[114.085,40.185],[114.117,40.204],[114.233,40.231],[114.289,40.255],[114.45,40.294],[114.511,40.325],[114.492,40.348],[114.434,40.361],[114.386,40.355],[114.305,40.362],[114.286,40.379],[114.259,40.493],[114.258,40.55],[114.229,40.6],[114.164,40.652],[114.152,40.674],[114.154,40.743]]]}},{"type":"Feature","properties":{"id":"cn-tj"},"geometry":{"type":"Polygon","coordinates":[[[118.01,39.219],[118.013,39.307],[118.008,39.343],[117.976,39.372],[117.897,39.399],[117.876,39.425],[117.878,39.447],[117.911,39.528],[117.893,39.565],[117.831,39.566],[117.75,39.58],[117.73,39.538],[117.631,39.576],[117.619,39.589],[117.636,39.621],[117.623,39.666],[117.575,39.694],[117.568,39.724],[117.533,39.75],[117.524,39.828],[117.504,39.882],[117.516,39.93],[117.501,39.989],[117.538,40],[117.616,39.965],[117.712,39.969],[117.766,39.964],[117.79,39.982],[117.742,40.026],[117.75,40.063],[117.65,40.083],[117.623,40.124],[117.556,40.17],[117.451,40.227],[117.357,40.257],[117.372,40.201],[117.311,40.11],[117.239,40.093],[117.207,40.037],[117.164,39.987],[117.148,39.948],[117.159,39.906],[117.18,39.879],[117.255,39.862],[117.248,39.836],[117.203,39.824],[117.183,39.802],[117.203,39.762],[117.189,39.721],[117.183,39.655],[117.153,39.618],[117.122,39.618],[117.035,39.647],[116.955,39.665],[116.903,39.686],[116.876,39.686],[116.822,39.619],[116.793,39.602],[116.787,39.552],[116.791,39.493],[116.823,39.425],[116.832,39.383],[116.853,39.341],[116.827,39.241],[116.826,39.217],[116.852,39.178],[116.893,39.164],[116.91,39.136],[116.892,39.103],[116.712,39.012],[116.689,38.978],[116.681,38.916],[116.688,38.875],[116.711,38.821],[116.738,38.787],[116.774,38.764],[116.851,38.739],[116.881,38.699],[116.935,38.691],[117.021,38.708],[117.053,38.69],[117.066,38.635],[117.095,38.612],[117.189,38.606],[117.228,38.575],[117.271,38.559],[117.409,38.591],[117.443,38.603],[117.544,38.621],[117.56,38.657],[117.559,38.691],[117.573,38.714],[117.584,38.812],[117.709,38.981],[117.775,38.981],[117.751,39.068],[117.718,39.093],[117.757,39.114],[117.886,39.201],[117.931,39.212],[118.01,39.219]]]}},{"type":"Feature","properties":{"id":"cn-xj"},"geometry":{"type":"Polygon","coordinates":[[[96.366,42.723],[96.351,42.741],[96.337,42.866],[96.319,42.91],[96.294,42.933],[95.908,43.215],[95.874,43.247],[95.855,43.285],[95.833,43.409],[95.692,43.631],[95.589,43.869],[95.535,43.958],[95.51,43.979],[95.423,43.989],[95.328,44.007],[95.319,44.041],[95.328,44.098],[95.321,44.148],[95.347,44.215],[95.389,44.261],[95.379,44.287],[95.037,44.255],[94.994,44.259],[94.906,44.294],[94.721,44.336],[94.698,44.343],[94.657,44.389],[94.588,44.436],[94.43,44.504],[94.366,44.504],[94.338,44.512],[94.277,44.59],[94.195,44.654],[94.149,44.667],[94.104,44.652],[93.975,44.66],[93.927,44.673],[93.875,44.714],[93.714,44.875],[93.688,44.891],[93.525,44.951],[93.421,44.955],[93.341,44.985],[93.244,44.982],[93.166,45.008],[93.052,45.003],[93.014,45.009],[92.945,45.006],[92.861,45.038],[92.799,45.033],[92.753,45.038],[92.639,45.016],[92.572,45.013],[92.475,44.997],[92.396,45.013],[92.331,45.008],[92.285,45.02],[92.219,45.01],[92.194,45.015],[92.108,45.058],[92.009,45.076],[91.919,45.066],[91.747,45.072],[91.663,45.06],[91.564,45.077],[91.522,45.077],[91.456,45.137],[91.417,45.146],[91.367,45.114],[91.249,45.13],[91.184,45.154],[91.135,45.198],[91.057,45.218],[90.975,45.215],[90.905,45.186],[90.873,45.186],[90.858,45.215],[90.867,45.254],[90.854,45.271],[90.797,45.293],[90.79,45.338],[90.738,45.442],[90.651,45.493],[90.697,45.73],[90.711,45.752],[90.919,45.95],[90.986,45.993],[91.002,46.022],[91.005,46.068],[90.996,46.114],[90.949,46.168],[90.899,46.282],[90.896,46.302],[90.936,46.344],[90.986,46.435],[91.001,46.475],[91.036,46.529],[91.047,46.566],[90.996,46.595],[91.016,46.703],[91.005,46.74],[90.975,46.774],[90.925,46.813],[90.933,46.875],[90.91,46.892],[90.885,46.945],[90.828,46.982],[90.742,46.992],[90.712,47.015],[90.469,47.309],[90.487,47.378],[90.448,47.404],[90.441,47.493],[90.382,47.538],[90.327,47.623],[90.345,47.659],[90.302,47.679],[90.21,47.696],[90.12,47.73],[90.083,47.756],[90.052,47.811],[90.064,47.851],[90.045,47.88],[89.947,47.883],[89.934,47.844],[89.889,47.824],[89.784,47.819],[89.751,47.824],[89.723,47.878],[89.655,47.9],[89.627,47.944],[89.576,47.976],[89.572,48.02],[89.542,48.031],[89.475,48.023],[89.409,48.023],[89.369,48.038],[89.334,48.032],[89.244,47.98],[89.075,47.984],[89.046,47.993],[88.932,48.097],[88.889,48.111],[88.805,48.106],[88.709,48.166],[88.636,48.176],[88.581,48.212],[88.559,48.288],[88.565,48.343],[88.503,48.393],[88.479,48.4],[88.417,48.394],[88.383,48.409],[88.332,48.454],[88.236,48.493],[88.166,48.494],[88.052,48.543],[88.017,48.54],[87.952,48.575],[87.943,48.599],[87.99,48.624],[88.01,48.653],[88.064,48.683],[88.059,48.708],[88.034,48.729],[87.975,48.756],[87.908,48.759],[87.842,48.779],[87.806,48.801],[87.796,48.84],[87.738,48.869],[87.757,48.92],[87.836,48.946],[87.873,48.968],[87.872,49.004],[87.822,49.029],[87.816,49.051],[87.836,49.101],[87.816,49.166],[87.716,49.159],[87.525,49.12],[87.5,49.119],[87.476,49.088],[87.4,49.071],[87.201,49.109],[87.116,49.13],[86.975,49.092],[86.887,49.107],[86.838,49.094],[86.816,49.058],[86.728,48.99],[86.709,48.954],[86.718,48.913],[86.742,48.879],[86.789,48.839],[86.739,48.784],[86.752,48.729],[86.745,48.704],[86.669,48.634],[86.621,48.603],[86.565,48.527],[86.546,48.517],[86.431,48.486],[86.334,48.49],[86.307,48.483],[86.247,48.437],[86.192,48.418],[86.006,48.43],[85.784,48.408],[85.747,48.39],[85.719,48.359],[85.586,48.141],[85.562,48.031],[85.518,47.945],[85.515,47.92],[85.595,47.624],[85.596,47.591],[85.58,47.524],[85.6,47.463],[85.67,47.384],[85.679,47.364],[85.667,47.326],[85.679,47.275],[85.66,47.207],[85.557,47.179],[85.539,47.128],[85.517,47.1],[85.499,47.052],[85.432,47.053],[85.304,47.039],[85.246,47.044],[85.205,47.034],[85.167,46.993],[85.035,46.915],[84.99,46.908],[84.959,46.891],[84.916,46.851],[84.84,46.839],[84.74,46.815],[84.716,46.835],[84.75,46.882],[84.752,46.918],[84.732,46.948],[84.664,46.984],[84.616,46.986],[84.521,46.97],[84.476,46.975],[84.422,46.993],[84.266,47],[84.159,46.993],[84.07,46.964],[83.999,46.974],[83.905,46.974],[83.524,47.067],[83.353,47.145],[83.314,47.158],[83.222,47.172],[83.15,47.212],[83.099,47.22],[83.047,47.215],[83.014,47.195],[83.015,47.154],[83.001,47.121],[83.005,47.07],[82.986,47.013],[82.993,46.976],[82.986,46.943],[82.839,46.732],[82.747,46.493],[82.708,46.434],[82.674,46.331],[82.608,46.255],[82.568,46.197],[82.542,46.132],[82.516,45.993],[82.489,45.902],[82.448,45.825],[82.372,45.734],[82.336,45.635],[82.305,45.583],[82.291,45.533],[82.327,45.493],[82.363,45.481],[82.513,45.466],[82.616,45.435],[82.632,45.416],[82.634,45.339],[82.615,45.249],[82.585,45.177],[82.54,45.124],[82.476,45.116],[82.427,45.137],[82.342,45.205],[82.295,45.228],[82.245,45.232],[82.192,45.222],[82,45.154],[81.95,45.144],[81.875,45.181],[81.807,45.189],[81.788,45.209],[81.781,45.267],[81.765,45.308],[81.739,45.338],[81.665,45.348],[81.623,45.334],[81.542,45.293],[81.144,45.205],[81.063,45.172],[80.976,45.161],[80.854,45.126],[80.828,45.126],[80.746,45.144],[80.697,45.144],[80.537,45.101],[80.468,45.106],[80.425,45.092],[80.406,45.057],[80.365,45.043],[80.291,45.046],[80.219,45.026],[80.148,45.034],[80.062,45.019],[79.925,44.932],[79.858,44.904],[79.843,44.873],[79.869,44.849],[79.992,44.794],[80.039,44.79],[80.218,44.818],[80.263,44.809],[80.315,44.78],[80.476,44.735],[80.492,44.702],[80.376,44.671],[80.356,44.653],[80.384,44.603],[80.365,44.57],[80.338,44.494],[80.333,44.417],[80.373,44.27],[80.373,44.231],[80.346,44.159],[80.345,44.103],[80.392,44.065],[80.41,44.032],[80.413,43.993],[80.44,43.949],[80.476,43.91],[80.713,43.459],[80.694,43.395],[80.643,43.326],[80.658,43.311],[80.735,43.289],[80.756,43.258],[80.765,43.2],[80.788,43.168],[80.788,43.128],[80.773,43.113],[80.711,43.105],[80.66,43.133],[80.618,43.134],[80.576,43.119],[80.498,43.076],[80.41,43.049],[80.368,43.028],[80.355,43.001],[80.408,42.955],[80.476,42.93],[80.522,42.925],[80.554,42.899],[80.527,42.868],[80.476,42.864],[80.317,42.816],[80.265,42.824],[80.227,42.791],[80.189,42.702],[80.152,42.66],[80.14,42.623],[80.162,42.552],[80.2,42.508],[80.212,42.479],[80.195,42.446],[80.219,42.355],[80.249,42.31],[80.268,42.238],[80.249,42.205],[80.21,42.19],[80.225,42.126],[80.257,42.084],[80.258,42.065],[80.231,42.034],[80.182,42.021],[79.931,42.023],[79.843,42.002],[79.813,41.978],[79.783,41.905],[79.748,41.88],[79.656,41.876],[79.611,41.868],[79.555,41.838],[79.49,41.819],[79.411,41.779],[79.367,41.772],[79.304,41.788],[79.265,41.775],[79.218,41.741],[79.175,41.723],[79.089,41.703],[78.976,41.642],[78.897,41.626],[78.807,41.578],[78.672,41.538],[78.645,41.524],[78.619,41.478],[78.584,41.466],[78.51,41.454],[78.418,41.4],[78.36,41.378],[78.339,41.344],[78.36,41.287],[78.349,41.27],[78.292,41.241],[78.25,41.201],[78.204,41.134],[78.176,41.106],[78.075,41.04],[78.037,41.036],[77.998,41.05],[77.867,41.064],[77.798,41.055],[77.666,41.001],[77.581,40.998],[77.504,40.981],[77.475,40.982],[77.389,41.012],[77.333,41.021],[77.243,41.006],[77.119,41.012],[77.008,41.044],[76.9,41.026],[76.861,41.013],[76.821,40.978],[76.767,40.945],[76.757,40.926],[76.771,40.867],[76.747,40.834],[76.674,40.795],[76.631,40.729],[76.624,40.628],[76.609,40.597],[76.556,40.566],[76.531,40.535],[76.499,40.465],[76.449,40.416],[76.362,40.372],[76.33,40.348],[76.299,40.356],[76.273,40.434],[76.244,40.441],[76.185,40.384],[76.151,40.368],[76.076,40.392],[76.052,40.39],[75.962,40.357],[75.921,40.309],[75.859,40.296],[75.794,40.309],[75.751,40.308],[75.682,40.292],[75.665,40.306],[75.64,40.367],[75.646,40.405],[75.667,40.45],[75.629,40.481],[75.611,40.513],[75.606,40.569],[75.588,40.612],[75.56,40.633],[75.524,40.633],[75.482,40.614],[75.263,40.48],[75.229,40.47],[75.194,40.441],[75.138,40.464],[75.039,40.441],[74.966,40.459],[74.879,40.505],[74.835,40.512],[74.82,40.494],[74.787,40.421],[74.795,40.406],[74.854,40.359],[74.862,40.326],[74.831,40.32],[74.747,40.337],[74.706,40.331],[74.654,40.292],[74.565,40.247],[74.477,40.172],[74.37,40.106],[74.334,40.094],[74.272,40.094],[74.203,40.11],[74.168,40.106],[74.07,40.068],[74.004,40.061],[73.958,40.021],[73.944,39.97],[73.893,39.918],[73.885,39.877],[73.844,39.838],[73.823,39.806],[73.83,39.747],[73.879,39.728],[73.894,39.71],[73.904,39.646],[73.927,39.593],[73.883,39.561],[73.848,39.49],[73.821,39.468],[73.633,39.448],[73.643,39.372],[73.641,39.335],[73.602,39.236],[73.608,39.207],[73.631,39.175],[73.674,39.143],[73.698,39.078],[73.816,38.994],[73.829,38.96],[73.81,38.933],[73.74,38.927],[73.689,38.891],[73.684,38.855],[73.736,38.8],[73.736,38.722],[73.772,38.675],[73.797,38.603],[73.834,38.578],[73.887,38.559],[73.933,38.53],[74.029,38.527],[74.059,38.547],[74.037,38.598],[74.084,38.614],[74.109,38.662],[74.14,38.669],[74.202,38.652],[74.244,38.65],[74.313,38.669],[74.334,38.667],[74.477,38.612],[74.646,38.561],[74.696,38.524],[74.742,38.523],[74.776,38.511],[74.833,38.464],[74.844,38.417],[74.838,38.379],[74.784,38.326],[74.771,38.292],[74.771,38.196],[74.791,38.081],[74.81,38.053],[74.88,38.022],[74.893,37.994],[74.889,37.931],[74.894,37.892],[74.914,37.881],[74.883,37.844],[74.898,37.818],[74.949,37.795],[74.965,37.767],[74.932,37.722],[74.924,37.695],[74.886,37.653],[74.892,37.599],[74.945,37.549],[75.036,37.506],[75.104,37.441],[75.164,37.401],[75.092,37.378],[75.068,37.312],[74.933,37.273],[74.913,37.239],[74.813,37.215],[74.783,37.22],[74.744,37.288],[74.721,37.298],[74.671,37.261],[74.651,37.26],[74.623,37.231],[74.59,37.243],[74.487,37.226],[74.457,37.177],[74.42,37.168],[74.382,37.172],[74.366,37.148],[74.414,37.108],[74.477,37.083],[74.519,37.03],[74.542,37.022],[74.662,37.054],[74.719,37.016],[74.793,37.015],[74.825,36.994],[74.861,36.947],[74.892,36.921],[74.91,36.963],[74.977,36.984],[75.1,36.994],[75.133,36.985],[75.195,36.949],[75.313,36.929],[75.351,36.916],[75.378,36.894],[75.394,36.864],[75.411,36.747],[75.432,36.723],[75.493,36.721],[75.508,36.748],[75.571,36.767],[75.65,36.754],[75.729,36.723],[75.791,36.688],[75.875,36.619],[75.977,36.463],[75.987,36.421],[75.969,36.342],[75.969,36.302],[76.012,36.248],[76.014,36.23],[75.97,36.202],[75.977,36.163],[75.915,36.124],[75.894,36.097],[75.9,36.063],[75.922,36.032],[75.984,35.996],[76.061,35.992],[76.09,35.978],[76.115,35.942],[76.138,35.827],[76.166,35.806],[76.26,35.818],[76.312,35.81],[76.349,35.831],[76.403,35.831],[76.432,35.861],[76.5,35.872],[76.537,35.903],[76.555,35.898],[76.565,35.865],[76.551,35.784],[76.571,35.751],[76.677,35.714],[76.709,35.694],[76.763,35.647],[76.843,35.641],[76.896,35.59],[76.936,35.58],[77.039,35.585],[77.071,35.571],[77.105,35.538],[77.178,35.523],[77.251,35.531],[77.305,35.518],[77.352,35.486],[77.413,35.469],[77.512,35.478],[77.661,35.458],[77.69,35.463],[77.747,35.494],[77.8,35.495],[77.834,35.452],[77.883,35.431],[77.913,35.441],[77.958,35.482],[77.986,35.494],[78.044,35.492],[78.056,35.453],[78.038,35.398],[78.01,35.347],[78.001,35.269],[78.036,35.194],[78.13,35.055],[78.148,34.943],[78.162,34.909],[78.211,34.848],[78.273,34.659],[78.296,34.625],[78.335,34.594],[78.379,34.579],[78.607,34.546],[78.665,34.526],[78.751,34.471],[78.802,34.415],[78.839,34.397],[78.922,34.372],[78.957,34.34],[78.985,34.35],[79.038,34.385],[79.204,34.439],[79.24,34.441],[79.338,34.431],[79.381,34.439],[79.434,34.462],[79.513,34.472],[79.603,34.459],[79.654,34.442],[79.717,34.413],[79.757,34.411],[79.794,34.431],[79.863,34.521],[79.914,34.626],[79.956,34.685],[79.963,34.721],[79.953,34.758],[79.917,34.798],[79.903,34.856],[79.881,34.894],[79.884,34.92],[79.926,34.955],[80.001,34.968],[80.038,34.99],[80.047,35.018],[80.014,35.086],[80.037,35.12],[80.097,35.179],[80.151,35.219],[80.176,35.253],[80.263,35.436],[80.26,35.514],[80.274,35.528],[80.319,35.509],[80.388,35.458],[80.486,35.404],[80.541,35.391],[80.656,35.384],[80.766,35.343],[80.858,35.347],[80.893,35.337],[80.979,35.293],[81.019,35.296],[81.037,35.311],[81.034,35.355],[81.061,35.389],[81.091,35.384],[81.131,35.354],[81.21,35.317],[81.26,35.314],[81.357,35.332],[81.417,35.326],[81.462,35.31],[81.545,35.252],[81.604,35.237],[81.711,35.246],[81.924,35.292],[82.002,35.319],[82.044,35.368],[82.056,35.419],[82.086,35.448],[82.222,35.506],[82.289,35.545],[82.313,35.583],[82.319,35.634],[82.338,35.65],[82.428,35.69],[82.458,35.688],[82.672,35.651],[82.71,35.65],[82.785,35.685],[82.825,35.692],[82.885,35.689],[82.936,35.674],[82.969,35.642],[82.978,35.601],[82.968,35.516],[82.972,35.49],[83.042,35.455],[83.099,35.413],[83.157,35.407],[83.21,35.423],[83.246,35.421],[83.353,35.394],[83.453,35.394],[83.499,35.385],[83.565,35.361],[83.615,35.359],[83.871,35.375],[83.984,35.416],[84.051,35.412],[84.133,35.378],[84.174,35.377],[84.215,35.389],[84.563,35.559],[84.586,35.567],[84.778,35.6],[84.847,35.634],[84.924,35.689],[85.15,35.75],[85.224,35.745],[85.26,35.73],[85.389,35.757],[85.452,35.749],[85.524,35.716],[85.562,35.657],[85.62,35.675],[85.717,35.759],[85.768,35.773],[85.93,35.762],[85.993,35.785],[86.028,35.826],[86.087,35.876],[86.111,35.916],[86.133,35.985],[86.179,36.02],[86.212,36.116],[86.272,36.146],[86.4,36.17],[86.459,36.219],[86.496,36.225],[86.59,36.217],[86.661,36.22],[86.714,36.231],[86.787,36.26],[86.82,36.265],[87.001,36.274],[87.063,36.292],[87.194,36.304],[87.346,36.374],[87.394,36.37],[87.501,36.337],[87.571,36.334],[87.766,36.36],[87.852,36.363],[87.925,36.383],[88,36.428],[88.078,36.424],[88.149,36.428],[88.277,36.449],[88.398,36.455],[88.459,36.449],[88.522,36.414],[88.712,36.368],[88.828,36.374],[88.883,36.35],[88.958,36.287],[88.993,36.274],[89.111,36.262],[89.224,36.264],[89.678,36.082],[89.867,36.066],[89.919,36.07],[89.972,36.105],[90.014,36.253],[90.03,36.259],[90.098,36.205],[90.132,36.151],[90.166,36.129],[90.292,36.116],[90.623,36.111],[90.643,36.106],[90.829,36.01],[90.875,36.004],[90.915,36.013],[91.006,36.053],[91.111,36.074],[91.132,36.091],[91.136,36.141],[91.118,36.198],[91.061,36.314],[91.025,36.46],[91.007,36.503],[90.937,36.53],[90.858,36.539],[90.805,36.559],[90.76,36.591],[90.71,36.636],[90.688,36.698],[90.69,36.776],[90.712,36.822],[90.766,36.864],[90.808,36.911],[90.838,36.928],[90.891,36.939],[90.964,36.93],[91.055,36.945],[91.191,37.001],[91.288,37.014],[91.326,37.053],[91.316,37.119],[91.235,37.195],[91.163,37.3],[91.152,37.323],[91.126,37.419],[91.106,37.458],[91.074,37.488],[90.957,37.519],[90.899,37.553],[90.834,37.608],[90.676,37.67],[90.569,37.732],[90.436,37.779],[90.413,37.8],[90.41,37.847],[90.443,37.9],[90.451,37.937],[90.439,37.996],[90.193,38.326],[90.165,38.379],[90.151,38.433],[90.172,38.456],[90.206,38.469],[90.256,38.474],[90.312,38.466],[90.381,38.486],[90.478,38.533],[90.579,38.6],[90.636,38.624],[90.654,38.674],[90.735,38.673],[90.895,38.701],[91.012,38.699],[91.12,38.716],[91.199,38.74],[91.294,38.745],[91.343,38.76],[91.442,38.804],[91.492,38.817],[91.629,38.826],[91.881,38.875],[91.975,38.907],[92.123,38.941],[92.249,38.989],[92.333,39.05],[92.394,39.068],[92.505,39.074],[92.811,39.126],[92.904,39.151],[92.936,39.153],[92.941,39.311],[92.954,39.392],[92.948,39.452],[92.772,39.811],[92.766,39.878],[92.777,39.906],[92.907,40.079],[92.92,40.118],[92.926,40.423],[92.942,40.473],[92.99,40.488],[93.037,40.49],[93.286,40.469],[93.319,40.477],[93.398,40.517],[93.503,40.548],[93.577,40.588],[93.669,40.683],[93.715,40.743],[93.76,40.823],[94.011,41.104],[94.581,41.585],[95.058,41.789],[95.492,41.856],[95.772,41.83],[95.806,41.832],[95.864,41.855],[95.952,41.919],[96.036,41.995],[96.041,42.044],[96.025,42.082],[96.018,42.139],[96.044,42.5],[96.053,42.541],[96.091,42.587],[96.366,42.723]]]}},{"type":"Feature","properties":{"id":"cn-xz"},"geometry":{"type":"Polygon","coordinates":[[[78.957,34.34],[78.985,34.286],[78.985,34.24],[78.976,34.217],[78.903,34.158],[78.806,34.123],[78.73,34.079],[78.721,33.994],[78.77,33.872],[78.787,33.808],[78.794,33.744],[78.781,33.553],[78.801,33.494],[78.824,33.461],[78.965,33.344],[79.098,33.288],[79.15,33.293],[79.26,33.292],[79.34,33.275],[79.42,33.275],[79.456,33.25],[79.423,33.158],[79.373,33.112],[79.381,33.062],[79.399,33.027],[79.34,33.013],[79.334,32.994],[79.414,32.972],[79.471,32.909],[79.564,32.794],[79.614,32.765],[79.621,32.729],[79.576,32.671],[79.531,32.648],[79.516,32.608],[79.443,32.535],[79.407,32.53],[79.379,32.576],[79.32,32.592],[79.287,32.533],[79.236,32.504],[79.215,32.508],[79.161,32.496],[79.113,32.472],[79.092,32.391],[79.075,32.371],[79.028,32.377],[78.943,32.346],[78.911,32.355],[78.856,32.4],[78.771,32.462],[78.755,32.494],[78.735,32.561],[78.751,32.613],[78.713,32.638],[78.63,32.578],[78.59,32.57],[78.448,32.566],[78.385,32.548],[78.381,32.528],[78.409,32.477],[78.449,32.427],[78.436,32.396],[78.463,32.282],[78.458,32.23],[78.513,32.208],[78.552,32.15],[78.649,32.036],[78.722,31.995],[78.745,31.964],[78.72,31.903],[78.7,31.822],[78.671,31.771],[78.696,31.747],[78.693,31.719],[78.731,31.668],[78.758,31.667],[78.819,31.607],[78.797,31.579],[78.7,31.51],[78.695,31.488],[78.763,31.445],[78.76,31.412],[78.738,31.335],[78.753,31.302],[78.784,31.288],[78.862,31.291],[78.921,31.27],[78.96,31.325],[78.989,31.343],[79.05,31.423],[79.07,31.461],[79.131,31.438],[79.179,31.394],[79.208,31.351],[79.238,31.33],[79.262,31.279],[79.248,31.257],[79.278,31.24],[79.298,31.203],[79.302,31.163],[79.319,31.142],[79.367,31.112],[79.388,31.069],[79.395,31.037],[79.414,31.02],[79.476,31.014],[79.498,30.981],[79.53,30.954],[79.578,30.938],[79.63,30.963],[79.689,30.967],[79.739,30.979],[79.834,30.962],[79.863,30.942],[79.903,30.89],[79.935,30.873],[80.006,30.847],[80.029,30.831],[80.063,30.785],[80.092,30.775],[80.141,30.793],[80.169,30.785],[80.196,30.748],[80.231,30.725],[80.207,30.686],[80.173,30.679],[80.167,30.662],[80.2,30.626],[80.203,30.606],[80.18,30.559],[80.253,30.565],[80.326,30.547],[80.425,30.498],[80.525,30.459],[80.575,30.466],[80.695,30.412],[80.723,30.392],[80.755,30.346],[80.782,30.321],[80.867,30.288],[80.944,30.27],[80.976,30.255],[81.003,30.213],[81.007,30.189],[81.074,30.072],[81.085,30.026],[81.098,30.017],[81.148,30.023],[81.195,30.004],[81.227,30.022],[81.226,30.05],[81.267,30.07],[81.278,30.132],[81.322,30.134],[81.357,30.174],[81.377,30.241],[81.369,30.266],[81.372,30.317],[81.387,30.345],[81.388,30.374],[81.426,30.373],[81.483,30.332],[81.521,30.332],[81.532,30.37],[81.577,30.391],[81.592,30.414],[81.636,30.411],[81.757,30.363],[81.779,30.358],[81.844,30.371],[81.887,30.355],[81.941,30.354],[81.969,30.328],[82.05,30.339],[82.089,30.33],[82.093,30.315],[82.082,30.257],[82.096,30.213],[82.156,30.181],[82.128,30.124],[82.145,30.069],[82.174,30.055],[82.211,30.064],[82.256,30.04],[82.319,30.032],[82.347,30.003],[82.394,30.003],[82.439,29.966],[82.476,29.946],[82.542,29.923],[82.619,29.84],[82.636,29.829],[82.689,29.828],[82.691,29.781],[82.752,29.739],[82.781,29.705],[82.816,29.69],[82.837,29.66],[82.9,29.688],[82.932,29.664],[82.976,29.664],[83.033,29.62],[83.054,29.586],[83.08,29.58],[83.093,29.615],[83.162,29.625],[83.187,29.612],[83.197,29.589],[83.253,29.555],[83.263,29.527],[83.247,29.495],[83.264,29.473],[83.328,29.485],[83.355,29.461],[83.357,29.415],[83.387,29.394],[83.393,29.356],[83.428,29.333],[83.437,29.305],[83.493,29.276],[83.503,29.261],[83.517,29.192],[83.584,29.162],[83.639,29.155],[83.656,29.161],[83.675,29.209],[83.72,29.234],[83.793,29.235],[83.869,29.263],[83.883,29.282],[83.946,29.292],[83.976,29.264],[84.013,29.27],[84.035,29.248],[84.072,29.257],[84.099,29.247],[84.112,29.209],[84.155,29.207],[84.162,29.193],[84.132,29.144],[84.17,29.089],[84.175,29.057],[84.231,29.026],[84.207,28.941],[84.235,28.9],[84.286,28.874],[84.354,28.861],[84.377,28.849],[84.423,28.799],[84.451,28.734],[84.499,28.728],[84.552,28.706],[84.607,28.698],[84.633,28.669],[84.683,28.651],[84.678,28.604],[84.756,28.585],[84.799,28.547],[84.824,28.541],[84.879,28.544],[84.919,28.536],[84.955,28.574],[85.002,28.594],[85.032,28.634],[85.055,28.639],[85.112,28.609],[85.161,28.595],[85.168,28.583],[85.148,28.516],[85.123,28.505],[85.109,28.459],[85.078,28.436],[85.086,28.381],[85.08,28.319],[85.109,28.292],[85.174,28.304],[85.206,28.278],[85.26,28.267],[85.301,28.281],[85.345,28.261],[85.378,28.266],[85.401,28.289],[85.432,28.297],[85.476,28.279],[85.521,28.283],[85.565,28.275],[85.612,28.251],[85.639,28.288],[85.675,28.306],[85.716,28.243],[85.757,28.203],[85.848,28.159],[85.889,28.09],[85.89,28.059],[85.909,28.022],[85.957,27.976],[85.951,27.916],[85.98,27.885],[86.051,27.888],[86.076,27.895],[86.113,27.927],[86.096,27.958],[86.098,27.986],[86.079,28.001],[86.085,28.044],[86.069,28.077],[86.156,28.157],[86.176,28.153],[86.187,28.109],[86.172,28.072],[86.203,28.003],[86.278,27.984],[86.318,27.946],[86.363,27.946],[86.406,27.917],[86.439,27.911],[86.497,27.938],[86.517,27.971],[86.516,28.012],[86.538,28.047],[86.544,28.093],[86.57,28.107],[86.597,28.087],[86.627,28.083],[86.662,28.107],[86.7,28.099],[86.732,28.077],[86.732,28.035],[86.77,28.012],[86.84,28.015],[86.868,27.995],[86.893,27.954],[86.94,27.943],[86.989,27.952],[87.031,27.938],[87.117,27.845],[87.156,27.826],[87.233,27.83],[87.291,27.816],[87.336,27.846],[87.385,27.849],[87.369,27.819],[87.387,27.804],[87.532,27.837],[87.565,27.811],[87.59,27.805],[87.636,27.824],[87.7,27.806],[87.756,27.82],[87.78,27.839],[87.826,27.907],[87.856,27.899],[87.935,27.895],[87.966,27.883],[88.03,27.893],[88.096,27.865],[88.105,27.88],[88.1,27.928],[88.127,27.95],[88.163,27.947],[88.198,27.958],[88.379,27.983],[88.456,28.032],[88.502,28.029],[88.553,28.078],[88.594,28.107],[88.61,28.106],[88.652,28.069],[88.736,28.055],[88.78,28.028],[88.818,27.995],[88.811,27.928],[88.852,27.877],[88.854,27.844],[88.806,27.655],[88.741,27.546],[88.758,27.511],[88.754,27.464],[88.774,27.409],[88.831,27.367],[88.852,27.342],[88.892,27.316],[88.915,27.331],[88.951,27.328],[88.972,27.312],[88.997,27.331],[88.981,27.355],[88.951,27.433],[88.966,27.478],[88.983,27.493],[88.973,27.518],[89.033,27.579],[89.051,27.608],[89.092,27.626],[89.127,27.627],[89.198,27.731],[89.225,27.808],[89.299,27.844],[89.336,27.869],[89.37,27.909],[89.445,28.031],[89.475,28.061],[89.515,28.082],[89.561,28.135],[89.598,28.15],[89.718,28.169],[89.756,28.184],[89.781,28.229],[89.83,28.259],[89.863,28.296],[89.916,28.316],[89.953,28.308],[90.071,28.345],[90.176,28.325],[90.226,28.358],[90.262,28.335],[90.262,28.299],[90.291,28.261],[90.33,28.256],[90.354,28.299],[90.387,28.299],[90.417,28.283],[90.456,28.283],[90.505,28.25],[90.548,28.246],[90.588,28.233],[90.598,28.2],[90.568,28.191],[90.548,28.158],[90.515,28.154],[90.486,28.125],[90.475,28.072],[90.51,28.074],[90.575,28.066],[90.622,28.073],[90.651,28.087],[90.684,28.087],[90.727,28.062],[90.789,28.047],[90.851,28.044],[90.91,28.033],[90.975,27.982],[91.009,27.967],[91.052,27.963],[91.093,27.972],[91.176,28.057],[91.221,28.075],[91.27,28.073],[91.29,28.091],[91.31,28.056],[91.341,28.031],[91.419,27.995],[91.497,27.984],[91.537,27.969],[91.622,27.951],[91.653,27.917],[91.628,27.853],[91.68,27.85],[91.73,27.804],[91.827,27.808],[91.856,27.765],[91.865,27.73],[91.952,27.725],[91.989,27.769],[92.065,27.762],[92.106,27.786],[92.126,27.813],[92.24,27.865],[92.275,27.812],[92.304,27.786],[92.329,27.833],[92.35,27.803],[92.368,27.804],[92.381,27.842],[92.404,27.854],[92.417,27.829],[92.439,27.823],[92.475,27.847],[92.518,27.839],[92.575,27.848],[92.593,27.868],[92.636,27.895],[92.684,27.91],[92.736,27.986],[92.689,28.048],[92.639,28.057],[92.655,28.106],[92.708,28.155],[92.779,28.196],[92.79,28.179],[92.85,28.192],[92.904,28.25],[92.975,28.282],[93.13,28.326],[93.208,28.341],[93.218,28.395],[93.186,28.432],[93.287,28.521],[93.317,28.603],[93.446,28.672],[93.552,28.679],[93.626,28.672],[93.665,28.69],[93.722,28.697],[93.782,28.681],[93.863,28.705],[93.928,28.683],[93.961,28.73],[93.993,28.802],[93.992,28.845],[94.027,28.864],[94.135,28.898],[94.174,28.93],[94.25,28.933],[94.291,28.977],[94.347,29.024],[94.271,29.098],[94.288,29.148],[94.324,29.146],[94.346,29.159],[94.373,29.196],[94.396,29.207],[94.475,29.211],[94.529,29.231],[94.583,29.303],[94.63,29.319],[94.704,29.285],[94.768,29.214],[94.761,29.175],[94.777,29.167],[94.854,29.17],[94.891,29.16],[94.989,29.154],[95.048,29.141],[95.117,29.108],[95.192,29.097],[95.225,29.059],[95.367,29.036],[95.43,29.047],[95.488,29.069],[95.523,29.161],[95.515,29.209],[95.55,29.212],[95.554,29.239],[95.592,29.25],[95.647,29.228],[95.717,29.218],[95.747,29.274],[95.745,29.34],[95.796,29.353],[95.863,29.324],[95.954,29.359],[96.075,29.369],[96.142,29.368],[96.166,29.303],[96.205,29.257],[96.235,29.241],[96.268,29.242],[96.337,29.28],[96.367,29.244],[96.316,29.172],[96.21,29.146],[96.175,29.109],[96.176,29.017],[96.195,28.941],[96.249,28.945],[96.295,28.992],[96.367,29.037],[96.458,28.995],[96.46,28.963],[96.492,28.948],[96.511,28.886],[96.577,28.809],[96.593,28.758],[96.598,28.71],[96.501,28.688],[96.502,28.644],[96.409,28.559],[96.336,28.48],[96.302,28.421],[96.37,28.378],[96.441,28.395],[96.562,28.447],[96.717,28.437],[96.934,28.337],[96.997,28.337],[97.078,28.375],[97.116,28.367],[97.183,28.315],[97.211,28.308],[97.23,28.275],[97.285,28.236],[97.323,28.217],[97.334,28.235],[97.37,28.253],[97.384,28.285],[97.437,28.286],[97.452,28.318],[97.445,28.383],[97.488,28.442],[97.528,28.53],[97.568,28.525],[97.59,28.495],[97.614,28.482],[97.67,28.511],[97.7,28.488],[97.74,28.383],[97.765,28.352],[97.797,28.344],[97.859,28.37],[97.898,28.355],[97.945,28.299],[97.993,28.269],[97.991,28.214],[98.049,28.2],[98.115,28.144],[98.23,28.203],[98.261,28.24],[98.283,28.315],[98.3,28.355],[98.326,28.344],[98.41,28.251],[98.448,28.232],[98.49,28.248],[98.576,28.318],[98.614,28.368],[98.64,28.424],[98.644,28.459],[98.636,28.5],[98.594,28.583],[98.585,28.627],[98.589,28.67],[98.619,28.704],[98.672,28.736],[98.678,28.757],[98.653,28.826],[98.655,28.855],[98.639,28.879],[98.635,28.941],[98.665,28.974],[98.785,29],[98.82,28.886],[98.851,28.82],[98.873,28.812],[98.912,28.822],[98.946,28.842],[98.951,28.859],[98.909,28.912],[98.908,28.936],[98.932,28.986],[98.993,29.022],[99.008,29.044],[99.006,29.073],[98.972,29.159],[98.99,29.202],[99.109,29.224],[99.09,29.267],[99.063,29.308],[99.063,29.348],[99.049,29.388],[99.059,29.418],[99.042,29.528],[99.042,29.562],[98.987,29.651],[99.001,29.757],[99.005,29.82],[99.018,29.853],[99.056,29.915],[99.037,29.976],[99.034,30.055],[98.987,30.144],[98.961,30.46],[98.933,30.491],[98.932,30.58],[98.905,30.664],[98.918,30.695],[98.953,30.708],[98.954,30.748],[98.899,30.779],[98.833,30.844],[98.788,30.881],[98.775,30.902],[98.798,30.941],[98.803,30.991],[98.765,31.015],[98.721,31.066],[98.693,31.125],[98.652,31.155],[98.604,31.17],[98.62,31.188],[98.611,31.256],[98.638,31.309],[98.683,31.316],[98.732,31.278],[98.768,31.23],[98.803,31.258],[98.831,31.298],[98.885,31.354],[98.841,31.397],[98.592,31.599],[98.569,31.632],[98.559,31.677],[98.542,31.69],[98.502,31.75],[98.469,31.767],[98.445,31.804],[98.421,31.878],[98.445,31.908],[98.457,31.961],[98.453,31.984],[98.394,32.04],[98.375,32.08],[98.31,32.129],[98.272,32.191],[98.22,32.252],[98.214,32.273],[98.213,32.338],[98.206,32.356],[98.144,32.382],[98.123,32.4],[98.081,32.405],[98.014,32.465],[97.887,32.498],[97.856,32.519],[97.818,32.513],[97.716,32.544],[97.696,32.501],[97.661,32.48],[97.653,32.455],[97.631,32.444],[97.562,32.484],[97.501,32.485],[97.401,32.503],[97.361,32.5],[97.354,32.467],[97.326,32.424],[97.336,32.405],[97.393,32.385],[97.394,32.354],[97.375,32.317],[97.388,32.29],[97.36,32.26],[97.292,32.265],[97.277,32.252],[97.254,32.204],[97.247,32.136],[97.275,32.121],[97.255,32.076],[97.225,32.063],[97.184,32.065],[97.175,32.034],[97.124,32.009],[97.018,32.023],[96.982,32.017],[96.915,31.99],[96.872,31.994],[96.804,31.973],[96.754,31.974],[96.744,31.942],[96.786,31.91],[96.785,31.88],[96.753,31.839],[96.76,31.799],[96.791,31.756],[96.795,31.715],[96.764,31.681],[96.737,31.68],[96.664,31.721],[96.56,31.737],[96.483,31.753],[96.435,31.776],[96.383,31.818],[96.332,31.891],[96.278,31.909],[96.222,31.893],[96.183,31.871],[96.145,31.819],[96.148,31.78],[96.213,31.735],[96.232,31.682],[96.215,31.607],[96.236,31.578],[96.229,31.558],[96.193,31.535],[96.167,31.548],[96.125,31.622],[96.117,31.674],[96.094,31.701],[96.027,31.715],[95.952,31.705],[95.899,31.706],[95.849,31.714],[95.799,31.697],[95.774,31.698],[95.725,31.746],[95.645,31.76],[95.593,31.762],[95.497,31.742],[95.407,31.811],[95.394,31.84],[95.39,31.888],[95.354,31.954],[95.373,31.999],[95.413,32.008],[95.407,32.044],[95.425,32.095],[95.405,32.151],[95.382,32.17],[95.318,32.184],[95.278,32.235],[95.259,32.244],[95.117,32.247],[95.062,32.261],[94.951,32.337],[94.939,32.428],[94.915,32.463],[94.852,32.5],[94.755,32.535],[94.722,32.593],[94.658,32.632],[94.628,32.666],[94.582,32.672],[94.504,32.625],[94.451,32.611],[94.411,32.591],[94.38,32.614],[94.357,32.614],[94.345,32.565],[94.317,32.541],[94.208,32.529],[94.178,32.522],[94.147,32.495],[94.111,32.478],[94.005,32.481],[93.931,32.51],[93.877,32.495],[93.835,32.511],[93.802,32.555],[93.734,32.572],[93.645,32.574],[93.597,32.565],[93.51,32.516],[93.475,32.519],[93.443,32.563],[93.382,32.566],[93.345,32.578],[93.305,32.61],[93.219,32.66],[93.16,32.669],[93.082,32.665],[93.054,32.652],[93.031,32.664],[93.006,32.735],[92.986,32.744],[92.907,32.727],[92.85,32.729],[92.727,32.761],[92.65,32.74],[92.527,32.753],[92.466,32.769],[92.419,32.756],[92.36,32.768],[92.335,32.752],[92.29,32.761],[92.266,32.747],[92.221,32.745],[92.203,32.762],[92.188,32.815],[92.204,32.858],[92.196,32.869],[92.119,32.887],[92.086,32.886],[92.031,32.854],[91.977,32.849],[91.924,32.872],[91.855,32.923],[91.813,32.968],[91.794,32.976],[91.72,32.983],[91.631,33.037],[91.543,33.08],[91.475,33.141],[91.376,33.271],[91.373,33.297],[91.4,33.317],[91.362,33.337],[91.189,33.337],[91.149,33.306],[91.142,33.267],[91.128,33.254],[91.037,33.235],[90.95,33.239],[90.895,33.202],[90.857,33.166],[90.804,33.141],[90.742,33.141],[90.66,33.156],[90.583,33.189],[90.469,33.252],[90.436,33.282],[90.323,33.289],[90.289,33.305],[90.243,33.348],[90.206,33.402],[90.192,33.454],[90.203,33.5],[90.141,33.578],[90.097,33.597],[90.037,33.605],[89.975,33.631],[89.961,33.689],[89.943,33.729],[89.9,33.748],[89.892,33.802],[89.877,33.823],[89.801,33.88],[89.742,33.91],[89.681,33.983],[89.64,34.058],[89.637,34.093],[89.67,34.14],[89.739,34.154],[89.787,34.199],[89.819,34.317],[89.839,34.347],[89.84,34.383],[89.796,34.408],[89.797,34.506],[89.791,34.554],[89.762,34.663],[89.732,34.689],[89.716,34.725],[89.724,34.74],[89.788,34.787],[89.812,34.812],[89.825,34.846],[89.808,34.906],[89.788,34.926],[89.725,34.938],[89.645,34.934],[89.584,34.941],[89.561,34.979],[89.573,35.044],[89.572,35.073],[89.54,35.116],[89.493,35.162],[89.455,35.213],[89.459,35.238],[89.485,35.281],[89.484,35.342],[89.512,35.36],[89.619,35.387],[89.73,35.444],[89.737,35.479],[89.69,35.509],[89.717,35.551],[89.722,35.58],[89.715,35.642],[89.772,35.735],[89.789,35.776],[89.789,35.827],[89.745,35.838],[89.676,35.831],[89.581,35.84],[89.512,35.864],[89.485,35.88],[89.459,35.917],[89.435,35.988],[89.467,36.027],[89.515,36.053],[89.593,36.073],[89.678,36.082],[89.224,36.264],[89.111,36.262],[88.993,36.274],[88.958,36.287],[88.883,36.35],[88.828,36.374],[88.712,36.368],[88.522,36.414],[88.459,36.449],[88.398,36.455],[88.277,36.449],[88.149,36.428],[88.078,36.424],[88,36.428],[87.925,36.383],[87.852,36.363],[87.766,36.36],[87.571,36.334],[87.501,36.337],[87.394,36.37],[87.346,36.374],[87.194,36.304],[87.063,36.292],[87.001,36.274],[86.82,36.265],[86.787,36.26],[86.714,36.231],[86.661,36.22],[86.59,36.217],[86.496,36.225],[86.459,36.219],[86.4,36.17],[86.272,36.146],[86.212,36.116],[86.179,36.02],[86.133,35.985],[86.111,35.916],[86.087,35.876],[86.028,35.826],[85.993,35.785],[85.93,35.762],[85.768,35.773],[85.717,35.759],[85.62,35.675],[85.562,35.657],[85.524,35.716],[85.452,35.749],[85.389,35.757],[85.26,35.73],[85.224,35.745],[85.15,35.75],[84.924,35.689],[84.847,35.634],[84.778,35.6],[84.586,35.567],[84.563,35.559],[84.215,35.389],[84.174,35.377],[84.133,35.378],[84.051,35.412],[83.984,35.416],[83.871,35.375],[83.615,35.359],[83.565,35.361],[83.499,35.385],[83.453,35.394],[83.353,35.394],[83.246,35.421],[83.21,35.423],[83.157,35.407],[83.099,35.413],[83.042,35.455],[82.972,35.49],[82.968,35.516],[82.978,35.601],[82.969,35.642],[82.936,35.674],[82.885,35.689],[82.825,35.692],[82.785,35.685],[82.71,35.65],[82.672,35.651],[82.458,35.688],[82.428,35.69],[82.338,35.65],[82.319,35.634],[82.313,35.583],[82.289,35.545],[82.222,35.506],[82.086,35.448],[82.056,35.419],[82.044,35.368],[82.002,35.319],[81.924,35.292],[81.711,35.246],[81.604,35.237],[81.545,35.252],[81.462,35.31],[81.417,35.326],[81.357,35.332],[81.26,35.314],[81.21,35.317],[81.131,35.354],[81.091,35.384],[81.061,35.389],[81.034,35.355],[81.037,35.311],[81.019,35.296],[80.979,35.293],[80.893,35.337],[80.858,35.347],[80.766,35.343],[80.656,35.384],[80.541,35.391],[80.486,35.404],[80.388,35.458],[80.319,35.509],[80.274,35.528],[80.26,35.514],[80.263,35.436],[80.176,35.253],[80.151,35.219],[80.097,35.179],[80.037,35.12],[80.014,35.086],[80.047,35.018],[80.038,34.99],[80.001,34.968],[79.926,34.955],[79.884,34.92],[79.881,34.894],[79.903,34.856],[79.917,34.798],[79.953,34.758],[79.963,34.721],[79.956,34.685],[79.914,34.626],[79.863,34.521],[79.794,34.431],[79.757,34.411],[79.717,34.413],[79.654,34.442],[79.603,34.459],[79.513,34.472],[79.434,34.462],[79.381,34.439],[79.338,34.431],[79.24,34.441],[79.204,34.439],[79.038,34.385],[78.985,34.35],[78.957,34.34]]]}},{"type":"Feature","properties":{"id":"cn-yn"},"geometry":{"type":"Polygon","coordinates":[[[98.115,28.144],[98.127,28.124],[98.123,28.015],[98.107,27.973],[98.149,27.945],[98.177,27.913],[98.177,27.898],[98.14,27.879],[98.162,27.843],[98.197,27.823],[98.198,27.781],[98.212,27.76],[98.204,27.727],[98.254,27.648],[98.276,27.57],[98.295,27.537],[98.329,27.523],[98.364,27.532],[98.383,27.556],[98.398,27.62],[98.4,27.676],[98.422,27.681],[98.492,27.643],[98.522,27.656],[98.543,27.643],[98.564,27.604],[98.605,27.593],[98.647,27.612],[98.679,27.577],[98.668,27.475],[98.674,27.387],[98.697,27.369],[98.708,27.337],[98.704,27.304],[98.68,27.237],[98.673,27.176],[98.691,27.092],[98.731,27.069],[98.738,27.049],[98.713,26.995],[98.736,26.907],[98.715,26.862],[98.742,26.81],[98.749,26.771],[98.732,26.714],[98.746,26.681],[98.756,26.625],[98.728,26.573],[98.721,26.539],[98.717,26.409],[98.698,26.354],[98.658,26.312],[98.642,26.255],[98.677,26.239],[98.706,26.175],[98.687,26.154],[98.681,26.125],[98.644,26.098],[98.624,26.108],[98.626,26.144],[98.563,26.131],[98.546,26.106],[98.573,26.036],[98.582,25.982],[98.616,25.979],[98.692,25.879],[98.678,25.843],[98.61,25.801],[98.562,25.816],[98.54,25.834],[98.509,25.838],[98.461,25.795],[98.439,25.744],[98.419,25.724],[98.413,25.692],[98.375,25.649],[98.357,25.593],[98.333,25.567],[98.277,25.552],[98.232,25.587],[98.15,25.613],[98.138,25.599],[98.134,25.535],[98.099,25.493],[98.112,25.448],[98.108,25.389],[98.076,25.376],[98.045,25.312],[97.976,25.272],[97.931,25.219],[97.889,25.206],[97.86,25.244],[97.824,25.262],[97.801,25.238],[97.777,25.159],[97.738,25.091],[97.704,25.074],[97.703,24.96],[97.724,24.897],[97.773,24.855],[97.748,24.826],[97.686,24.834],[97.664,24.83],[97.604,24.786],[97.536,24.745],[97.533,24.723],[97.539,24.597],[97.514,24.462],[97.52,24.431],[97.601,24.442],[97.64,24.439],[97.663,24.39],[97.688,24.368],[97.69,24.346],[97.638,24.328],[97.645,24.302],[97.718,24.278],[97.724,24.242],[97.705,24.222],[97.705,24.199],[97.723,24.171],[97.708,24.125],[97.516,23.943],[97.533,23.924],[97.573,23.908],[97.637,23.864],[97.697,23.887],[97.768,23.946],[97.818,23.958],[97.89,24.023],[98.105,24.102],[98.182,24.119],[98.219,24.117],[98.293,24.1],[98.331,24.099],[98.396,24.128],[98.475,24.128],[98.503,24.121],[98.543,24.094],[98.585,24.076],[98.64,24.101],[98.682,24.107],[98.716,24.121],[98.818,24.129],[98.867,24.143],[98.873,24.114],[98.856,24.084],[98.766,24.027],[98.717,23.988],[98.663,23.97],[98.675,23.937],[98.664,23.89],[98.671,23.817],[98.664,23.797],[98.778,23.769],[98.799,23.743],[98.8,23.693],[98.857,23.604],[98.843,23.584],[98.796,23.558],[98.781,23.533],[98.8,23.481],[98.849,23.48],[98.876,23.446],[98.89,23.407],[98.89,23.368],[98.86,23.322],[98.897,23.323],[98.911,23.298],[98.86,23.212],[98.859,23.179],[98.933,23.172],[98.971,23.162],[99.026,23.16],[99.039,23.127],[99.075,23.102],[99.13,23.106],[99.199,23.092],[99.217,23.057],[99.285,23.088],[99.314,23.126],[99.351,23.119],[99.381,23.082],[99.403,23.068],[99.478,23.066],[99.493,23.057],[99.49,23.012],[99.535,22.949],[99.538,22.926],[99.515,22.909],[99.485,22.91],[99.43,22.937],[99.411,22.919],[99.414,22.857],[99.379,22.813],[99.359,22.775],[99.308,22.745],[99.308,22.72],[99.355,22.609],[99.357,22.587],[99.344,22.533],[99.358,22.495],[99.345,22.473],[99.283,22.412],[99.243,22.393],[99.244,22.341],[99.218,22.31],[99.199,22.245],[99.166,22.205],[99.175,22.169],[99.144,22.154],[99.166,22.132],[99.253,22.103],[99.33,22.096],[99.365,22.099],[99.439,22.124],[99.49,22.104],[99.539,22.107],[99.634,22.085],[99.664,22.049],[99.684,22.039],[99.704,22.061],[99.739,22.067],[99.8,22.037],[99.821,22.018],[99.842,22.027],[99.848,22.055],[99.867,22.058],[99.942,22.046],[99.934,22.019],[99.966,21.963],[99.955,21.925],[99.92,21.852],[99.922,21.812],[99.939,21.777],[99.95,21.721],[99.961,21.705],[99.997,21.686],[100.082,21.684],[100.121,21.674],[100.146,21.649],[100.116,21.629],[100.086,21.568],[100.09,21.529],[100.108,21.496],[100.128,21.482],[100.162,21.436],[100.187,21.428],[100.244,21.465],[100.275,21.475],[100.327,21.524],[100.384,21.528],[100.429,21.495],[100.457,21.455],[100.497,21.462],[100.546,21.453],[100.622,21.469],[100.704,21.516],[100.757,21.57],[100.797,21.626],[100.835,21.658],[100.877,21.677],[100.993,21.711],[101.069,21.762],[101.119,21.76],[101.128,21.695],[101.149,21.677],[101.174,21.612],[101.158,21.586],[101.159,21.553],[101.187,21.535],[101.188,21.506],[101.168,21.425],[101.171,21.403],[101.235,21.364],[101.207,21.315],[101.22,21.296],[101.209,21.246],[101.244,21.193],[101.275,21.174],[101.314,21.185],[101.381,21.222],[101.495,21.243],[101.539,21.239],[101.584,21.224],[101.577,21.185],[101.597,21.173],[101.636,21.189],[101.67,21.177],[101.688,21.146],[101.718,21.134],[101.756,21.143],[101.77,21.17],[101.774,21.207],[101.805,21.204],[101.824,21.234],[101.789,21.274],[101.723,21.304],[101.716,21.338],[101.726,21.375],[101.73,21.474],[101.748,21.515],[101.735,21.554],[101.751,21.58],[101.794,21.588],[101.804,21.626],[101.756,21.649],[101.749,21.698],[101.729,21.718],[101.732,21.751],[101.752,21.806],[101.686,21.899],[101.674,21.931],[101.638,21.941],[101.607,21.968],[101.592,22.028],[101.555,22.09],[101.567,22.149],[101.562,22.176],[101.518,22.228],[101.516,22.245],[101.541,22.271],[101.588,22.271],[101.606,22.285],[101.624,22.347],[101.644,22.365],[101.645,22.424],[101.655,22.446],[101.713,22.492],[101.755,22.496],[101.785,22.472],[101.818,22.406],[101.843,22.383],[101.868,22.379],[101.892,22.43],[102.015,22.446],[102.095,22.423],[102.107,22.398],[102.165,22.426],[102.218,22.411],[102.231,22.426],[102.253,22.495],[102.377,22.616],[102.384,22.629],[102.356,22.659],[102.363,22.677],[102.395,22.681],[102.415,22.71],[102.426,22.745],[102.443,22.765],[102.468,22.769],[102.516,22.745],[102.536,22.696],[102.558,22.695],[102.587,22.716],[102.612,22.692],[102.693,22.671],[102.752,22.625],[102.813,22.609],[102.845,22.585],[102.894,22.487],[102.92,22.469],[102.957,22.46],[102.989,22.438],[103.029,22.43],[103.045,22.441],[103.044,22.486],[103.091,22.505],[103.142,22.538],[103.13,22.578],[103.142,22.607],[103.168,22.626],[103.228,22.656],[103.252,22.679],[103.27,22.723],[103.31,22.788],[103.344,22.783],[103.402,22.738],[103.404,22.689],[103.448,22.618],[103.473,22.592],[103.514,22.587],[103.551,22.641],[103.545,22.691],[103.59,22.768],[103.647,22.799],[103.659,22.793],[103.726,22.716],[103.794,22.659],[103.83,22.609],[103.867,22.575],[103.895,22.569],[103.917,22.533],[103.96,22.507],[103.985,22.527],[103.986,22.57],[104.007,22.63],[104.014,22.691],[104.024,22.719],[104.073,22.783],[104.213,22.825],[104.241,22.824],[104.229,22.783],[104.237,22.742],[104.249,22.728],[104.34,22.686],[104.355,22.689],[104.449,22.745],[104.533,22.814],[104.554,22.836],[104.579,22.809],[104.61,22.823],[104.663,22.811],[104.701,22.818],[104.728,22.839],[104.774,22.896],[104.824,22.924],[104.827,22.954],[104.798,23.086],[104.836,23.1],[104.861,23.12],[104.87,23.164],[104.895,23.17],[104.921,23.156],[104.945,23.16],[104.981,23.19],[105.061,23.232],[105.142,23.254],[105.156,23.267],[105.19,23.252],[105.218,23.265],[105.236,23.32],[105.28,23.359],[105.312,23.366],[105.332,23.318],[105.39,23.275],[105.431,23.268],[105.474,23.195],[105.521,23.163],[105.532,23.206],[105.619,23.285],[105.629,23.347],[105.67,23.345],[105.702,23.359],[105.692,23.39],[105.746,23.414],[105.774,23.45],[105.821,23.483],[105.848,23.519],[105.885,23.517],[105.959,23.475],[105.983,23.469],[106.056,23.483],[106.084,23.512],[106.128,23.541],[106.138,23.622],[106.136,23.674],[106.152,23.75],[106.134,23.797],[106.15,23.826],[106.187,23.833],[106.194,23.869],[106.145,23.935],[106.157,23.974],[106.015,24.059],[106.006,24.073],[106.021,24.111],[106.001,24.113],[105.971,24.088],[105.911,24.082],[105.886,24.063],[105.872,24.025],[105.788,24.021],[105.735,24.047],[105.685,24.055],[105.641,24.082],[105.636,24.109],[105.608,24.14],[105.532,24.126],[105.52,24.116],[105.494,24.05],[105.447,24.038],[105.351,24.093],[105.32,24.118],[105.286,24.124],[105.296,24.089],[105.283,24.074],[105.253,24.086],[105.191,24.126],[105.17,24.167],[105.179,24.2],[105.174,24.227],[105.176,24.31],[105.167,24.328],[105.121,24.369],[105.113,24.41],[105.093,24.427],[105.061,24.431],[104.983,24.424],[104.961,24.416],[104.909,24.43],[104.859,24.454],[104.753,24.468],[104.699,24.449],[104.696,24.403],[104.729,24.364],[104.725,24.338],[104.706,24.328],[104.667,24.34],[104.599,24.403],[104.569,24.443],[104.562,24.473],[104.502,24.578],[104.485,24.636],[104.483,24.666],[104.495,24.698],[104.54,24.742],[104.546,24.813],[104.6,24.89],[104.627,24.914],[104.658,24.958],[104.701,24.999],[104.707,25.017],[104.689,25.074],[104.689,25.101],[104.714,25.149],[104.72,25.211],[104.768,25.22],[104.789,25.244],[104.778,25.262],[104.714,25.273],[104.669,25.297],[104.612,25.356],[104.566,25.381],[104.554,25.485],[104.535,25.508],[104.468,25.491],[104.433,25.507],[104.432,25.557],[104.422,25.579],[104.35,25.614],[104.321,25.636],[104.306,25.665],[104.308,25.71],[104.3,25.761],[104.318,25.766],[104.367,25.75],[104.388,25.772],[104.421,25.857],[104.416,25.909],[104.393,25.948],[104.463,25.982],[104.499,26.031],[104.505,26.077],[104.517,26.108],[104.505,26.147],[104.535,26.198],[104.545,26.27],[104.561,26.291],[104.645,26.347],[104.676,26.379],[104.655,26.431],[104.639,26.451],[104.627,26.498],[104.582,26.539],[104.559,26.585],[104.532,26.594],[104.496,26.588],[104.466,26.613],[104.46,26.663],[104.43,26.713],[104.393,26.714],[104.386,26.686],[104.359,26.648],[104.318,26.629],[104.218,26.627],[104.153,26.651],[104.124,26.644],[104.08,26.6],[104.045,26.528],[104.02,26.514],[103.916,26.518],[103.883,26.524],[103.829,26.547],[103.787,26.577],[103.758,26.629],[103.763,26.694],[103.775,26.732],[103.737,26.736],[103.717,26.799],[103.716,26.826],[103.73,26.857],[103.778,26.88],[103.771,26.912],[103.778,26.956],[103.749,27.005],[103.701,27.052],[103.637,27.018],[103.607,27.05],[103.596,27.076],[103.623,27.105],[103.695,27.152],[103.859,27.315],[103.895,27.374],[103.911,27.39],[103.981,27.4],[104.047,27.346],[104.124,27.31],[104.174,27.272],[104.203,27.276],[104.238,27.295],[104.25,27.318],[104.247,27.35],[104.264,27.371],[104.314,27.407],[104.344,27.441],[104.374,27.437],[104.402,27.393],[104.444,27.347],[104.51,27.319],[104.594,27.314],[104.69,27.329],[104.73,27.32],[104.783,27.332],[104.83,27.312],[104.871,27.31],[104.928,27.342],[104.991,27.362],[105.022,27.39],[105.083,27.413],[105.125,27.409],[105.166,27.395],[105.197,27.399],[105.198,27.422],[105.219,27.451],[105.223,27.5],[105.246,27.543],[105.246,27.583],[105.267,27.613],[105.284,27.66],[105.297,27.722],[105.27,27.759],[105.277,27.787],[105.228,27.856],[105.231,27.872],[105.269,27.918],[105.282,28.001],[105.255,28.007],[105.203,28.002],[105.172,28.062],[105.056,28.088],[105.017,28.085],[104.966,28.048],[104.952,28],[104.958,27.957],[104.941,27.932],[104.897,27.901],[104.786,27.874],[104.702,27.883],[104.655,27.856],[104.605,27.846],[104.482,27.891],[104.375,27.962],[104.328,28.023],[104.334,28.047],[104.428,28.075],[104.445,28.1],[104.437,28.129],[104.405,28.198],[104.423,28.22],[104.417,28.239],[104.377,28.282],[104.294,28.31],[104.268,28.334],[104.258,28.414],[104.262,28.445],[104.25,28.531],[104.262,28.545],[104.335,28.57],[104.372,28.565],[104.401,28.59],[104.44,28.605],[104.443,28.625],[104.414,28.64],[104.353,28.646],[104.333,28.634],[104.293,28.632],[104.251,28.662],[104.233,28.64],[104.14,28.633],[104.092,28.613],[104.057,28.63],[103.993,28.616],[103.953,28.615],[103.909,28.634],[103.878,28.631],[103.851,28.668],[103.832,28.621],[103.837,28.605],[103.795,28.531],[103.822,28.485],[103.86,28.401],[103.88,28.326],[103.789,28.256],[103.749,28.243],[103.709,28.216],[103.666,28.263],[103.644,28.27],[103.613,28.25],[103.572,28.243],[103.538,28.185],[103.459,28.135],[103.457,28.105],[103.435,28.068],[103.441,28.042],[103.489,28.038],[103.514,27.971],[103.537,27.961],[103.511,27.93],[103.509,27.865],[103.459,27.793],[103.452,27.76],[103.415,27.743],[103.327,27.674],[103.286,27.634],[103.305,27.605],[103.285,27.581],[103.218,27.567],[103.16,27.497],[103.147,27.434],[103.121,27.412],[103.038,27.403],[103.013,27.386],[102.977,27.389],[102.955,27.421],[102.889,27.291],[102.89,27.257],[102.904,27.222],[102.916,27.134],[102.914,27.112],[102.885,27.066],[102.878,27.032],[102.9,27.003],[102.893,26.961],[102.901,26.925],[102.975,26.831],[102.993,26.766],[103.004,26.751],[103.012,26.704],[103.031,26.644],[103.031,26.602],[103.058,26.557],[103.058,26.536],[103.034,26.502],[102.996,26.485],[103.003,26.461],[102.99,26.441],[103.003,26.4],[102.988,26.365],[102.951,26.345],[102.909,26.349],[102.878,26.365],[102.846,26.327],[102.791,26.31],[102.767,26.293],[102.72,26.238],[102.699,26.224],[102.668,26.226],[102.61,26.26],[102.626,26.345],[102.603,26.366],[102.568,26.379],[102.503,26.338],[102.465,26.323],[102.401,26.312],[102.358,26.263],[102.315,26.243],[102.252,26.229],[102.222,26.187],[102.146,26.132],[102.113,26.084],[102.096,26.083],[101.922,26.099],[101.883,26.055],[101.85,26.035],[101.835,26.055],[101.797,26.072],[101.776,26.107],[101.777,26.148],[101.764,26.176],[101.723,26.195],[101.677,26.228],[101.654,26.233],[101.626,26.209],[101.595,26.209],[101.573,26.244],[101.58,26.307],[101.644,26.349],[101.638,26.373],[101.616,26.388],[101.59,26.442],[101.544,26.495],[101.508,26.518],[101.451,26.531],[101.412,26.57],[101.42,26.594],[101.445,26.615],[101.495,26.706],[101.503,26.766],[101.481,26.787],[101.45,26.774],[101.437,26.741],[101.409,26.729],[101.387,26.745],[101.371,26.775],[101.363,26.837],[101.342,26.871],[101.161,27.017],[101.141,27.045],[101.154,27.116],[101.171,27.152],[101.173,27.191],[101.147,27.203],[101.081,27.201],[101.037,27.178],[101.004,27.198],[100.997,27.243],[100.992,27.331],[100.978,27.374],[100.941,27.435],[100.914,27.46],[100.88,27.475],[100.867,27.495],[100.872,27.562],[100.661,27.875],[100.625,27.897],[100.601,27.881],[100.572,27.836],[100.533,27.816],[100.464,27.847],[100.432,27.846],[100.41,27.829],[100.349,27.747],[100.321,27.733],[100.297,27.761],[100.303,27.78],[100.296,27.853],[100.278,27.871],[100.202,27.899],[100.16,27.964],[100.095,28.019],[100.059,28.066],[100.052,28.105],[100.029,28.145],[100.028,28.169],[100.047,28.187],[100.118,28.208],[100.162,28.236],[100.168,28.26],[100.149,28.278],[100.143,28.342],[100.068,28.384],[100.001,28.456],[99.98,28.488],[99.96,28.539],[99.934,28.569],[99.869,28.588],[99.846,28.604],[99.828,28.673],[99.762,28.712],[99.732,28.745],[99.723,28.774],[99.724,28.819],[99.705,28.845],[99.629,28.815],[99.608,28.794],[99.599,28.757],[99.579,28.727],[99.534,28.681],[99.522,28.61],[99.503,28.579],[99.468,28.572],[99.393,28.543],[99.371,28.501],[99.396,28.467],[99.385,28.384],[99.389,28.334],[99.416,28.255],[99.402,28.189],[99.382,28.185],[99.34,28.224],[99.315,28.233],[99.275,28.277],[99.274,28.307],[99.227,28.339],[99.163,28.438],[99.178,28.482],[99.179,28.524],[99.166,28.555],[99.169,28.602],[99.154,28.641],[99.135,28.655],[99.118,28.709],[99.125,28.75],[99.101,28.814],[99.099,28.856],[99.118,28.922],[99.121,28.965],[99.104,29.092],[99.109,29.224],[98.99,29.202],[98.972,29.159],[99.006,29.073],[99.008,29.044],[98.993,29.022],[98.932,28.986],[98.908,28.936],[98.909,28.912],[98.951,28.859],[98.946,28.842],[98.912,28.822],[98.873,28.812],[98.851,28.82],[98.82,28.886],[98.785,29],[98.665,28.974],[98.635,28.941],[98.639,28.879],[98.655,28.855],[98.653,28.826],[98.678,28.757],[98.672,28.736],[98.619,28.704],[98.589,28.67],[98.585,28.627],[98.594,28.583],[98.636,28.5],[98.644,28.459],[98.64,28.424],[98.614,28.368],[98.576,28.318],[98.49,28.248],[98.448,28.232],[98.41,28.251],[98.326,28.344],[98.3,28.355],[98.283,28.315],[98.261,28.24],[98.23,28.203],[98.115,28.144]]]}},{"type":"Feature","properties":{"id":"cn-zj"},"geometry":{"type":"MultiPolygon","coordinates":[[[[121.256,28.14],[121.269,28.194],[121.256,28.215],[121.231,28.22],[121.165,28.151],[121.125,28.14],[121.131,28.103],[121.155,28.071],[121.152,28.041],[121.186,28.044],[121.231,28.065],[121.238,28.093],[121.279,28.085],[121.285,28.102],[121.256,28.14]]],[[[122.239,30.313],[122.211,30.347],[122.153,30.323],[122.096,30.311],[122.074,30.291],[122.138,30.255],[122.202,30.242],[122.224,30.279],[122.204,30.291],[122.239,30.313]]],[[[122.399,30.456],[122.337,30.458],[122.277,30.48],[122.273,30.436],[122.285,30.422],[122.348,30.436],[122.423,30.415],[122.399,30.456]]],[[[121.275,30.691],[121.256,30.744],[121.226,30.774],[121.197,30.786],[121.134,30.796],[121.104,30.834],[121.068,30.839],[121.031,30.809],[120.981,30.832],[120.997,30.867],[120.981,30.888],[120.993,30.932],[120.982,30.961],[120.984,30.992],[120.969,31.009],[120.909,31.012],[120.878,30.994],[120.834,31.002],[120.781,30.997],[120.726,30.978],[120.692,30.977],[120.709,30.891],[120.635,30.858],[120.604,30.86],[120.578,30.846],[120.491,30.764],[120.447,30.89],[120.432,30.903],[120.403,30.889],[120.377,30.891],[120.362,30.939],[120.213,30.921],[120.129,30.943],[120.051,30.995],[120.026,31.022],[119.943,31.087],[119.932,31.15],[119.88,31.17],[119.789,31.16],[119.74,31.176],[119.653,31.159],[119.63,31.133],[119.621,31.049],[119.577,30.879],[119.575,30.847],[119.533,30.786],[119.501,30.769],[119.488,30.719],[119.443,30.639],[119.409,30.647],[119.384,30.685],[119.351,30.675],[119.324,30.632],[119.272,30.608],[119.268,30.58],[119.242,30.551],[119.249,30.529],[119.282,30.513],[119.321,30.518],[119.332,30.483],[119.358,30.441],[119.363,30.404],[119.392,30.368],[119.331,30.372],[119.28,30.346],[119.247,30.305],[119.211,30.314],[119.118,30.315],[119.058,30.312],[118.98,30.348],[118.935,30.352],[118.881,30.324],[118.879,30.288],[118.909,30.222],[118.853,30.159],[118.88,30.147],[118.869,30.109],[118.893,30.007],[118.894,29.983],[118.851,29.942],[118.82,29.88],[118.741,29.828],[118.726,29.803],[118.733,29.763],[118.724,29.73],[118.648,29.658],[118.595,29.648],[118.557,29.625],[118.497,29.561],[118.47,29.524],[118.421,29.494],[118.389,29.456],[118.373,29.453],[118.344,29.485],[118.313,29.487],[118.311,29.447],[118.283,29.435],[118.175,29.408],[118.183,29.381],[118.173,29.342],[118.132,29.298],[118.074,29.287],[118.052,29.275],[118.056,29.241],[118.047,29.21],[118.001,29.144],[118.01,29.113],[118.052,29.075],[118.064,29.051],[118.129,29.024],[118.229,28.955],[118.228,28.928],[118.258,28.923],[118.293,28.872],[118.303,28.836],[118.372,28.799],[118.394,28.726],[118.426,28.695],[118.416,28.604],[118.428,28.563],[118.458,28.517],[118.44,28.493],[118.465,28.471],[118.466,28.38],[118.476,28.332],[118.446,28.289],[118.499,28.262],[118.535,28.285],[118.592,28.299],[118.629,28.284],[118.678,28.292],[118.735,28.326],[118.763,28.27],[118.796,28.24],[118.797,28.213],[118.766,28.178],[118.784,28.13],[118.753,28.101],[118.746,28.011],[118.748,27.973],[118.778,27.938],[118.82,27.91],[118.83,27.885],[118.841,27.816],[118.862,27.766],[118.889,27.722],[118.882,27.673],[118.894,27.652],[118.923,27.55],[118.89,27.524],[118.885,27.501],[118.919,27.477],[118.948,27.472],[119.005,27.48],[119.087,27.46],[119.117,27.461],[119.133,27.434],[119.186,27.42],[119.243,27.418],[119.266,27.424],[119.289,27.453],[119.323,27.462],[119.347,27.492],[119.39,27.513],[119.412,27.502],[119.467,27.525],[119.478,27.566],[119.512,27.637],[119.551,27.675],[119.616,27.666],[119.625,27.647],[119.61,27.61],[119.648,27.586],[119.654,27.551],[119.687,27.511],[119.687,27.432],[119.693,27.411],[119.756,27.352],[119.77,27.316],[119.806,27.313],[119.835,27.325],[119.867,27.318],[119.931,27.325],[119.979,27.358],[120.038,27.34],[120.064,27.344],[120.114,27.383],[120.148,27.4],[120.212,27.414],[120.249,27.41],[120.306,27.377],[120.344,27.38],[120.388,27.329],[120.406,27.297],[120.419,27.206],[120.46,27.22],[120.468,27.182],[120.518,27.202],[120.526,27.239],[120.521,27.268],[120.544,27.286],[120.547,27.328],[120.505,27.339],[120.54,27.365],[120.546,27.403],[120.623,27.38],[120.649,27.4],[120.638,27.424],[120.646,27.444],[120.678,27.466],[120.677,27.495],[120.618,27.516],[120.597,27.57],[120.636,27.609],[120.666,27.625],[120.68,27.686],[120.672,27.711],[120.637,27.746],[120.653,27.753],[120.704,27.713],[120.741,27.733],[120.796,27.805],[120.807,27.835],[120.852,27.858],[120.868,27.883],[120.864,27.918],[120.835,27.956],[120.751,27.976],[120.707,28.01],[120.659,28.024],[120.662,28.045],[120.731,28.036],[120.781,28.002],[120.82,27.989],[120.88,27.999],[120.921,27.982],[120.965,27.987],[120.994,28.026],[121.009,28.103],[121.053,28.148],[121.086,28.167],[121.119,28.219],[121.13,28.266],[121.122,28.284],[121.144,28.344],[121.184,28.382],[121.214,28.361],[121.203,28.332],[121.237,28.306],[121.249,28.27],[121.225,28.239],[121.262,28.226],[121.288,28.181],[121.309,28.175],[121.33,28.148],[121.351,28.147],[121.377,28.184],[121.354,28.188],[121.365,28.226],[121.408,28.246],[121.419,28.27],[121.396,28.284],[121.409,28.305],[121.473,28.331],[121.541,28.322],[121.581,28.301],[121.578,28.26],[121.608,28.27],[121.656,28.339],[121.634,28.347],[121.632,28.379],[121.607,28.42],[121.584,28.443],[121.608,28.477],[121.585,28.489],[121.573,28.525],[121.538,28.571],[121.526,28.625],[121.51,28.657],[121.455,28.69],[121.414,28.697],[121.381,28.682],[121.365,28.696],[121.299,28.701],[121.299,28.723],[121.351,28.712],[121.503,28.7],[121.606,28.725],[121.615,28.756],[121.643,28.784],[121.636,28.798],[121.67,28.825],[121.642,28.846],[121.611,28.891],[121.581,28.887],[121.512,28.917],[121.498,28.95],[121.546,28.952],[121.571,28.93],[121.605,28.943],[121.684,28.915],[121.698,28.937],[121.685,28.968],[121.654,28.989],[121.682,29.027],[121.615,29.058],[121.621,29.113],[121.529,29.115],[121.497,29.104],[121.402,29.107],[121.456,29.141],[121.471,29.191],[121.505,29.209],[121.551,29.271],[121.589,29.291],[121.615,29.206],[121.632,29.211],[121.623,29.264],[121.625,29.301],[121.655,29.3],[121.642,29.268],[121.639,29.217],[121.652,29.183],[121.704,29.174],[121.746,29.202],[121.774,29.254],[121.778,29.296],[121.759,29.36],[121.788,29.343],[121.802,29.293],[121.785,29.168],[121.841,29.161],[121.94,29.21],[121.953,29.25],[121.991,29.257],[121.974,29.285],[121.94,29.264],[121.906,29.285],[121.916,29.349],[121.916,29.391],[121.936,29.428],[121.958,29.423],[121.971,29.449],[121.943,29.48],[121.944,29.498],[121.91,29.525],[121.95,29.538],[121.971,29.569],[121.966,29.602],[121.943,29.611],[121.916,29.641],[121.796,29.601],[121.748,29.563],[121.783,29.543],[121.814,29.552],[121.831,29.528],[121.812,29.49],[121.778,29.469],[121.757,29.499],[121.711,29.539],[121.643,29.495],[121.57,29.475],[121.549,29.439],[121.509,29.398],[121.478,29.413],[121.512,29.438],[121.48,29.475],[121.465,29.421],[121.428,29.468],[121.455,29.489],[121.458,29.525],[121.484,29.545],[121.517,29.546],[121.531,29.51],[121.574,29.552],[121.593,29.544],[121.667,29.557],[121.704,29.572],[121.776,29.653],[121.862,29.708],[121.873,29.754],[121.902,29.753],[121.937,29.792],[121.983,29.823],[122.028,29.836],[122.136,29.885],[122.106,29.907],[122.056,29.887],[121.936,29.887],[121.915,29.919],[121.816,29.951],[121.767,29.973],[121.707,29.985],[121.678,30.001],[121.623,30.06],[121.555,30.161],[121.507,30.22],[121.43,30.293],[121.377,30.325],[121.254,30.348],[121.185,30.338],[121.15,30.326],[121.109,30.283],[120.994,30.211],[120.893,30.17],[120.829,30.185],[120.813,30.213],[120.751,30.226],[120.701,30.185],[120.646,30.127],[120.63,30.135],[120.691,30.197],[120.734,30.232],[120.699,30.252],[120.685,30.272],[120.652,30.359],[120.622,30.373],[120.525,30.378],[120.45,30.369],[120.421,30.305],[120.385,30.25],[120.35,30.241],[120.296,30.279],[120.25,30.27],[120.23,30.236],[120.196,30.233],[120.24,30.289],[120.285,30.299],[120.342,30.274],[120.379,30.274],[120.407,30.354],[120.43,30.39],[120.479,30.404],[120.619,30.406],[120.698,30.394],[120.745,30.36],[120.754,30.327],[120.787,30.294],[120.832,30.305],[120.888,30.369],[120.915,30.381],[120.94,30.422],[120.929,30.453],[120.949,30.507],[120.978,30.543],[121.047,30.583],[121.102,30.589],[121.131,30.6],[121.149,30.628],[121.222,30.675],[121.275,30.691]]],[[[121.958,29.12],[121.943,29.161],[121.903,29.167],[121.868,29.147],[121.872,29.127],[121.9,29.094],[121.889,29.072],[121.935,29.063],[121.958,29.102],[121.958,29.12]]],[[[122.143,29.733],[122.126,29.745],[122.107,29.79],[122.068,29.78],[122.039,29.748],[122.036,29.717],[122.093,29.726],[122.125,29.673],[122.187,29.673],[122.177,29.697],[122.143,29.733]]],[[[122.395,29.884],[122.41,29.911],[122.407,29.953],[122.359,29.946],[122.335,29.961],[122.321,29.937],[122.354,29.911],[122.383,29.865],[122.395,29.884]]],[[[121.882,30.076],[121.848,30.083],[121.827,30.004],[121.872,29.977],[121.89,29.984],[121.91,30.024],[121.909,30.045],[121.882,30.076]]],[[[122.327,30.024],[122.29,30.067],[122.256,30.068],[122.239,30.087],[122.174,30.102],[122.165,30.121],[122.132,30.124],[122.087,30.148],[121.975,30.148],[121.972,30.068],[121.992,30.038],[122.012,30.032],[122.026,29.997],[122.065,30.016],[122.099,30.014],[122.185,29.994],[122.246,29.97],[122.294,29.934],[122.307,29.997],[122.327,30.024]]],[[[121.182,27.865],[121.149,27.846],[121.114,27.844],[121.116,27.818],[121.16,27.819],[121.182,27.865]]],[[[121.049,27.951],[121.072,27.957],[121.103,27.946],[121.139,27.957],[121.111,27.984],[121.065,27.981],[121.049,27.951]]],[[[121.862,29.13],[121.844,29.142],[121.79,29.15],[121.786,29.12],[121.814,29.115],[121.842,29.095],[121.862,29.13]]],[[[122.305,29.817],[122.271,29.847],[122.233,29.828],[122.251,29.806],[122.296,29.779],[122.315,29.784],[122.305,29.817]]],[[[121.972,29.945],[121.934,29.921],[121.974,29.9],[121.994,29.919],[121.972,29.945]]],[[[122.346,30.242],[122.383,30.277],[122.324,30.272],[122.305,30.24],[122.346,30.242]]],[[[122.529,30.721],[122.473,30.717],[122.441,30.741],[122.427,30.704],[122.525,30.702],[122.529,30.721]]]]}}]}