{"type":"FeatureCollection","features":[{"type":"Feature","properties":{"id":"de-bb"},"geometry":{"type":"Polygon","coordinates":[[[14.707,51.541],[14.705,51.548],[14.713,51.567],[14.732,51.587],[14.744,51.607],[14.742,51.633],[14.732,51.658],[14.72,51.676],[14.671,51.701],[14.648,51.717],[14.638,51.743],[14.634,51.769],[14.62,51.781],[14.602,51.788],[14.586,51.804],[14.583,51.825],[14.596,51.842],[14.653,51.879],[14.672,51.894],[14.687,51.912],[14.696,51.931],[14.699,51.993],[14.704,52.002],[14.726,52.026],[14.735,52.054],[14.761,52.077],[14.696,52.107],[14.686,52.121],[14.692,52.147],[14.703,52.165],[14.707,52.179],[14.693,52.193],[14.693,52.2],[14.712,52.215],[14.712,52.236],[14.697,52.253],[14.669,52.261],[14.64,52.265],[14.607,52.276],[14.584,52.291],[14.59,52.309],[14.569,52.339],[14.545,52.382],[14.54,52.422],[14.592,52.45],[14.616,52.473],[14.632,52.497],[14.628,52.507],[14.609,52.518],[14.617,52.541],[14.645,52.577],[14.614,52.593],[14.55,52.636],[14.49,52.651],[14.461,52.675],[14.432,52.686],[14.398,52.727],[14.382,52.738],[14.276,52.786],[14.249,52.795],[14.216,52.818],[14.196,52.823],[14.174,52.824],[14.153,52.828],[14.135,52.837],[14.124,52.851],[14.15,52.865],[14.161,52.877],[14.165,52.896],[14.163,52.908],[14.144,52.96],[14.193,52.982],[14.254,53.001],[14.313,53.029],[14.343,53.049],[14.36,53.075],[14.39,53.132],[14.387,53.146],[14.378,53.177],[14.381,53.19],[14.398,53.211],[14.416,53.221],[14.442,53.252],[14.409,53.272],[14.4,53.289],[14.398,53.315],[14.391,53.334],[14.324,53.309],[14.296,53.287],[14.269,53.279],[14.263,53.265],[14.249,53.259],[14.183,53.263],[14.145,53.269],[14.103,53.273],[14.104,53.292],[14.188,53.326],[14.224,53.36],[14.24,53.382],[14.244,53.401],[14.243,53.427],[14.219,53.43],[14.177,53.429],[14.142,53.44],[14.117,53.436],[14.096,53.419],[14.05,53.428],[13.991,53.43],[13.921,53.427],[13.905,53.441],[13.9,53.455],[13.871,53.486],[13.869,53.508],[13.823,53.519],[13.798,53.542],[13.781,53.544],[13.779,53.525],[13.804,53.497],[13.809,53.485],[13.779,53.477],[13.745,53.478],[13.709,53.475],[13.648,53.444],[13.63,53.424],[13.607,53.411],[13.572,53.411],[13.539,53.397],[13.531,53.385],[13.526,53.367],[13.507,53.342],[13.494,53.319],[13.48,53.309],[13.458,53.3],[13.406,53.275],[13.388,53.271],[13.37,53.274],[13.33,53.287],[13.309,53.289],[13.282,53.288],[13.255,53.276],[13.24,53.258],[13.23,53.233],[13.202,53.233],[13.19,53.237],[13.168,53.257],[13.154,53.259],[13.113,53.241],[13.106,53.227],[13.076,53.209],[13.047,53.198],[13.001,53.168],[12.975,53.165],[12.951,53.171],[12.944,53.178],[12.959,53.189],[12.949,53.196],[12.933,53.191],[12.906,53.191],[12.866,53.185],[12.852,53.188],[12.837,53.195],[12.809,53.199],[12.765,53.193],[12.744,53.199],[12.74,53.225],[12.731,53.228],[12.706,53.229],[12.664,53.236],[12.637,53.252],[12.618,53.256],[12.512,53.273],[12.481,53.268],[12.446,53.266],[12.43,53.268],[12.415,53.281],[12.387,53.291],[12.369,53.302],[12.339,53.316],[12.296,53.331],[12.226,53.343],[12.204,53.366],[12.187,53.369],[12.159,53.358],[12.144,53.355],[12.128,53.366],[12.095,53.364],[12.064,53.356],[12.049,53.34],[12.023,53.329],[12.021,53.315],[12.012,53.3],[11.996,53.298],[11.959,53.278],[11.94,53.283],[11.923,53.28],[11.884,53.268],[11.861,53.251],[11.834,53.256],[11.816,53.25],[11.836,53.24],[11.839,53.226],[11.786,53.228],[11.765,53.223],[11.744,53.216],[11.732,53.233],[11.7,53.248],[11.688,53.251],[11.654,53.25],[11.6,53.237],[11.58,53.23],[11.536,53.205],[11.53,53.195],[11.532,53.188],[11.545,53.177],[11.555,53.146],[11.548,53.13],[11.528,53.121],[11.502,53.119],[11.447,53.138],[11.415,53.138],[11.399,53.133],[11.394,53.108],[11.376,53.11],[11.352,53.116],[11.32,53.116],[11.296,53.119],[11.274,53.118],[11.291,53.099],[11.328,53.072],[11.344,53.066],[11.366,53.064],[11.384,53.067],[11.417,53.081],[11.438,53.084],[11.461,53.079],[11.491,53.061],[11.532,53.055],[11.581,53.043],[11.626,53.05],[11.636,53.046],[11.636,53.037],[11.622,53.022],[11.636,53.018],[11.669,53.017],[11.681,53.012],[11.694,52.984],[11.712,52.982],[11.747,52.993],[11.763,52.995],[11.793,52.967],[11.807,52.96],[11.839,52.959],[11.851,52.955],[11.845,52.944],[11.832,52.928],[11.897,52.902],[11.925,52.898],[11.966,52.885],[11.983,52.883],[11.998,52.887],[12.023,52.886],[12.093,52.892],[12.107,52.885],[12.111,52.867],[12.136,52.866],[12.171,52.872],[12.203,52.866],[12.214,52.855],[12.233,52.816],[12.23,52.799],[12.197,52.782],[12.194,52.776],[12.209,52.752],[12.191,52.739],[12.19,52.733],[12.202,52.721],[12.208,52.706],[12.228,52.69],[12.226,52.673],[12.216,52.653],[12.205,52.641],[12.186,52.636],[12.162,52.636],[12.157,52.62],[12.155,52.597],[12.151,52.58],[12.124,52.555],[12.13,52.55],[12.155,52.551],[12.163,52.547],[12.148,52.535],[12.15,52.52],[12.169,52.514],[12.196,52.521],[12.208,52.541],[12.23,52.537],[12.25,52.517],[12.261,52.513],[12.295,52.516],[12.288,52.506],[12.287,52.484],[12.266,52.456],[12.247,52.442],[12.257,52.431],[12.249,52.408],[12.233,52.389],[12.229,52.368],[12.234,52.346],[12.221,52.333],[12.207,52.307],[12.209,52.279],[12.22,52.271],[12.23,52.27],[12.248,52.252],[12.245,52.247],[12.222,52.232],[12.209,52.207],[12.199,52.194],[12.208,52.178],[12.22,52.164],[12.246,52.148],[12.261,52.128],[12.281,52.122],[12.299,52.11],[12.361,52.058],[12.365,52.04],[12.379,52.031],[12.421,52.012],[12.444,52.01],[12.467,52.022],[12.477,52.017],[12.497,52],[12.544,51.978],[12.562,51.972],[12.608,51.965],[12.622,51.974],[12.646,51.982],[12.655,51.994],[12.667,51.994],[12.795,51.946],[12.844,51.942],[12.859,51.935],[12.872,51.913],[12.885,51.91],[12.931,51.909],[12.951,51.907],[12.974,51.897],[12.992,51.882],[13.048,51.857],[13.066,51.853],[13.132,51.858],[13.161,51.844],[13.173,51.858],[13.185,51.862],[13.218,51.861],[13.237,51.855],[13.228,51.843],[13.194,51.819],[13.163,51.789],[13.156,51.775],[13.157,51.749],[13.165,51.73],[13.182,51.709],[13.178,51.697],[13.15,51.673],[13.09,51.644],[13.082,51.638],[13.062,51.615],[13.073,51.612],[13.101,51.591],[13.123,51.583],[13.141,51.585],[13.166,51.573],[13.172,51.566],[13.165,51.545],[13.175,51.537],[13.196,51.529],[13.203,51.518],[13.21,51.491],[13.189,51.476],[13.198,51.467],[13.198,51.433],[13.193,51.423],[13.174,51.407],[13.181,51.388],[13.188,51.385],[13.203,51.398],[13.219,51.403],[13.239,51.399],[13.252,51.385],[13.363,51.408],[13.387,51.42],[13.411,51.421],[13.458,51.407],[13.48,51.393],[13.505,51.382],[13.522,51.367],[13.534,51.364],[13.555,51.366],[13.614,51.355],[13.731,51.35],[13.766,51.348],[13.938,51.361],[13.961,51.357],[13.97,51.359],[13.988,51.378],[14.044,51.428],[14.059,51.451],[14.061,51.466],[14.067,51.474],[14.106,51.506],[14.119,51.513],[14.159,51.527],[14.221,51.536],[14.269,51.532],[14.305,51.524],[14.339,51.51],[14.377,51.516],[14.509,51.557],[14.553,51.565],[14.574,51.565],[14.595,51.562],[14.62,51.553],[14.663,51.542],[14.707,51.541]],[[13.626,52.487],[13.665,52.49],[13.678,52.486],[13.696,52.471],[13.736,52.46],[13.751,52.45],[13.74,52.439],[13.734,52.42],[13.716,52.41],[13.705,52.398],[13.705,52.374],[13.696,52.368],[13.667,52.36],[13.654,52.342],[13.643,52.345],[13.637,52.376],[13.626,52.384],[13.61,52.384],[13.585,52.389],[13.566,52.396],[13.528,52.405],[13.503,52.398],[13.484,52.399],[13.468,52.414],[13.458,52.417],[13.434,52.412],[13.424,52.404],[13.426,52.381],[13.394,52.381],[13.376,52.387],[13.346,52.407],[13.313,52.4],[13.305,52.402],[13.294,52.415],[13.258,52.406],[13.248,52.405],[13.227,52.416],[13.214,52.417],[13.173,52.405],[13.156,52.397],[13.122,52.401],[13.092,52.414],[13.117,52.442],[13.109,52.455],[13.117,52.476],[13.13,52.482],[13.157,52.501],[13.157,52.507],[13.141,52.524],[13.143,52.552],[13.148,52.576],[13.145,52.585],[13.157,52.6],[13.208,52.587],[13.209,52.601],[13.221,52.626],[13.253,52.63],[13.273,52.639],[13.282,52.654],[13.3,52.651],[13.303,52.635],[13.327,52.625],[13.364,52.624],[13.38,52.626],[13.389,52.637],[13.412,52.649],[13.431,52.641],[13.469,52.663],[13.5,52.645],[13.499,52.624],[13.503,52.61],[13.569,52.563],[13.612,52.545],[13.648,52.539],[13.649,52.532],[13.625,52.498],[13.626,52.487]]]}},{"type":"Feature","properties":{"id":"de-be"},"geometry":{"type":"Polygon","coordinates":[[[13.626,52.487],[13.625,52.498],[13.649,52.532],[13.648,52.539],[13.612,52.545],[13.569,52.563],[13.503,52.61],[13.499,52.624],[13.5,52.645],[13.469,52.663],[13.431,52.641],[13.412,52.649],[13.389,52.637],[13.38,52.626],[13.364,52.624],[13.327,52.625],[13.303,52.635],[13.3,52.651],[13.282,52.654],[13.273,52.639],[13.253,52.63],[13.221,52.626],[13.209,52.601],[13.208,52.587],[13.157,52.6],[13.145,52.585],[13.148,52.576],[13.143,52.552],[13.141,52.524],[13.157,52.507],[13.157,52.501],[13.13,52.482],[13.117,52.476],[13.109,52.455],[13.117,52.442],[13.092,52.414],[13.122,52.401],[13.156,52.397],[13.173,52.405],[13.214,52.417],[13.227,52.416],[13.248,52.405],[13.258,52.406],[13.294,52.415],[13.305,52.402],[13.313,52.4],[13.346,52.407],[13.376,52.387],[13.394,52.381],[13.426,52.381],[13.424,52.404],[13.434,52.412],[13.458,52.417],[13.468,52.414],[13.484,52.399],[13.503,52.398],[13.528,52.405],[13.566,52.396],[13.585,52.389],[13.61,52.384],[13.626,52.384],[13.637,52.376],[13.643,52.345],[13.654,52.342],[13.667,52.36],[13.696,52.368],[13.705,52.374],[13.705,52.398],[13.716,52.41],[13.734,52.42],[13.74,52.439],[13.751,52.45],[13.736,52.46],[13.696,52.471],[13.678,52.486],[13.665,52.49],[13.626,52.487]]]}},{"type":"Feature","properties":{"id":"de-bw"},"geometry":{"type":"Polygon","coordinates":[[[9.111,49.575],[9.102,49.565],[9.078,49.563],[9.095,49.551],[9.125,49.516],[9.116,49.509],[9.104,49.518],[9.068,49.518],[9.045,49.504],[9.035,49.501],[9.011,49.504],[8.958,49.504],[8.93,49.484],[8.928,49.479],[8.939,49.468],[8.946,49.455],[8.94,49.447],[8.92,49.439],[8.899,49.445],[8.891,49.425],[8.861,49.402],[8.846,49.396],[8.817,49.402],[8.81,49.409],[8.813,49.422],[8.828,49.429],[8.833,49.438],[8.829,49.466],[8.849,49.483],[8.877,49.475],[8.893,49.494],[8.89,49.506],[8.842,49.502],[8.828,49.503],[8.811,49.522],[8.765,49.524],[8.718,49.542],[8.704,49.554],[8.687,49.584],[8.692,49.602],[8.672,49.623],[8.601,49.611],[8.598,49.606],[8.614,49.561],[8.617,49.547],[8.609,49.539],[8.566,49.527],[8.498,49.573],[8.474,49.586],[8.45,49.588],[8.417,49.579],[8.408,49.555],[8.428,49.534],[8.45,49.491],[8.464,49.473],[8.464,49.466],[8.443,49.459],[8.443,49.452],[8.46,49.448],[8.494,49.443],[8.505,49.431],[8.49,49.411],[8.498,49.386],[8.498,49.376],[8.462,49.323],[8.46,49.315],[8.483,49.31],[8.48,49.297],[8.411,49.244],[8.387,49.232],[8.381,49.215],[8.362,49.12],[8.357,49.11],[8.284,49.01],[8.263,48.988],[8.23,48.966],[8.2,48.958],[8.179,48.943],[8.148,48.904],[8.103,48.821],[8.084,48.804],[8.048,48.791],[8.039,48.791],[8.027,48.78],[8.023,48.765],[8.01,48.76],[7.982,48.76],[7.97,48.757],[7.965,48.748],[7.964,48.729],[7.948,48.712],[7.923,48.698],[7.896,48.677],[7.881,48.668],[7.852,48.659],[7.81,48.615],[7.802,48.582],[7.802,48.548],[7.813,48.526],[7.813,48.519],[7.776,48.498],[7.771,48.489],[7.769,48.47],[7.751,48.444],[7.738,48.407],[7.74,48.381],[7.752,48.355],[7.751,48.341],[7.737,48.327],[7.702,48.311],[7.696,48.29],[7.693,48.27],[7.687,48.253],[7.677,48.238],[7.613,48.179],[7.607,48.167],[7.605,48.153],[7.586,48.13],[7.573,48.095],[7.576,48.054],[7.619,48.003],[7.621,47.971],[7.612,47.959],[7.585,47.94],[7.58,47.927],[7.581,47.911],[7.558,47.879],[7.564,47.85],[7.562,47.839],[7.543,47.829],[7.529,47.797],[7.526,47.783],[7.538,47.748],[7.538,47.732],[7.515,47.713],[7.512,47.707],[7.515,47.686],[7.522,47.67],[7.537,47.665],[7.55,47.652],[7.573,47.622],[7.59,47.608],[7.592,47.598],[7.586,47.585],[7.637,47.595],[7.66,47.597],[7.647,47.572],[7.636,47.565],[7.61,47.565],[7.661,47.546],[7.683,47.544],[7.767,47.556],[7.786,47.563],[7.801,47.576],[7.82,47.595],[7.834,47.59],[7.898,47.588],[7.904,47.584],[7.912,47.561],[8.042,47.561],[8.087,47.567],[8.122,47.592],[8.144,47.6],[8.162,47.604],[8.179,47.616],[8.233,47.622],[8.251,47.622],[8.294,47.611],[8.306,47.592],[8.316,47.588],[8.354,47.581],[8.418,47.581],[8.449,47.584],[8.462,47.606],[8.492,47.62],[8.522,47.622],[8.538,47.612],[8.561,47.589],[8.574,47.592],[8.581,47.6],[8.582,47.625],[8.578,47.633],[8.594,47.643],[8.602,47.633],[8.607,47.656],[8.568,47.663],[8.52,47.657],[8.476,47.64],[8.458,47.64],[8.438,47.648],[8.412,47.661],[8.391,47.665],[8.398,47.676],[8.391,47.692],[8.402,47.707],[8.427,47.716],[8.438,47.723],[8.445,47.743],[8.464,47.764],[8.537,47.774],[8.552,47.779],[8.542,47.795],[8.558,47.801],[8.583,47.8],[8.602,47.795],[8.608,47.762],[8.617,47.757],[8.63,47.763],[8.635,47.785],[8.644,47.791],[8.657,47.788],[8.682,47.759],[8.713,47.757],[8.72,47.747],[8.7,47.723],[8.713,47.709],[8.717,47.695],[8.77,47.695],[8.762,47.701],[8.771,47.721],[8.798,47.72],[8.83,47.707],[8.856,47.691],[8.838,47.688],[8.838,47.681],[8.853,47.671],[8.882,47.656],[8.906,47.652],[8.945,47.654],[8.982,47.662],[8.998,47.674],[9.017,47.679],[9.128,47.67],[9.183,47.67],[9.197,47.656],[9.234,47.656],[9.273,47.65],[9.55,47.534],[9.554,47.533],[9.612,47.588],[9.659,47.598],[9.664,47.606],[9.686,47.611],[9.715,47.605],[9.76,47.62],[9.834,47.665],[9.865,47.675],[9.905,47.663],[9.929,47.659],[9.953,47.659],[9.988,47.667],[10.009,47.675],[10.034,47.68],[10.058,47.678],[10.076,47.65],[10.085,47.658],[10.087,47.673],[10.093,47.68],[10.112,47.675],[10.127,47.677],[10.131,47.688],[10.123,47.711],[10.119,47.73],[10.118,47.759],[10.114,47.767],[10.099,47.77],[10.093,47.779],[10.08,47.787],[10.085,47.799],[10.109,47.802],[10.12,47.814],[10.13,47.817],[10.111,47.845],[10.102,47.862],[10.086,47.866],[10.098,47.878],[10.109,47.91],[10.109,47.938],[10.098,47.946],[10.087,47.96],[10.085,47.97],[10.101,47.98],[10.13,48.035],[10.138,48.057],[10.14,48.084],[10.136,48.107],[10.109,48.148],[10.07,48.269],[10.054,48.305],[10.022,48.341],[10.004,48.368],[9.99,48.37],[9.981,48.381],[10.037,48.433],[10.044,48.437],[10.041,48.45],[10.046,48.458],[10.068,48.472],[10.098,48.476],[10.121,48.487],[10.133,48.487],[10.142,48.469],[10.153,48.466],[10.251,48.505],[10.253,48.516],[10.262,48.525],[10.277,48.53],[10.315,48.531],[10.312,48.543],[10.323,48.562],[10.324,48.573],[10.321,48.587],[10.313,48.596],[10.313,48.608],[10.334,48.617],[10.333,48.623],[10.305,48.64],[10.289,48.645],[10.269,48.669],[10.27,48.681],[10.29,48.7],[10.298,48.703],[10.316,48.691],[10.346,48.69],[10.354,48.686],[10.372,48.664],[10.379,48.667],[10.424,48.702],[10.442,48.703],[10.433,48.673],[10.438,48.668],[10.452,48.673],[10.495,48.699],[10.467,48.736],[10.441,48.742],[10.434,48.748],[10.432,48.766],[10.439,48.772],[10.441,48.804],[10.454,48.814],[10.459,48.834],[10.449,48.846],[10.456,48.888],[10.456,48.899],[10.446,48.908],[10.467,48.915],[10.459,48.939],[10.446,48.949],[10.44,48.959],[10.423,48.973],[10.415,48.983],[10.373,49.005],[10.367,49.011],[10.36,49.028],[10.354,49.033],[10.337,49.034],[10.32,49.041],[10.3,49.042],[10.274,49.05],[10.278,49.066],[10.259,49.079],[10.263,49.089],[10.23,49.103],[10.251,49.108],[10.264,49.127],[10.263,49.148],[10.246,49.159],[10.219,49.155],[10.205,49.164],[10.185,49.183],[10.159,49.196],[10.147,49.205],[10.16,49.215],[10.145,49.229],[10.144,49.25],[10.13,49.26],[10.133,49.272],[10.154,49.266],[10.16,49.275],[10.147,49.299],[10.154,49.313],[10.153,49.319],[10.132,49.326],[10.119,49.342],[10.122,49.37],[10.14,49.384],[10.171,49.384],[10.142,49.431],[10.115,49.44],[10.132,49.472],[10.121,49.492],[10.129,49.506],[10.128,49.511],[10.099,49.519],[10.102,49.538],[10.085,49.544],[10.061,49.532],[10.066,49.509],[10.037,49.488],[10.02,49.48],[9.948,49.479],[9.936,49.482],[9.932,49.506],[9.934,49.529],[9.93,49.55],[9.913,49.561],[9.919,49.572],[9.913,49.579],[9.899,49.576],[9.887,49.565],[9.871,49.559],[9.864,49.545],[9.855,49.542],[9.839,49.551],[9.856,49.564],[9.861,49.573],[9.86,49.585],[9.878,49.602],[9.882,49.609],[9.875,49.621],[9.84,49.645],[9.834,49.653],[9.832,49.691],[9.793,49.722],[9.768,49.714],[9.728,49.687],[9.713,49.704],[9.71,49.72],[9.685,49.709],[9.678,49.691],[9.653,49.688],[9.631,49.699],[9.639,49.713],[9.638,49.722],[9.647,49.731],[9.646,49.743],[9.651,49.75],[9.647,49.765],[9.653,49.772],[9.646,49.784],[9.629,49.776],[9.602,49.771],[9.574,49.782],[9.557,49.778],[9.545,49.779],[9.491,49.795],[9.473,49.796],[9.437,49.792],[9.401,49.784],[9.352,49.786],[9.328,49.778],[9.312,49.766],[9.32,49.75],[9.314,49.732],[9.327,49.727],[9.361,49.723],[9.37,49.719],[9.369,49.698],[9.383,49.7],[9.391,49.713],[9.402,49.718],[9.427,49.708],[9.415,49.663],[9.423,49.651],[9.404,49.64],[9.395,49.64],[9.377,49.65],[9.348,49.642],[9.324,49.641],[9.294,49.633],[9.286,49.627],[9.29,49.611],[9.274,49.598],[9.264,49.581],[9.253,49.578],[9.194,49.577],[9.179,49.579],[9.122,49.571],[9.111,49.575]]]}},{"type":"Feature","properties":{"id":"de-by"},"geometry":{"type":"Polygon","coordinates":[[[11.905,50.415],[11.867,50.401],[11.85,50.398],[11.829,50.391],[11.82,50.402],[11.785,50.414],[11.761,50.412],[11.757,50.406],[11.74,50.403],[11.621,50.387],[11.592,50.394],[11.57,50.395],[11.559,50.384],[11.532,50.378],[11.518,50.382],[11.485,50.4],[11.482,50.422],[11.477,50.427],[11.448,50.429],[11.421,50.443],[11.418,50.452],[11.421,50.486],[11.439,50.497],[11.427,50.513],[11.41,50.517],[11.347,50.519],[11.325,50.508],[11.316,50.493],[11.296,50.484],[11.276,50.481],[11.249,50.473],[11.256,50.457],[11.254,50.449],[11.262,50.425],[11.259,50.403],[11.267,50.384],[11.277,50.374],[11.28,50.359],[11.269,50.353],[11.271,50.341],[11.259,50.317],[11.266,50.308],[11.255,50.288],[11.255,50.275],[11.244,50.273],[11.221,50.278],[11.208,50.285],[11.192,50.272],[11.143,50.301],[11.135,50.309],[11.155,50.324],[11.154,50.334],[11.138,50.35],[11.121,50.354],[11.116,50.364],[11.098,50.363],[11.086,50.354],[11.05,50.348],[11.025,50.361],[10.998,50.364],[10.988,50.35],[10.978,50.355],[10.943,50.387],[10.928,50.388],[10.893,50.383],[10.883,50.392],[10.859,50.389],[10.841,50.392],[10.81,50.382],[10.789,50.386],[10.78,50.381],[10.755,50.357],[10.726,50.361],[10.718,50.352],[10.715,50.322],[10.727,50.314],[10.75,50.306],[10.769,50.293],[10.795,50.292],[10.808,50.281],[10.82,50.275],[10.838,50.272],[10.848,50.254],[10.84,50.242],[10.817,50.243],[10.798,50.248],[10.767,50.244],[10.739,50.248],[10.732,50.242],[10.727,50.21],[10.714,50.208],[10.687,50.22],[10.662,50.225],[10.617,50.224],[10.605,50.235],[10.607,50.25],[10.594,50.271],[10.6,50.288],[10.592,50.323],[10.588,50.329],[10.566,50.34],[10.552,50.359],[10.536,50.357],[10.526,50.352],[10.5,50.354],[10.493,50.366],[10.466,50.38],[10.449,50.399],[10.425,50.395],[10.405,50.396],[10.393,50.405],[10.399,50.423],[10.373,50.437],[10.337,50.464],[10.333,50.486],[10.319,50.492],[10.238,50.51],[10.228,50.516],[10.22,50.534],[10.203,50.546],[10.188,50.549],[10.139,50.546],[10.13,50.548],[10.126,50.563],[10.11,50.555],[10.055,50.517],[10.044,50.497],[10.001,50.448],[9.981,50.437],[9.918,50.414],[9.859,50.399],[9.828,50.401],[9.799,50.42],[9.779,50.414],[9.767,50.402],[9.743,50.347],[9.749,50.315],[9.749,50.306],[9.722,50.29],[9.68,50.28],[9.665,50.268],[9.658,50.254],[9.661,50.234],[9.612,50.224],[9.598,50.224],[9.584,50.229],[9.56,50.226],[9.546,50.235],[9.53,50.233],[9.511,50.236],[9.505,50.227],[9.509,50.207],[9.5,50.189],[9.499,50.177],[9.522,50.172],[9.527,50.164],[9.51,50.138],[9.517,50.116],[9.507,50.108],[9.446,50.091],[9.43,50.09],[9.407,50.092],[9.393,50.104],[9.384,50.119],[9.368,50.127],[9.329,50.139],[9.296,50.141],[9.229,50.144],[9.191,50.135],[9.188,50.12],[9.171,50.107],[9.156,50.1],[9.153,50.112],[9.139,50.115],[9.121,50.124],[9.108,50.125],[9.057,50.11],[9.024,50.105],[9.01,50.097],[9.006,50.066],[8.988,50.062],[8.977,50.053],[8.992,50.046],[9.012,50.05],[9.027,50.043],[9.032,50.021],[9.042,50.012],[9.041,50],[9.052,49.984],[9.028,49.985],[9.027,49.907],[9.049,49.866],[9.062,49.84],[9.07,49.831],[9.083,49.841],[9.093,49.84],[9.091,49.815],[9.104,49.796],[9.13,49.796],[9.141,49.787],[9.136,49.778],[9.122,49.766],[9.123,49.754],[9.147,49.746],[9.149,49.74],[9.135,49.722],[9.132,49.709],[9.133,49.696],[9.119,49.689],[9.099,49.686],[9.1,49.673],[9.111,49.64],[9.073,49.611],[9.077,49.603],[9.096,49.591],[9.111,49.575],[9.122,49.571],[9.179,49.579],[9.194,49.577],[9.253,49.578],[9.264,49.581],[9.274,49.598],[9.29,49.611],[9.286,49.627],[9.294,49.633],[9.324,49.641],[9.348,49.642],[9.377,49.65],[9.395,49.64],[9.404,49.64],[9.423,49.651],[9.415,49.663],[9.427,49.708],[9.402,49.718],[9.391,49.713],[9.383,49.7],[9.369,49.698],[9.37,49.719],[9.361,49.723],[9.327,49.727],[9.314,49.732],[9.32,49.75],[9.312,49.766],[9.328,49.778],[9.352,49.786],[9.401,49.784],[9.437,49.792],[9.473,49.796],[9.491,49.795],[9.545,49.779],[9.557,49.778],[9.574,49.782],[9.602,49.771],[9.629,49.776],[9.646,49.784],[9.653,49.772],[9.647,49.765],[9.651,49.75],[9.646,49.743],[9.647,49.731],[9.638,49.722],[9.639,49.713],[9.631,49.699],[9.653,49.688],[9.678,49.691],[9.685,49.709],[9.71,49.72],[9.713,49.704],[9.728,49.687],[9.768,49.714],[9.793,49.722],[9.832,49.691],[9.834,49.653],[9.84,49.645],[9.875,49.621],[9.882,49.609],[9.878,49.602],[9.86,49.585],[9.861,49.573],[9.856,49.564],[9.839,49.551],[9.855,49.542],[9.864,49.545],[9.871,49.559],[9.887,49.565],[9.899,49.576],[9.913,49.579],[9.919,49.572],[9.913,49.561],[9.93,49.55],[9.934,49.529],[9.932,49.506],[9.936,49.482],[9.948,49.479],[10.02,49.48],[10.037,49.488],[10.066,49.509],[10.061,49.532],[10.085,49.544],[10.102,49.538],[10.099,49.519],[10.128,49.511],[10.129,49.506],[10.121,49.492],[10.132,49.472],[10.115,49.44],[10.142,49.431],[10.171,49.384],[10.14,49.384],[10.122,49.37],[10.119,49.342],[10.132,49.326],[10.153,49.319],[10.154,49.313],[10.147,49.299],[10.16,49.275],[10.154,49.266],[10.133,49.272],[10.13,49.26],[10.144,49.25],[10.145,49.229],[10.16,49.215],[10.147,49.205],[10.159,49.196],[10.185,49.183],[10.205,49.164],[10.219,49.155],[10.246,49.159],[10.263,49.148],[10.264,49.127],[10.251,49.108],[10.23,49.103],[10.263,49.089],[10.259,49.079],[10.278,49.066],[10.274,49.05],[10.3,49.042],[10.32,49.041],[10.337,49.034],[10.354,49.033],[10.36,49.028],[10.367,49.011],[10.373,49.005],[10.415,48.983],[10.423,48.973],[10.44,48.959],[10.446,48.949],[10.459,48.939],[10.467,48.915],[10.446,48.908],[10.456,48.899],[10.456,48.888],[10.449,48.846],[10.459,48.834],[10.454,48.814],[10.441,48.804],[10.439,48.772],[10.432,48.766],[10.434,48.748],[10.441,48.742],[10.467,48.736],[10.495,48.699],[10.452,48.673],[10.438,48.668],[10.433,48.673],[10.442,48.703],[10.424,48.702],[10.379,48.667],[10.372,48.664],[10.354,48.686],[10.346,48.69],[10.316,48.691],[10.298,48.703],[10.29,48.7],[10.27,48.681],[10.269,48.669],[10.289,48.645],[10.305,48.64],[10.333,48.623],[10.334,48.617],[10.313,48.608],[10.313,48.596],[10.321,48.587],[10.324,48.573],[10.323,48.562],[10.312,48.543],[10.315,48.531],[10.277,48.53],[10.262,48.525],[10.253,48.516],[10.251,48.505],[10.153,48.466],[10.142,48.469],[10.133,48.487],[10.121,48.487],[10.098,48.476],[10.068,48.472],[10.046,48.458],[10.041,48.45],[10.044,48.437],[10.037,48.433],[9.981,48.381],[9.99,48.37],[10.004,48.368],[10.022,48.341],[10.054,48.305],[10.07,48.269],[10.109,48.148],[10.136,48.107],[10.14,48.084],[10.138,48.057],[10.13,48.035],[10.101,47.98],[10.085,47.97],[10.087,47.96],[10.098,47.946],[10.109,47.938],[10.109,47.91],[10.098,47.878],[10.086,47.866],[10.102,47.862],[10.111,47.845],[10.13,47.817],[10.12,47.814],[10.109,47.802],[10.085,47.799],[10.08,47.787],[10.093,47.779],[10.099,47.77],[10.114,47.767],[10.118,47.759],[10.119,47.73],[10.123,47.711],[10.131,47.688],[10.127,47.677],[10.112,47.675],[10.093,47.68],[10.087,47.673],[10.085,47.658],[10.076,47.65],[10.058,47.678],[10.034,47.68],[10.009,47.675],[9.988,47.667],[9.953,47.659],[9.929,47.659],[9.905,47.663],[9.865,47.675],[9.834,47.665],[9.76,47.62],[9.715,47.605],[9.686,47.611],[9.664,47.606],[9.659,47.598],[9.612,47.588],[9.554,47.533],[9.613,47.522],[9.677,47.523],[9.704,47.531],[9.718,47.547],[9.731,47.565],[9.753,47.582],[9.767,47.587],[9.782,47.588],[9.796,47.585],[9.808,47.576],[9.811,47.564],[9.809,47.552],[9.813,47.542],[9.833,47.535],[9.859,47.541],[9.889,47.534],[9.919,47.532],[9.934,47.534],[9.946,47.541],[9.949,47.524],[9.972,47.506],[9.981,47.493],[9.983,47.481],[9.994,47.477],[10.023,47.488],[10.072,47.439],[10.081,47.427],[10.076,47.417],[10.053,47.405],[10.064,47.396],[10.068,47.375],[10.073,47.365],[10.09,47.359],[10.11,47.367],[10.126,47.363],[10.147,47.374],[10.191,47.379],[10.209,47.372],[10.209,47.354],[10.19,47.317],[10.193,47.305],[10.186,47.295],[10.169,47.29],[10.155,47.273],[10.16,47.271],[10.239,47.278],[10.261,47.283],[10.306,47.302],[10.325,47.314],[10.343,47.331],[10.366,47.361],[10.382,47.372],[10.412,47.381],[10.428,47.396],[10.443,47.416],[10.452,47.439],[10.452,47.46],[10.442,47.481],[10.42,47.493],[10.431,47.542],[10.416,47.564],[10.414,47.573],[10.429,47.577],[10.457,47.579],[10.462,47.57],[10.452,47.555],[10.454,47.546],[10.467,47.538],[10.483,47.533],[10.525,47.528],[10.537,47.53],[10.55,47.537],[10.57,47.556],[10.584,47.562],[10.608,47.562],[10.74,47.528],[10.752,47.515],[10.761,47.514],[10.79,47.516],[10.831,47.529],[10.859,47.531],[10.892,47.515],[10.884,47.508],[10.852,47.493],[10.858,47.485],[10.91,47.469],[10.96,47.433],[10.961,47.414],[10.955,47.41],[10.966,47.396],[10.979,47.391],[11.084,47.39],[11.103,47.394],[11.169,47.424],[11.194,47.429],[11.215,47.423],[11.213,47.396],[11.237,47.394],[11.259,47.401],[11.286,47.423],[11.306,47.435],[11.324,47.439],[11.368,47.44],[11.384,47.445],[11.392,47.455],[11.389,47.462],[11.365,47.469],[11.413,47.506],[11.435,47.51],[11.46,47.507],[11.483,47.503],[11.53,47.508],[11.551,47.514],[11.569,47.527],[11.582,47.56],[11.589,47.57],[11.62,47.59],[11.639,47.589],[11.683,47.583],[11.764,47.583],[11.82,47.575],[11.831,47.578],[11.841,47.595],[11.852,47.599],[11.936,47.611],[12.166,47.604],[12.174,47.605],[12.202,47.63],[12.207,47.646],[12.205,47.672],[12.202,47.678],[12.182,47.692],[12.177,47.706],[12.192,47.71],[12.216,47.724],[12.24,47.732],[12.233,47.709],[12.223,47.696],[12.229,47.685],[12.239,47.679],[12.272,47.688],[12.294,47.69],[12.351,47.682],[12.368,47.684],[12.408,47.694],[12.424,47.692],[12.439,47.664],[12.453,47.65],[12.483,47.634],[12.497,47.629],[12.517,47.629],[12.554,47.636],[12.598,47.663],[12.617,47.669],[12.653,47.675],[12.689,47.675],[12.745,47.665],[12.762,47.667],[12.752,47.649],[12.767,47.636],[12.793,47.625],[12.813,47.612],[12.786,47.603],[12.774,47.58],[12.779,47.555],[12.804,47.541],[12.828,47.537],[12.837,47.533],[12.883,47.499],[12.932,47.474],[12.943,47.47],[12.97,47.476],[12.991,47.466],[13.009,47.47],[13.037,47.493],[13.037,47.501],[13.029,47.518],[13.028,47.542],[13.04,47.56],[13.041,47.583],[13.057,47.598],[13.072,47.622],[13.075,47.647],[13.072,47.659],[13.064,47.674],[13.045,47.697],[13.02,47.713],[13.004,47.715],[12.979,47.707],[12.964,47.705],[12.908,47.712],[12.892,47.724],[12.917,47.75],[12.921,47.77],[12.927,47.777],[12.991,47.847],[12.965,47.872],[12.931,47.925],[12.906,47.939],[12.886,47.953],[12.862,47.963],[12.854,47.97],[12.846,47.993],[12.831,48.015],[12.76,48.065],[12.742,48.087],[12.737,48.1],[12.739,48.113],[12.745,48.121],[12.764,48.124],[12.782,48.142],[12.822,48.161],[12.835,48.171],[12.853,48.19],[12.878,48.202],[12.933,48.209],[12.947,48.22],[12.979,48.232],[13.017,48.256],[13.033,48.264],[13.136,48.291],[13.274,48.307],[13.308,48.32],[13.406,48.377],[13.42,48.392],[13.427,48.419],[13.436,48.431],[13.438,48.441],[13.436,48.469],[13.443,48.488],[13.456,48.507],[13.457,48.525],[13.448,48.535],[13.44,48.561],[13.455,48.573],[13.487,48.582],[13.521,48.585],[13.624,48.565],[13.658,48.551],[13.673,48.535],[13.714,48.523],[13.725,48.548],[13.734,48.56],[13.766,48.564],[13.779,48.574],[13.796,48.599],[13.802,48.612],[13.806,48.643],[13.801,48.675],[13.804,48.687],[13.817,48.696],[13.799,48.703],[13.786,48.725],[13.816,48.766],[13.796,48.78],[13.748,48.843],[13.725,48.867],[13.711,48.872],[13.673,48.876],[13.654,48.882],[13.637,48.893],[13.622,48.909],[13.611,48.927],[13.609,48.946],[13.59,48.945],[13.539,48.967],[13.516,48.97],[13.502,48.966],[13.482,48.938],[13.459,48.945],[13.427,48.96],[13.399,48.978],[13.384,48.993],[13.384,49.021],[13.372,49.039],[13.33,49.067],[13.3,49.094],[13.287,49.101],[13.267,49.106],[13.207,49.107],[13.179,49.118],[13.163,49.135],[13.149,49.155],[13.056,49.238],[13.043,49.243],[13.011,49.268],[13,49.295],[12.982,49.3],[12.954,49.319],[12.923,49.333],[12.885,49.34],[12.871,49.337],[12.875,49.324],[12.857,49.322],[12.798,49.328],[12.778,49.333],[12.762,49.343],[12.729,49.391],[12.709,49.405],[12.663,49.419],[12.644,49.429],[12.632,49.444],[12.627,49.46],[12.623,49.51],[12.616,49.514],[12.594,49.515],[12.575,49.53],[12.562,49.551],[12.554,49.585],[12.536,49.603],[12.512,49.612],[12.502,49.62],[12.507,49.63],[12.497,49.634],[12.505,49.646],[12.505,49.659],[12.496,49.67],[12.449,49.685],[12.42,49.7],[12.399,49.719],[12.384,49.743],[12.395,49.758],[12.437,49.769],[12.453,49.78],[12.456,49.817],[12.462,49.831],[12.483,49.827],[12.49,49.843],[12.513,49.87],[12.521,49.886],[12.524,49.905],[12.518,49.912],[12.504,49.916],[12.463,49.931],[12.471,49.956],[12.468,49.97],[12.451,49.981],[12.415,49.983],[12.398,49.993],[12.247,50.045],[12.241,50.071],[12.233,50.081],[12.188,50.103],[12.179,50.118],[12.179,50.133],[12.186,50.156],[12.183,50.171],[12.164,50.194],[12.139,50.211],[12.09,50.231],[12.08,50.243],[12.092,50.255],[12.109,50.264],[12.111,50.277],[12.107,50.291],[12.099,50.3],[12.076,50.315],[12.101,50.314],[12.094,50.323],[12.065,50.328],[12.04,50.329],[11.986,50.352],[11.981,50.385],[11.96,50.394],[11.941,50.415],[11.932,50.417],[11.905,50.415]]]}},{"type":"Feature","properties":{"id":"de-hb"},"geometry":{"type":"MultiPolygon","coordinates":[[[[8.513,53.617],[8.528,53.597],[8.535,53.591],[8.566,53.547],[8.557,53.52],[8.573,53.502],[8.588,53.5],[8.603,53.49],[8.624,53.502],[8.639,53.517],[8.643,53.532],[8.635,53.56],[8.62,53.588],[8.632,53.602],[8.625,53.605],[8.584,53.604],[8.562,53.606],[8.513,53.617]]],[[[8.564,53.212],[8.53,53.225],[8.496,53.224],[8.513,53.2],[8.554,53.19],[8.578,53.18],[8.611,53.18],[8.631,53.16],[8.638,53.13],[8.654,53.116],[8.703,53.08],[8.702,53.051],[8.719,53.048],[8.777,53.053],[8.825,53.035],[8.844,53.033],[8.866,53.04],[8.866,53.048],[8.915,53.025],[8.958,53.043],[8.973,53.053],[8.977,53.076],[8.99,53.094],[8.986,53.1],[8.962,53.116],[8.96,53.126],[8.975,53.135],[8.973,53.14],[8.949,53.156],[8.933,53.163],[8.924,53.157],[8.912,53.139],[8.895,53.139],[8.861,53.149],[8.824,53.168],[8.784,53.169],[8.757,53.179],[8.746,53.192],[8.71,53.192],[8.69,53.188],[8.677,53.19],[8.618,53.205],[8.59,53.215],[8.564,53.212]]]]}},{"type":"Feature","properties":{"id":"de-he"},"geometry":{"type":"Polygon","coordinates":[[[10.055,50.517],[10.044,50.522],[10.057,50.554],[10.048,50.576],[10.049,50.594],[10.046,50.605],[10.059,50.617],[10.076,50.622],[10.074,50.645],[10.06,50.666],[10.052,50.67],[9.998,50.676],[9.971,50.667],[9.951,50.663],[9.947,50.653],[9.96,50.64],[9.954,50.63],[9.943,50.627],[9.926,50.63],[9.91,50.637],[9.887,50.633],[9.878,50.644],[9.879,50.662],[9.888,50.676],[9.913,50.693],[9.913,50.705],[9.93,50.727],[9.936,50.751],[9.921,50.764],[9.926,50.773],[9.946,50.777],[9.943,50.8],[9.949,50.815],[9.972,50.824],[9.992,50.826],[10.019,50.832],[10.026,50.837],[10.023,50.854],[10.029,50.862],[10.056,50.883],[10.044,50.893],[10.033,50.909],[10.006,50.921],[9.992,50.918],[9.981,50.908],[9.97,50.914],[9.971,50.926],[9.953,50.927],[9.956,50.942],[10.013,50.937],[10.041,50.941],[10.046,50.949],[10.043,50.962],[10.024,50.982],[10.026,50.996],[10.051,51.007],[10.093,51.009],[10.104,51.006],[10.123,51.008],[10.124,50.998],[10.143,50.994],[10.165,50.996],[10.188,50.996],[10.194,50.999],[10.209,51.021],[10.205,51.032],[10.193,51.045],[10.176,51.046],[10.16,51.053],[10.142,51.055],[10.141,51.064],[10.152,51.089],[10.165,51.103],[10.166,51.117],[10.14,51.122],[10.126,51.136],[10.134,51.141],[10.157,51.145],[10.174,51.145],[10.185,51.135],[10.186,51.127],[10.203,51.12],[10.209,51.151],[10.214,51.161],[10.229,51.173],[10.23,51.184],[10.197,51.195],[10.173,51.206],[10.154,51.206],[10.133,51.213],[10.117,51.215],[10.081,51.223],[10.074,51.228],[10.069,51.244],[10.054,51.252],[10.049,51.263],[10.049,51.277],[10.002,51.286],[9.984,51.286],[9.965,51.3],[9.947,51.304],[9.941,51.331],[9.932,51.338],[9.923,51.36],[9.93,51.372],[9.949,51.382],[9.915,51.398],[9.906,51.404],[9.904,51.417],[9.885,51.411],[9.863,51.409],[9.863,51.402],[9.876,51.385],[9.866,51.373],[9.856,51.372],[9.844,51.382],[9.837,51.394],[9.808,51.407],[9.792,51.39],[9.768,51.386],[9.756,51.379],[9.714,51.364],[9.719,51.351],[9.743,51.335],[9.754,51.331],[9.77,51.341],[9.784,51.336],[9.773,51.327],[9.773,51.319],[9.762,51.309],[9.734,51.293],[9.711,51.292],[9.683,51.315],[9.656,51.32],[9.586,51.339],[9.569,51.342],[9.541,51.358],[9.554,51.362],[9.571,51.361],[9.564,51.384],[9.582,51.399],[9.593,51.397],[9.633,51.401],[9.639,51.409],[9.635,51.434],[9.637,51.447],[9.631,51.461],[9.639,51.468],[9.616,51.484],[9.597,51.512],[9.597,51.521],[9.613,51.524],[9.62,51.552],[9.645,51.552],[9.634,51.569],[9.644,51.572],[9.671,51.559],[9.686,51.572],[9.666,51.585],[9.651,51.611],[9.631,51.617],[9.623,51.629],[9.593,51.626],[9.565,51.63],[9.549,51.64],[9.533,51.63],[9.508,51.628],[9.494,51.632],[9.49,51.649],[9.483,51.655],[9.467,51.655],[9.448,51.644],[9.44,51.649],[9.418,51.627],[9.346,51.612],[9.333,51.607],[9.352,51.596],[9.354,51.59],[9.336,51.554],[9.316,51.54],[9.296,51.518],[9.263,51.502],[9.252,51.5],[9.224,51.487],[9.218,51.466],[9.21,51.456],[9.193,51.456],[9.158,51.439],[9.146,51.438],[9.109,51.443],[9.09,51.453],[9.084,51.46],[9.085,51.483],[9.071,51.492],[9.05,51.496],[9.015,51.509],[8.999,51.504],[8.958,51.497],[8.906,51.481],[8.898,51.467],[8.913,51.45],[8.916,51.425],[8.92,51.42],[8.941,51.418],[8.95,51.412],[8.942,51.396],[8.935,51.391],[8.894,51.39],[8.858,51.375],[8.851,51.375],[8.815,51.382],[8.773,51.375],[8.728,51.373],[8.685,51.363],[8.673,51.352],[8.654,51.344],[8.648,51.334],[8.616,51.314],[8.594,51.296],[8.578,51.276],[8.58,51.265],[8.594,51.258],[8.604,51.243],[8.622,51.24],[8.645,51.254],[8.686,51.259],[8.708,51.269],[8.724,51.266],[8.72,51.255],[8.732,51.25],[8.752,51.191],[8.75,51.173],[8.718,51.15],[8.696,51.13],[8.705,51.116],[8.704,51.105],[8.658,51.088],[8.627,51.094],[8.525,51.093],[8.521,51.085],[8.538,51.06],[8.535,51.05],[8.545,51.021],[8.528,51.005],[8.51,50.98],[8.491,50.973],[8.47,50.944],[8.468,50.921],[8.464,50.914],[8.444,50.916],[8.427,50.909],[8.397,50.889],[8.395,50.875],[8.364,50.862],[8.337,50.86],[8.314,50.864],[8.3,50.881],[8.281,50.878],[8.268,50.868],[8.225,50.844],[8.217,50.836],[8.197,50.827],[8.187,50.812],[8.139,50.785],[8.133,50.777],[8.145,50.762],[8.167,50.752],[8.175,50.742],[8.167,50.708],[8.144,50.698],[8.134,50.684],[8.13,50.667],[8.122,50.656],[8.122,50.646],[8.141,50.618],[8.144,50.603],[8.164,50.586],[8.139,50.543],[8.13,50.536],[8.107,50.527],[8.087,50.53],[8.07,50.544],[8.042,50.544],[8.015,50.525],[8.004,50.521],[8,50.509],[7.998,50.476],[8.002,50.462],[8.019,50.455],[8,50.44],[7.988,50.412],[7.975,50.405],[7.98,50.396],[8.022,50.389],[8.032,50.377],[8.049,50.371],[8.073,50.339],[8.107,50.311],[8.123,50.278],[8.121,50.269],[8.096,50.262],[8.046,50.263],[8.038,50.259],[8.034,50.246],[8.042,50.234],[8.023,50.216],[8.016,50.216],[7.993,50.228],[7.98,50.219],[7.922,50.2],[7.91,50.189],[7.898,50.171],[7.897,50.155],[7.907,50.147],[7.926,50.14],[7.93,50.132],[7.922,50.109],[7.913,50.11],[7.896,50.121],[7.855,50.116],[7.847,50.107],[7.843,50.088],[7.828,50.079],[7.811,50.073],[7.771,50.053],[7.785,50.049],[7.85,50.011],[7.857,50.003],[7.86,49.99],[7.878,49.973],[7.919,49.974],[7.962,49.983],[8.01,49.999],[8.049,50.018],[8.174,50.046],[8.201,50.046],[8.228,50.038],[8.335,49.96],[8.355,49.926],[8.34,49.891],[8.348,49.879],[8.37,49.857],[8.38,49.843],[8.39,49.815],[8.409,49.793],[8.424,49.767],[8.463,49.771],[8.477,49.768],[8.474,49.757],[8.461,49.744],[8.439,49.727],[8.406,49.722],[8.379,49.71],[8.362,49.691],[8.361,49.664],[8.375,49.641],[8.4,49.61],[8.417,49.579],[8.45,49.588],[8.474,49.586],[8.498,49.573],[8.566,49.527],[8.609,49.539],[8.617,49.547],[8.614,49.561],[8.598,49.606],[8.601,49.611],[8.672,49.623],[8.692,49.602],[8.687,49.584],[8.704,49.554],[8.718,49.542],[8.765,49.524],[8.811,49.522],[8.828,49.503],[8.842,49.502],[8.89,49.506],[8.893,49.494],[8.877,49.475],[8.849,49.483],[8.829,49.466],[8.833,49.438],[8.828,49.429],[8.813,49.422],[8.81,49.409],[8.817,49.402],[8.846,49.396],[8.861,49.402],[8.891,49.425],[8.899,49.445],[8.92,49.439],[8.94,49.447],[8.946,49.455],[8.939,49.468],[8.928,49.479],[8.93,49.484],[8.958,49.504],[9.011,49.504],[9.035,49.501],[9.045,49.504],[9.068,49.518],[9.104,49.518],[9.116,49.509],[9.125,49.516],[9.095,49.551],[9.078,49.563],[9.102,49.565],[9.111,49.575],[9.096,49.591],[9.077,49.603],[9.073,49.611],[9.111,49.64],[9.1,49.673],[9.099,49.686],[9.119,49.689],[9.133,49.696],[9.132,49.709],[9.135,49.722],[9.149,49.74],[9.147,49.746],[9.123,49.754],[9.122,49.766],[9.136,49.778],[9.141,49.787],[9.13,49.796],[9.104,49.796],[9.091,49.815],[9.093,49.84],[9.083,49.841],[9.07,49.831],[9.062,49.84],[9.049,49.866],[9.027,49.907],[9.028,49.985],[9.052,49.984],[9.041,50],[9.042,50.012],[9.032,50.021],[9.027,50.043],[9.012,50.05],[8.992,50.046],[8.977,50.053],[8.988,50.062],[9.006,50.066],[9.01,50.097],[9.024,50.105],[9.057,50.11],[9.108,50.125],[9.121,50.124],[9.139,50.115],[9.153,50.112],[9.156,50.1],[9.171,50.107],[9.188,50.12],[9.191,50.135],[9.229,50.144],[9.296,50.141],[9.329,50.139],[9.368,50.127],[9.384,50.119],[9.393,50.104],[9.407,50.092],[9.43,50.09],[9.446,50.091],[9.507,50.108],[9.517,50.116],[9.51,50.138],[9.527,50.164],[9.522,50.172],[9.499,50.177],[9.5,50.189],[9.509,50.207],[9.505,50.227],[9.511,50.236],[9.53,50.233],[9.546,50.235],[9.56,50.226],[9.584,50.229],[9.598,50.224],[9.612,50.224],[9.661,50.234],[9.658,50.254],[9.665,50.268],[9.68,50.28],[9.722,50.29],[9.749,50.306],[9.749,50.315],[9.743,50.347],[9.767,50.402],[9.779,50.414],[9.799,50.42],[9.828,50.401],[9.859,50.399],[9.918,50.414],[9.981,50.437],[10.001,50.448],[10.044,50.497],[10.055,50.517]]]}},{"type":"Feature","properties":{"id":"de-hh"},"geometry":{"type":"Polygon","coordinates":[[[9.741,53.573],[9.782,53.57],[9.82,53.557],[9.832,53.544],[9.819,53.54],[9.764,53.548],[9.768,53.508],[9.791,53.49],[9.811,53.462],[9.824,53.451],[9.857,53.433],[9.865,53.433],[9.878,53.445],[9.891,53.449],[9.905,53.441],[9.909,53.418],[9.919,53.416],[9.95,53.422],[9.968,53.414],[9.985,53.415],[10.028,53.427],[10.029,53.438],[10.039,53.443],[10.083,53.451],[10.111,53.434],[10.131,53.431],[10.154,53.414],[10.17,53.407],[10.187,53.404],[10.242,53.407],[10.266,53.427],[10.285,53.433],[10.328,53.433],[10.321,53.456],[10.313,53.455],[10.278,53.478],[10.248,53.489],[10.223,53.513],[10.183,53.529],[10.181,53.55],[10.173,53.574],[10.211,53.584],[10.215,53.614],[10.223,53.634],[10.209,53.645],[10.205,53.663],[10.169,53.679],[10.165,53.685],[10.195,53.723],[10.182,53.728],[10.154,53.716],[10.142,53.713],[10.093,53.72],[10.078,53.713],[10.065,53.681],[10.052,53.675],[10.039,53.676],[10.014,53.673],[10.004,53.667],[9.994,53.651],[9.98,53.647],[9.953,53.65],[9.927,53.646],[9.829,53.597],[9.816,53.593],[9.806,53.599],[9.81,53.618],[9.788,53.628],[9.768,53.629],[9.763,53.617],[9.754,53.61],[9.741,53.573]]]}},{"type":"Feature","properties":{"id":"de-mv"},"geometry":{"type":"MultiPolygon","coordinates":[[[[10.601,53.372],[10.676,53.374],[10.71,53.368],[10.732,53.352],[10.735,53.322],[10.739,53.308],[10.775,53.3],[10.787,53.293],[10.807,53.276],[10.839,53.26],[10.93,53.228],[11.04,53.166],[11.068,53.156],[11.089,53.144],[11.143,53.173],[11.165,53.171],[11.194,53.141],[11.201,53.14],[11.225,53.153],[11.24,53.142],[11.256,53.136],[11.274,53.118],[11.296,53.119],[11.32,53.116],[11.352,53.116],[11.376,53.11],[11.394,53.108],[11.399,53.133],[11.415,53.138],[11.447,53.138],[11.502,53.119],[11.528,53.121],[11.548,53.13],[11.555,53.146],[11.545,53.177],[11.532,53.188],[11.53,53.195],[11.536,53.205],[11.58,53.23],[11.6,53.237],[11.654,53.25],[11.688,53.251],[11.7,53.248],[11.732,53.233],[11.744,53.216],[11.765,53.223],[11.786,53.228],[11.839,53.226],[11.836,53.24],[11.816,53.25],[11.834,53.256],[11.861,53.251],[11.884,53.268],[11.923,53.28],[11.94,53.283],[11.959,53.278],[11.996,53.298],[12.012,53.3],[12.021,53.315],[12.023,53.329],[12.049,53.34],[12.064,53.356],[12.095,53.364],[12.128,53.366],[12.144,53.355],[12.159,53.358],[12.187,53.369],[12.204,53.366],[12.226,53.343],[12.296,53.331],[12.339,53.316],[12.369,53.302],[12.387,53.291],[12.415,53.281],[12.43,53.268],[12.446,53.266],[12.481,53.268],[12.512,53.273],[12.618,53.256],[12.637,53.252],[12.664,53.236],[12.706,53.229],[12.731,53.228],[12.74,53.225],[12.744,53.199],[12.765,53.193],[12.809,53.199],[12.837,53.195],[12.852,53.188],[12.866,53.185],[12.906,53.191],[12.933,53.191],[12.949,53.196],[12.959,53.189],[12.944,53.178],[12.951,53.171],[12.975,53.165],[13.001,53.168],[13.047,53.198],[13.076,53.209],[13.106,53.227],[13.113,53.241],[13.154,53.259],[13.168,53.257],[13.19,53.237],[13.202,53.233],[13.23,53.233],[13.24,53.258],[13.255,53.276],[13.282,53.288],[13.309,53.289],[13.33,53.287],[13.37,53.274],[13.388,53.271],[13.406,53.275],[13.458,53.3],[13.48,53.309],[13.494,53.319],[13.507,53.342],[13.526,53.367],[13.531,53.385],[13.539,53.397],[13.572,53.411],[13.607,53.411],[13.63,53.424],[13.648,53.444],[13.709,53.475],[13.745,53.478],[13.779,53.477],[13.809,53.485],[13.804,53.497],[13.779,53.525],[13.781,53.544],[13.798,53.542],[13.823,53.519],[13.869,53.508],[13.871,53.486],[13.9,53.455],[13.905,53.441],[13.921,53.427],[13.991,53.43],[14.05,53.428],[14.096,53.419],[14.117,53.436],[14.142,53.44],[14.177,53.429],[14.219,53.43],[14.243,53.427],[14.244,53.401],[14.24,53.382],[14.224,53.36],[14.188,53.326],[14.104,53.292],[14.103,53.273],[14.145,53.269],[14.183,53.263],[14.249,53.259],[14.263,53.265],[14.269,53.279],[14.296,53.287],[14.324,53.309],[14.391,53.334],[14.37,53.392],[14.36,53.444],[14.339,53.465],[14.328,53.486],[14.304,53.509],[14.297,53.529],[14.296,53.551],[14.299,53.588],[14.297,53.598],[14.276,53.637],[14.261,53.656],[14.265,53.672],[14.264,53.7],[14.24,53.701],[14.213,53.708],[14.26,53.728],[14.267,53.735],[14.264,53.752],[14.25,53.76],[14.227,53.759],[14.215,53.745],[14.187,53.74],[14.106,53.743],[14.069,53.755],[14.037,53.755],[14.017,53.77],[13.984,53.774],[13.911,53.81],[13.9,53.809],[13.884,53.818],[13.869,53.83],[13.863,53.841],[13.817,53.853],[13.808,53.865],[13.819,53.878],[13.89,53.913],[13.908,53.934],[13.906,53.943],[13.867,53.955],[13.849,53.956],[13.85,53.964],[13.839,53.986],[13.803,53.996],[13.758,54.031],[13.746,54.036],[13.773,54.046],[13.785,54.064],[13.794,54.083],[13.808,54.098],[13.808,54.105],[13.729,54.144],[13.698,54.153],[13.716,54.168],[13.712,54.174],[13.683,54.168],[13.632,54.148],[13.603,54.139],[13.479,54.125],[13.479,54.118],[13.507,54.098],[13.507,54.091],[13.484,54.091],[13.465,54.098],[13.438,54.125],[13.423,54.148],[13.409,54.155],[13.395,54.149],[13.383,54.153],[13.396,54.162],[13.403,54.174],[13.384,54.178],[13.347,54.167],[13.322,54.167],[13.349,54.18],[13.322,54.195],[13.289,54.234],[13.263,54.242],[13.228,54.247],[13.176,54.265],[13.171,54.277],[13.126,54.277],[13.115,54.28],[13.109,54.31],[13.081,54.337],[13.077,54.353],[13.096,54.372],[13.084,54.379],[13.04,54.392],[13.029,54.402],[13.021,54.415],[13.021,54.426],[13.034,54.434],[13.009,54.438],[12.969,54.429],[12.929,54.414],[12.904,54.4],[12.876,54.365],[12.855,54.358],[12.822,54.356],[12.801,54.371],[12.79,54.384],[12.758,54.38],[12.746,54.386],[12.735,54.378],[12.724,54.381],[12.705,54.4],[12.718,54.406],[12.718,54.414],[12.693,54.414],[12.67,54.406],[12.677,54.392],[12.623,54.374],[12.593,54.369],[12.574,54.379],[12.541,54.372],[12.541,54.365],[12.561,54.359],[12.496,54.34],[12.479,54.332],[12.472,54.31],[12.451,54.304],[12.426,54.29],[12.41,54.269],[12.443,54.255],[12.437,54.248],[12.412,54.251],[12.369,54.269],[12.38,54.277],[12.378,54.286],[12.363,54.31],[12.379,54.312],[12.392,54.321],[12.396,54.333],[12.39,54.345],[12.397,54.352],[12.424,54.345],[12.418,54.361],[12.425,54.376],[12.438,54.388],[12.455,54.392],[12.491,54.39],[12.511,54.384],[12.527,54.372],[12.536,54.384],[12.554,54.391],[12.584,54.398],[12.582,54.406],[12.624,54.423],[12.67,54.42],[12.695,54.434],[12.721,54.432],[12.764,54.422],[12.871,54.417],[12.896,54.42],[12.921,54.433],[12.908,54.445],[12.88,54.449],[12.857,54.441],[12.819,54.452],[12.591,54.452],[12.548,54.462],[12.527,54.482],[12.513,54.482],[12.502,54.474],[12.486,54.447],[12.445,54.405],[12.438,54.396],[12.378,54.345],[12.342,54.304],[12.327,54.294],[12.289,54.275],[12.214,54.251],[12.187,54.243],[12.163,54.22],[12.143,54.209],[12.109,54.183],[12.111,54.177],[12.143,54.18],[12.134,54.167],[12.105,54.157],[12.095,54.146],[12.1,54.136],[12.105,54.11],[12.092,54.114],[12.09,54.138],[12.093,54.165],[12.088,54.194],[12.051,54.18],[11.812,54.15],[11.729,54.159],[11.69,54.155],[11.658,54.142],[11.625,54.11],[11.622,54.1],[11.629,54.091],[11.619,54.077],[11.591,54.066],[11.573,54.039],[11.553,54.03],[11.526,54.03],[11.526,54.023],[11.492,54.002],[11.498,53.982],[11.48,53.976],[11.472,53.969],[11.477,53.953],[11.469,53.933],[11.459,53.917],[11.458,53.906],[11.439,53.909],[11.4,53.938],[11.4,53.941],[11.358,53.941],[11.342,53.958],[11.334,53.961],[11.294,53.941],[11.256,53.941],[11.243,53.945],[11.241,53.956],[11.245,53.978],[11.24,53.983],[11.204,53.989],[11.191,54.01],[11.175,54.018],[11.053,54.008],[11,53.992],[10.965,53.985],[10.923,53.961],[10.906,53.961],[10.904,53.931],[10.92,53.921],[10.96,53.913],[10.945,53.905],[10.918,53.902],[10.907,53.905],[10.907,53.915],[10.885,53.919],[10.861,53.91],[10.812,53.883],[10.773,53.87],[10.763,53.865],[10.751,53.843],[10.762,53.823],[10.771,53.793],[10.767,53.775],[10.758,53.752],[10.761,53.747],[10.806,53.741],[10.847,53.709],[10.866,53.7],[10.896,53.701],[10.915,53.697],[10.938,53.685],[10.946,53.677],[10.946,53.665],[10.955,53.655],[10.956,53.639],[10.94,53.629],[10.941,53.611],[10.953,53.584],[10.954,53.566],[10.938,53.553],[10.924,53.552],[10.917,53.568],[10.904,53.572],[10.858,53.568],[10.833,53.572],[10.828,53.567],[10.832,53.544],[10.824,53.531],[10.82,53.515],[10.805,53.509],[10.76,53.488],[10.702,53.476],[10.695,53.46],[10.686,53.457],[10.661,53.458],[10.641,53.451],[10.635,53.445],[10.622,53.391],[10.601,53.372]]],[[[14.21,53.938],[14.192,53.946],[14.017,54.06],[13.986,54.071],[13.948,54.08],[13.882,54.102],[13.856,54.118],[13.844,54.131],[13.824,54.164],[13.815,54.174],[13.796,54.178],[13.778,54.174],[13.762,54.164],[13.753,54.153],[13.765,54.142],[13.806,54.117],[13.815,54.101],[13.809,54.075],[13.782,54.042],[13.774,54.023],[13.794,54.018],[13.823,54.038],[13.871,54.049],[13.876,54.036],[13.858,54.016],[13.856,54.002],[13.897,54.012],[13.9,54.02],[13.925,54.044],[13.916,54.056],[13.926,54.064],[13.946,54.067],[13.966,54.064],[13.982,54.056],[14.006,54.032],[14.014,54.016],[14.037,54.022],[14.051,54.005],[14.053,53.978],[14.04,53.954],[14.048,53.941],[14.014,53.947],[14.019,53.956],[13.987,53.961],[13.96,53.957],[13.973,53.989],[13.955,53.994],[13.904,53.995],[13.902,53.97],[13.939,53.928],[13.932,53.899],[13.922,53.893],[13.888,53.882],[13.855,53.877],[13.822,53.865],[13.84,53.85],[13.875,53.844],[13.938,53.845],[13.996,53.854],[14.025,53.864],[14.048,53.879],[14.065,53.872],[14.087,53.87],[14.201,53.878],[14.193,53.894],[14.175,53.906],[14.193,53.911],[14.21,53.938]]],[[[11.376,53.982],[11.407,53.968],[11.423,53.968],[11.438,53.975],[11.433,53.989],[11.447,53.997],[11.451,53.986],[11.445,53.968],[11.458,53.961],[11.468,53.971],[11.498,54.023],[11.468,54.031],[11.427,54.023],[11.39,54.005],[11.376,53.982]]],[[[11.528,54.075],[11.54,54.057],[11.553,54.073],[11.599,54.098],[11.602,54.104],[11.534,54.085],[11.528,54.075]]],[[[13.143,54.598],[13.126,54.606],[13.11,54.603],[13.102,54.596],[13.096,54.571],[13.064,54.505],[13.061,54.468],[13.068,54.468],[13.07,54.49],[13.075,54.509],[13.081,54.517],[13.103,54.53],[13.112,54.551],[13.113,54.57],[13.119,54.586],[13.143,54.598]]],[[[13.698,54.392],[13.677,54.401],[13.63,54.408],[13.61,54.414],[13.588,54.438],[13.579,54.455],[13.575,54.472],[13.585,54.487],[13.607,54.499],[13.651,54.516],[13.677,54.54],[13.671,54.566],[13.64,54.586],[13.596,54.591],[13.466,54.577],[13.425,54.585],[13.408,54.593],[13.395,54.604],[13.386,54.619],[13.383,54.636],[13.391,54.651],[13.409,54.66],[13.445,54.674],[13.445,54.68],[13.419,54.688],[13.391,54.688],[13.254,54.665],[13.231,54.653],[13.225,54.635],[13.246,54.64],[13.291,54.647],[13.291,54.633],[13.284,54.619],[13.27,54.612],[13.257,54.595],[13.25,54.576],[13.253,54.565],[13.273,54.561],[13.308,54.58],[13.332,54.588],[13.348,54.601],[13.369,54.612],[13.399,54.58],[13.424,54.575],[13.441,54.557],[13.487,54.557],[13.508,54.57],[13.513,54.564],[13.5,54.557],[13.521,54.524],[13.521,54.516],[13.509,54.509],[13.5,54.496],[13.507,54.488],[13.456,54.487],[13.431,54.493],[13.411,54.509],[13.417,54.525],[13.406,54.538],[13.388,54.551],[13.377,54.565],[13.363,54.557],[13.363,54.55],[13.39,54.543],[13.375,54.526],[13.349,54.524],[13.363,54.543],[13.351,54.556],[13.369,54.585],[13.353,54.581],[13.334,54.573],[13.301,54.55],[13.309,54.535],[13.298,54.52],[13.288,54.54],[13.265,54.548],[13.26,54.554],[13.243,54.556],[13.166,54.549],[13.152,54.543],[13.163,54.535],[13.166,54.519],[13.185,54.508],[13.203,54.509],[13.233,54.516],[13.225,54.502],[13.233,54.493],[13.273,54.482],[13.26,54.475],[13.26,54.468],[13.239,54.466],[13.209,54.457],[13.182,54.453],[13.157,54.427],[13.201,54.434],[13.225,54.421],[13.239,54.42],[13.234,54.403],[13.239,54.394],[13.251,54.387],[13.237,54.374],[13.205,54.372],[13.174,54.384],[13.149,54.377],[13.129,54.36],[13.115,54.338],[13.178,54.31],[13.149,54.305],[13.143,54.298],[13.16,54.291],[13.19,54.3],[13.205,54.297],[13.199,54.284],[13.21,54.276],[13.242,54.269],[13.268,54.256],[13.284,54.263],[13.315,54.263],[13.308,54.269],[13.335,54.284],[13.32,54.256],[13.312,54.251],[13.347,54.237],[13.379,54.231],[13.407,54.228],[13.423,54.233],[13.425,54.243],[13.418,54.266],[13.411,54.268],[13.363,54.263],[13.369,54.256],[13.356,54.249],[13.36,54.275],[13.382,54.282],[13.406,54.285],[13.429,54.311],[13.482,54.338],[13.5,54.345],[13.599,54.352],[13.627,54.339],[13.65,54.352],[13.691,54.352],[13.691,54.345],[13.672,54.34],[13.66,54.33],[13.712,54.332],[13.704,54.32],[13.688,54.313],[13.651,54.304],[13.651,54.297],[13.679,54.294],[13.712,54.304],[13.726,54.301],[13.73,54.317],[13.74,54.33],[13.766,54.345],[13.742,54.35],[13.725,54.364],[13.698,54.392]]]]}},{"type":"Feature","properties":{"id":"de-ni"},"geometry":{"type":"MultiPolygon","coordinates":[[[[10.328,53.433],[10.285,53.433],[10.266,53.427],[10.242,53.407],[10.187,53.404],[10.17,53.407],[10.154,53.414],[10.131,53.431],[10.111,53.434],[10.083,53.451],[10.039,53.443],[10.029,53.438],[10.028,53.427],[9.985,53.415],[9.968,53.414],[9.95,53.422],[9.919,53.416],[9.909,53.418],[9.905,53.441],[9.891,53.449],[9.878,53.445],[9.865,53.433],[9.857,53.433],[9.824,53.451],[9.811,53.462],[9.791,53.49],[9.768,53.508],[9.764,53.548],[9.697,53.557],[9.637,53.581],[9.601,53.586],[9.582,53.591],[9.567,53.6],[9.498,53.66],[9.485,53.69],[9.471,53.701],[9.443,53.714],[9.403,53.742],[9.305,53.845],[9.283,53.862],[9.275,53.865],[9.241,53.864],[9.224,53.866],[9.211,53.872],[9.194,53.865],[9.115,53.865],[9.035,53.854],[9.016,53.841],[8.976,53.842],[8.904,53.832],[8.861,53.831],[8.782,53.842],[8.745,53.854],[8.709,53.872],[8.685,53.888],[8.652,53.892],[8.629,53.889],[8.607,53.882],[8.588,53.87],[8.573,53.858],[8.556,53.831],[8.53,53.771],[8.492,53.715],[8.486,53.7],[8.484,53.684],[8.487,53.667],[8.501,53.644],[8.513,53.617],[8.562,53.606],[8.584,53.604],[8.625,53.605],[8.632,53.602],[8.62,53.588],[8.635,53.56],[8.643,53.532],[8.639,53.517],[8.624,53.502],[8.603,53.49],[8.588,53.5],[8.573,53.502],[8.557,53.52],[8.536,53.506],[8.513,53.496],[8.498,53.475],[8.497,53.445],[8.507,53.383],[8.504,53.358],[8.491,53.376],[8.485,53.401],[8.484,53.457],[8.49,53.486],[8.506,53.508],[8.528,53.524],[8.552,53.536],[8.552,53.544],[8.513,53.555],[8.428,53.565],[8.388,53.577],[8.348,53.613],[8.329,53.618],[8.288,53.617],[8.271,53.613],[8.257,53.604],[8.249,53.59],[8.242,53.556],[8.233,53.54],[8.231,53.525],[8.252,53.523],[8.292,53.529],[8.32,53.509],[8.315,53.475],[8.293,53.44],[8.272,53.42],[8.249,53.408],[8.22,53.406],[8.205,53.411],[8.187,53.43],[8.152,53.45],[8.124,53.454],[8.1,53.447],[8.086,53.456],[8.077,53.469],[8.059,53.502],[8.076,53.509],[8.116,53.511],[8.155,53.526],[8.165,53.535],[8.168,53.553],[8.157,53.564],[8.119,53.572],[8.128,53.591],[8.094,53.605],[8.053,53.636],[8.025,53.673],[8.031,53.708],[7.951,53.722],[7.651,53.697],[7.504,53.679],[7.48,53.682],[7.459,53.695],[7.305,53.685],[7.226,53.666],[7.189,53.644],[7.169,53.635],[7.133,53.611],[7.101,53.598],[7.087,53.587],[7.089,53.574],[7.102,53.566],[7.131,53.557],[7.14,53.55],[7.142,53.537],[7.12,53.516],[7.079,53.522],[7.06,53.522],[7.051,53.513],[7.047,53.498],[7.028,53.467],[7.023,53.451],[7.024,53.376],[7.038,53.349],[7.075,53.338],[7.303,53.333],[7.343,53.324],[7.367,53.303],[7.348,53.307],[7.313,53.321],[7.292,53.324],[7.268,53.324],[7.255,53.32],[7.23,53.297],[7.237,53.286],[7.234,53.274],[7.225,53.263],[7.204,53.248],[7.195,53.245],[7.199,53.201],[7.189,53.168],[7.174,53.146],[7.173,53.126],[7.185,53.105],[7.194,53.034],[7.193,52.998],[7.184,52.966],[7.162,52.933],[7.08,52.854],[7.062,52.824],[7.053,52.791],[7.044,52.683],[7.037,52.647],[7.018,52.626],[6.968,52.637],[6.918,52.632],[6.865,52.642],[6.771,52.641],[6.737,52.635],[6.702,52.619],[6.71,52.609],[6.704,52.591],[6.711,52.577],[6.744,52.56],[6.688,52.543],[6.672,52.542],[6.684,52.526],[6.689,52.491],[6.695,52.476],[6.715,52.462],[6.741,52.454],[6.82,52.447],[6.872,52.435],[6.9,52.432],[6.926,52.433],[6.951,52.437],[6.973,52.451],[7.034,52.391],[7.048,52.365],[7.04,52.329],[7.02,52.3],[7.012,52.285],[7.012,52.267],[7.027,52.239],[7.053,52.238],[7.094,52.249],[7.122,52.263],[7.259,52.266],[7.301,52.272],[7.349,52.292],[7.373,52.304],[7.398,52.307],[7.416,52.314],[7.467,52.346],[7.514,52.37],[7.533,52.373],[7.562,52.372],[7.576,52.383],[7.587,52.405],[7.601,52.42],[7.586,52.428],[7.582,52.436],[7.594,52.468],[7.609,52.476],[7.681,52.462],[7.694,52.448],[7.703,52.413],[7.71,52.407],[7.734,52.402],[7.802,52.376],[7.816,52.365],[7.829,52.363],[7.895,52.379],[7.906,52.377],[7.942,52.348],[7.974,52.312],[7.966,52.309],[7.936,52.306],[7.929,52.3],[7.946,52.277],[7.938,52.266],[7.916,52.251],[7.925,52.23],[7.904,52.211],[7.904,52.2],[7.934,52.195],[7.939,52.184],[7.948,52.18],[7.991,52.182],[8.017,52.174],[8.004,52.151],[7.99,52.123],[7.947,52.119],[7.922,52.112],[7.893,52.095],[7.892,52.09],[7.912,52.056],[7.948,52.047],[7.97,52.039],[7.979,52.04],[8.023,52.066],[8.038,52.071],[8.075,52.075],[8.11,52.067],[8.181,52.083],[8.211,52.097],[8.235,52.116],[8.267,52.134],[8.394,52.111],[8.406,52.114],[8.426,52.141],[8.466,52.157],[8.486,52.17],[8.498,52.189],[8.464,52.205],[8.461,52.214],[8.459,52.25],[8.461,52.287],[8.46,52.304],[8.45,52.338],[8.441,52.354],[8.428,52.367],[8.399,52.38],[8.334,52.398],[8.321,52.41],[8.301,52.451],[8.324,52.446],[8.347,52.446],[8.367,52.441],[8.424,52.446],[8.441,52.451],[8.454,52.462],[8.466,52.491],[8.497,52.507],[8.517,52.508],[8.566,52.507],[8.583,52.509],[8.632,52.524],[8.66,52.52],[8.676,52.511],[8.704,52.48],[8.707,52.465],[8.705,52.443],[8.711,52.432],[8.707,52.407],[8.713,52.397],[8.724,52.396],[8.827,52.389],[8.859,52.391],[8.894,52.4],[8.961,52.409],[8.969,52.416],[8.984,52.445],[8.999,52.463],[9.026,52.48],[9.081,52.498],[9.097,52.495],[9.111,52.483],[9.132,52.477],[9.13,52.465],[9.109,52.452],[9.111,52.442],[9.128,52.408],[9.095,52.376],[9.074,52.349],[9.049,52.34],[9.018,52.341],[9.001,52.333],[8.993,52.316],[8.983,52.265],[8.993,52.257],[9.011,52.254],[9.044,52.245],[9.066,52.241],[9.07,52.237],[9.049,52.228],[9.038,52.219],[9.048,52.196],[9.042,52.193],[9.019,52.194],[8.988,52.188],[9.004,52.164],[9.007,52.149],[8.997,52.137],[9.004,52.133],[9.031,52.137],[9.064,52.138],[9.135,52.132],[9.146,52.126],[9.14,52.112],[9.149,52.102],[9.177,52.095],[9.188,52.085],[9.19,52.075],[9.178,52.06],[9.177,52.053],[9.198,52.019],[9.193,52.006],[9.179,51.999],[9.171,51.986],[9.21,51.972],[9.224,51.971],[9.228,51.98],[9.248,51.984],[9.286,51.973],[9.286,51.965],[9.275,51.938],[9.263,51.921],[9.302,51.923],[9.326,51.916],[9.335,51.906],[9.338,51.893],[9.336,51.882],[9.322,51.856],[9.332,51.855],[9.366,51.861],[9.41,51.86],[9.433,51.863],[9.455,51.868],[9.456,51.856],[9.441,51.838],[9.461,51.832],[9.452,51.816],[9.452,51.798],[9.437,51.77],[9.428,51.763],[9.405,51.752],[9.39,51.729],[9.393,51.698],[9.388,51.693],[9.39,51.678],[9.375,51.665],[9.373,51.647],[9.379,51.64],[9.394,51.64],[9.44,51.649],[9.448,51.644],[9.467,51.655],[9.483,51.655],[9.49,51.649],[9.494,51.632],[9.508,51.628],[9.533,51.63],[9.549,51.64],[9.565,51.63],[9.593,51.626],[9.623,51.629],[9.631,51.617],[9.651,51.611],[9.666,51.585],[9.686,51.572],[9.671,51.559],[9.644,51.572],[9.634,51.569],[9.645,51.552],[9.62,51.552],[9.613,51.524],[9.597,51.521],[9.597,51.512],[9.616,51.484],[9.639,51.468],[9.631,51.461],[9.637,51.447],[9.635,51.434],[9.639,51.409],[9.633,51.401],[9.593,51.397],[9.582,51.399],[9.564,51.384],[9.571,51.361],[9.554,51.362],[9.541,51.358],[9.569,51.342],[9.586,51.339],[9.656,51.32],[9.683,51.315],[9.711,51.292],[9.734,51.293],[9.762,51.309],[9.773,51.319],[9.773,51.327],[9.784,51.336],[9.77,51.341],[9.754,51.331],[9.743,51.335],[9.719,51.351],[9.714,51.364],[9.756,51.379],[9.768,51.386],[9.792,51.39],[9.808,51.407],[9.837,51.394],[9.844,51.382],[9.856,51.372],[9.866,51.373],[9.876,51.385],[9.863,51.402],[9.863,51.409],[9.885,51.411],[9.904,51.417],[9.906,51.404],[9.915,51.398],[9.949,51.382],[10,51.408],[10.011,51.417],[10.046,51.432],[10.066,51.421],[10.085,51.431],[10.1,51.433],[10.15,51.432],[10.15,51.443],[10.172,51.449],[10.182,51.463],[10.181,51.472],[10.195,51.479],[10.213,51.478],[10.219,51.471],[10.24,51.472],[10.294,51.493],[10.306,51.511],[10.332,51.52],[10.341,51.529],[10.365,51.542],[10.38,51.572],[10.375,51.586],[10.422,51.592],[10.431,51.591],[10.479,51.575],[10.514,51.556],[10.562,51.557],[10.61,51.573],[10.624,51.573],[10.645,51.561],[10.653,51.566],[10.654,51.578],[10.629,51.601],[10.631,51.607],[10.649,51.62],[10.698,51.637],[10.669,51.67],[10.669,51.693],[10.664,51.707],[10.644,51.721],[10.63,51.738],[10.619,51.759],[10.603,51.766],[10.585,51.778],[10.578,51.805],[10.58,51.845],[10.601,51.855],[10.618,51.868],[10.626,51.87],[10.64,51.884],[10.638,51.907],[10.613,51.925],[10.618,51.943],[10.642,51.953],[10.625,51.96],[10.615,51.968],[10.59,51.976],[10.586,51.987],[10.573,51.999],[10.58,52.01],[10.609,52.008],[10.622,52.011],[10.651,52.03],[10.651,52.04],[10.661,52.045],[10.717,52.05],[10.85,52.05],[10.876,52.057],[10.896,52.059],[10.946,52.058],[10.968,52.065],[10.969,52.084],[10.948,52.097],[10.958,52.105],[10.993,52.112],[11.014,52.119],[11.038,52.132],[11.057,52.149],[11.054,52.168],[11.025,52.179],[11.019,52.187],[11.029,52.206],[11.037,52.211],[11.072,52.219],[11.083,52.225],[11.083,52.247],[11.062,52.251],[11.062,52.259],[11.048,52.261],[11.027,52.275],[11.015,52.287],[11.034,52.306],[11.021,52.323],[11.003,52.329],[10.999,52.342],[11.019,52.349],[11.064,52.354],[11.073,52.372],[11.067,52.38],[11.038,52.395],[11.011,52.403],[10.939,52.462],[10.941,52.476],[10.95,52.492],[10.963,52.498],[11.002,52.498],[10.994,52.509],[10.966,52.536],[10.954,52.545],[10.946,52.568],[10.946,52.584],[10.953,52.593],[10.978,52.613],[10.973,52.619],[10.957,52.623],[10.937,52.614],[10.92,52.619],[10.885,52.651],[10.837,52.71],[10.811,52.716],[10.801,52.722],[10.794,52.748],[10.774,52.762],[10.757,52.786],[10.76,52.801],[10.757,52.818],[10.762,52.838],[10.795,52.846],[10.843,52.848],[10.886,52.847],[10.942,52.859],[10.961,52.865],[10.989,52.882],[10.996,52.901],[11.015,52.912],[11.051,52.912],[11.081,52.908],[11.107,52.901],[11.165,52.903],[11.214,52.898],[11.241,52.886],[11.248,52.878],[11.264,52.878],[11.284,52.885],[11.313,52.884],[11.374,52.9],[11.412,52.906],[11.47,52.94],[11.502,52.944],[11.496,52.969],[11.507,53.001],[11.525,53.008],[11.552,53.006],[11.562,53.01],[11.581,53.043],[11.532,53.055],[11.491,53.061],[11.461,53.079],[11.438,53.084],[11.417,53.081],[11.384,53.067],[11.366,53.064],[11.344,53.066],[11.328,53.072],[11.291,53.099],[11.274,53.118],[11.256,53.136],[11.24,53.142],[11.225,53.153],[11.201,53.14],[11.194,53.141],[11.165,53.171],[11.143,53.173],[11.089,53.144],[11.068,53.156],[11.04,53.166],[10.93,53.228],[10.839,53.26],[10.807,53.276],[10.787,53.293],[10.775,53.3],[10.739,53.308],[10.735,53.322],[10.732,53.352],[10.71,53.368],[10.676,53.374],[10.601,53.372],[10.57,53.364],[10.528,53.372],[10.386,53.424],[10.351,53.432],[10.328,53.433]],[[8.564,53.212],[8.59,53.215],[8.618,53.205],[8.677,53.19],[8.69,53.188],[8.71,53.192],[8.746,53.192],[8.757,53.179],[8.784,53.169],[8.824,53.168],[8.861,53.149],[8.895,53.139],[8.912,53.139],[8.924,53.157],[8.933,53.163],[8.949,53.156],[8.973,53.14],[8.975,53.135],[8.96,53.126],[8.962,53.116],[8.986,53.1],[8.99,53.094],[8.977,53.076],[8.973,53.053],[8.958,53.043],[8.915,53.025],[8.866,53.048],[8.866,53.04],[8.844,53.033],[8.825,53.035],[8.777,53.053],[8.719,53.048],[8.702,53.051],[8.703,53.08],[8.654,53.116],[8.638,53.13],[8.631,53.16],[8.611,53.18],[8.578,53.18],[8.554,53.19],[8.513,53.2],[8.496,53.224],[8.53,53.225],[8.564,53.212]]],[[[6.798,53.604],[6.785,53.62],[6.747,53.618],[6.671,53.604],[6.66,53.599],[6.663,53.587],[6.677,53.576],[6.695,53.57],[6.716,53.576],[6.722,53.591],[6.741,53.593],[6.776,53.602],[6.798,53.604]]],[[[6.874,53.673],[7.085,53.687],[7.047,53.694],[6.911,53.684],[6.874,53.673]]],[[[7.133,53.708],[7.174,53.701],[7.296,53.711],[7.347,53.723],[7.346,53.728],[7.233,53.729],[7.179,53.724],[7.133,53.708]]],[[[7.367,53.728],[7.381,53.729],[7.421,53.721],[7.436,53.728],[7.423,53.734],[7.403,53.737],[7.383,53.735],[7.367,53.728]]],[[[8.12,53.721],[8.151,53.714],[8.182,53.728],[8.175,53.737],[8.152,53.739],[8.133,53.734],[8.12,53.721]]],[[[7.517,53.762],[7.487,53.761],[7.475,53.757],[7.47,53.745],[7.473,53.732],[7.482,53.727],[7.511,53.728],[7.514,53.746],[7.548,53.75],[7.621,53.749],[7.627,53.755],[7.607,53.763],[7.517,53.762]]],[[[7.661,53.762],[7.677,53.758],[7.695,53.77],[7.719,53.76],[7.748,53.761],[7.776,53.768],[7.813,53.783],[7.728,53.787],[7.686,53.781],[7.661,53.762]]],[[[7.874,53.776],[7.875,53.788],[7.893,53.789],[7.935,53.783],[7.929,53.793],[7.898,53.796],[7.859,53.791],[7.855,53.785],[7.874,53.776]]]]}},{"type":"Feature","properties":{"id":"de-nw"},"geometry":{"type":"Polygon","coordinates":[[[8.134,50.684],[8.144,50.698],[8.167,50.708],[8.175,50.742],[8.167,50.752],[8.145,50.762],[8.133,50.777],[8.139,50.785],[8.187,50.812],[8.197,50.827],[8.217,50.836],[8.225,50.844],[8.268,50.868],[8.281,50.878],[8.3,50.881],[8.314,50.864],[8.337,50.86],[8.364,50.862],[8.395,50.875],[8.397,50.889],[8.427,50.909],[8.444,50.916],[8.464,50.914],[8.468,50.921],[8.47,50.944],[8.491,50.973],[8.51,50.98],[8.528,51.005],[8.545,51.021],[8.535,51.05],[8.538,51.06],[8.521,51.085],[8.525,51.093],[8.627,51.094],[8.658,51.088],[8.704,51.105],[8.705,51.116],[8.696,51.13],[8.718,51.15],[8.75,51.173],[8.752,51.191],[8.732,51.25],[8.72,51.255],[8.724,51.266],[8.708,51.269],[8.686,51.259],[8.645,51.254],[8.622,51.24],[8.604,51.243],[8.594,51.258],[8.58,51.265],[8.578,51.276],[8.594,51.296],[8.616,51.314],[8.648,51.334],[8.654,51.344],[8.673,51.352],[8.685,51.363],[8.728,51.373],[8.773,51.375],[8.815,51.382],[8.851,51.375],[8.858,51.375],[8.894,51.39],[8.935,51.391],[8.942,51.396],[8.95,51.412],[8.941,51.418],[8.92,51.42],[8.916,51.425],[8.913,51.45],[8.898,51.467],[8.906,51.481],[8.958,51.497],[8.999,51.504],[9.015,51.509],[9.05,51.496],[9.071,51.492],[9.085,51.483],[9.084,51.46],[9.09,51.453],[9.109,51.443],[9.146,51.438],[9.158,51.439],[9.193,51.456],[9.21,51.456],[9.218,51.466],[9.224,51.487],[9.252,51.5],[9.263,51.502],[9.296,51.518],[9.316,51.54],[9.336,51.554],[9.354,51.59],[9.352,51.596],[9.333,51.607],[9.346,51.612],[9.418,51.627],[9.44,51.649],[9.394,51.64],[9.379,51.64],[9.373,51.647],[9.375,51.665],[9.39,51.678],[9.388,51.693],[9.393,51.698],[9.39,51.729],[9.405,51.752],[9.428,51.763],[9.437,51.77],[9.452,51.798],[9.452,51.816],[9.461,51.832],[9.441,51.838],[9.456,51.856],[9.455,51.868],[9.433,51.863],[9.41,51.86],[9.366,51.861],[9.332,51.855],[9.322,51.856],[9.336,51.882],[9.338,51.893],[9.335,51.906],[9.326,51.916],[9.302,51.923],[9.263,51.921],[9.275,51.938],[9.286,51.965],[9.286,51.973],[9.248,51.984],[9.228,51.98],[9.224,51.971],[9.21,51.972],[9.171,51.986],[9.179,51.999],[9.193,52.006],[9.198,52.019],[9.177,52.053],[9.178,52.06],[9.19,52.075],[9.188,52.085],[9.177,52.095],[9.149,52.102],[9.14,52.112],[9.146,52.126],[9.135,52.132],[9.064,52.138],[9.031,52.137],[9.004,52.133],[8.997,52.137],[9.007,52.149],[9.004,52.164],[8.988,52.188],[9.019,52.194],[9.042,52.193],[9.048,52.196],[9.038,52.219],[9.049,52.228],[9.07,52.237],[9.066,52.241],[9.044,52.245],[9.011,52.254],[8.993,52.257],[8.983,52.265],[8.993,52.316],[9.001,52.333],[9.018,52.341],[9.049,52.34],[9.074,52.349],[9.095,52.376],[9.128,52.408],[9.111,52.442],[9.109,52.452],[9.13,52.465],[9.132,52.477],[9.111,52.483],[9.097,52.495],[9.081,52.498],[9.026,52.48],[8.999,52.463],[8.984,52.445],[8.969,52.416],[8.961,52.409],[8.894,52.4],[8.859,52.391],[8.827,52.389],[8.724,52.396],[8.713,52.397],[8.707,52.407],[8.711,52.432],[8.705,52.443],[8.707,52.465],[8.704,52.48],[8.676,52.511],[8.66,52.52],[8.632,52.524],[8.583,52.509],[8.566,52.507],[8.517,52.508],[8.497,52.507],[8.466,52.491],[8.454,52.462],[8.441,52.451],[8.424,52.446],[8.367,52.441],[8.347,52.446],[8.324,52.446],[8.301,52.451],[8.321,52.41],[8.334,52.398],[8.399,52.38],[8.428,52.367],[8.441,52.354],[8.45,52.338],[8.46,52.304],[8.461,52.287],[8.459,52.25],[8.461,52.214],[8.464,52.205],[8.498,52.189],[8.486,52.17],[8.466,52.157],[8.426,52.141],[8.406,52.114],[8.394,52.111],[8.267,52.134],[8.235,52.116],[8.211,52.097],[8.181,52.083],[8.11,52.067],[8.075,52.075],[8.038,52.071],[8.023,52.066],[7.979,52.04],[7.97,52.039],[7.948,52.047],[7.912,52.056],[7.892,52.09],[7.893,52.095],[7.922,52.112],[7.947,52.119],[7.99,52.123],[8.004,52.151],[8.017,52.174],[7.991,52.182],[7.948,52.18],[7.939,52.184],[7.934,52.195],[7.904,52.2],[7.904,52.211],[7.925,52.23],[7.916,52.251],[7.938,52.266],[7.946,52.277],[7.929,52.3],[7.936,52.306],[7.966,52.309],[7.974,52.312],[7.942,52.348],[7.906,52.377],[7.895,52.379],[7.829,52.363],[7.816,52.365],[7.802,52.376],[7.734,52.402],[7.71,52.407],[7.703,52.413],[7.694,52.448],[7.681,52.462],[7.609,52.476],[7.594,52.468],[7.582,52.436],[7.586,52.428],[7.601,52.42],[7.587,52.405],[7.576,52.383],[7.562,52.372],[7.533,52.373],[7.514,52.37],[7.467,52.346],[7.416,52.314],[7.398,52.307],[7.373,52.304],[7.349,52.292],[7.301,52.272],[7.259,52.266],[7.122,52.263],[7.094,52.249],[7.053,52.238],[7.027,52.239],[7.026,52.231],[6.982,52.214],[6.971,52.206],[6.948,52.183],[6.928,52.172],[6.885,52.16],[6.865,52.148],[6.843,52.12],[6.831,52.113],[6.766,52.108],[6.75,52.103],[6.733,52.092],[6.711,52.067],[6.68,52.06],[6.673,52.05],[6.675,52.035],[6.691,52.028],[6.713,52.024],[6.778,52.001],[6.804,51.984],[6.812,51.973],[6.811,51.961],[6.79,51.951],[6.767,51.926],[6.744,51.908],[6.717,51.899],[6.628,51.898],[6.529,51.876],[6.479,51.853],[6.463,51.848],[6.443,51.848],[6.378,51.86],[6.387,51.838],[6.382,51.828],[6.345,51.821],[6.342,51.837],[6.326,51.843],[6.287,51.846],[6.272,51.862],[6.256,51.867],[6.225,51.863],[6.191,51.871],[6.159,51.887],[6.127,51.897],[6.093,51.885],[6.105,51.879],[6.143,51.855],[6.156,51.842],[6.084,51.854],[6.043,51.847],[6.008,51.833],[5.989,51.827],[5.948,51.823],[5.931,51.816],[5.928,51.807],[5.951,51.796],[5.964,51.777],[5.962,51.756],[5.94,51.743],[5.939,51.732],[5.949,51.729],[5.978,51.73],[5.99,51.726],[6.022,51.71],[6.009,51.681],[6.031,51.663],[6.099,51.644],[6.082,51.608],[6.086,51.596],[6.153,51.538],[6.193,51.509],[6.205,51.458],[6.202,51.439],[6.194,51.417],[6.193,51.399],[6.208,51.388],[6.202,51.379],[6.199,51.357],[6.194,51.345],[6.184,51.336],[6.148,51.318],[6.097,51.259],[6.075,51.243],[6.065,51.232],[6.057,51.212],[6.054,51.189],[6.061,51.171],[6.084,51.163],[6.134,51.184],[6.157,51.179],[6.126,51.165],[6.147,51.152],[6.132,51.14],[6.075,51.12],[5.983,51.075],[5.969,51.065],[5.95,51.039],[5.938,51.031],[5.92,51.03],[5.894,51.047],[5.88,51.052],[5.852,51.043],[5.858,51.019],[5.874,50.991],[5.875,50.965],[5.888,50.967],[5.928,50.978],[5.968,50.971],[6.004,50.974],[6.006,50.969],[5.996,50.952],[6,50.929],[6.031,50.915],[6.064,50.908],[6.055,50.891],[6.063,50.871],[6.057,50.853],[6.046,50.844],[6.023,50.845],[6.009,50.84],[6,50.83],[6.004,50.813],[5.998,50.801],[5.984,50.792],[5.969,50.795],[5.973,50.782],[5.997,50.763],[5.994,50.743],[6.011,50.737],[6.008,50.717],[6.012,50.709],[6.025,50.708],[6.064,50.714],[6.081,50.713],[6.1,50.701],[6.161,50.642],[6.148,50.637],[6.159,50.622],[6.18,50.616],[6.249,50.614],[6.251,50.608],[6.233,50.587],[6.211,50.579],[6.179,50.562],[6.161,50.544],[6.177,50.53],[6.171,50.518],[6.191,50.515],[6.183,50.507],[6.199,50.49],[6.217,50.486],[6.256,50.495],[6.275,50.488],[6.319,50.482],[6.326,50.474],[6.323,50.466],[6.332,50.447],[6.351,50.434],[6.35,50.417],[6.343,50.393],[6.336,50.38],[6.338,50.368],[6.372,50.329],[6.373,50.323],[6.398,50.323],[6.426,50.332],[6.424,50.339],[6.392,50.372],[6.398,50.383],[6.414,50.378],[6.422,50.368],[6.445,50.359],[6.454,50.343],[6.481,50.346],[6.532,50.369],[6.573,50.374],[6.586,50.377],[6.616,50.369],[6.625,50.363],[6.62,50.351],[6.635,50.35],[6.663,50.362],[6.671,50.362],[6.689,50.354],[6.702,50.344],[6.718,50.342],[6.77,50.353],[6.795,50.356],[6.801,50.363],[6.798,50.373],[6.781,50.393],[6.776,50.426],[6.753,50.437],[6.761,50.454],[6.76,50.471],[6.777,50.477],[6.815,50.486],[6.821,50.486],[6.834,50.469],[6.846,50.463],[6.874,50.462],[6.888,50.477],[6.89,50.497],[6.885,50.522],[6.913,50.529],[6.928,50.541],[6.939,50.555],[6.971,50.56],[6.999,50.567],[7.052,50.59],[7.074,50.592],[7.091,50.587],[7.105,50.589],[7.122,50.604],[7.144,50.599],[7.155,50.601],[7.179,50.617],[7.186,50.619],[7.197,50.636],[7.216,50.634],[7.226,50.621],[7.283,50.619],[7.34,50.629],[7.372,50.643],[7.377,50.662],[7.383,50.668],[7.387,50.704],[7.411,50.708],[7.449,50.706],[7.532,50.721],[7.563,50.733],[7.581,50.736],[7.599,50.733],[7.613,50.749],[7.627,50.756],[7.659,50.763],[7.674,50.777],[7.694,50.776],[7.699,50.782],[7.694,50.798],[7.676,50.81],[7.713,50.824],[7.741,50.842],[7.763,50.836],[7.771,50.844],[7.77,50.855],[7.758,50.875],[7.754,50.9],[7.758,50.911],[7.789,50.93],[7.802,50.933],[7.86,50.922],[7.856,50.908],[7.845,50.882],[7.859,50.873],[7.886,50.867],[7.924,50.841],[7.943,50.832],[7.97,50.837],[7.977,50.827],[7.984,50.803],[7.981,50.774],[7.991,50.761],[8.034,50.726],[8.05,50.707],[8.056,50.691],[8.065,50.69],[8.089,50.697],[8.107,50.695],[8.134,50.684]]]}},{"type":"Feature","properties":{"id":"de-rp"},"geometry":{"type":"Polygon","coordinates":[[[6.373,50.323],[6.375,50.315],[6.362,50.307],[6.335,50.304],[6.299,50.309],[6.286,50.304],[6.269,50.286],[6.272,50.267],[6.253,50.257],[6.21,50.249],[6.19,50.243],[6.18,50.233],[6.157,50.223],[6.147,50.214],[6.16,50.205],[6.166,50.193],[6.165,50.182],[6.152,50.169],[6.123,50.165],[6.116,50.145],[6.126,50.14],[6.127,50.127],[6.117,50.12],[6.106,50.092],[6.099,50.064],[6.106,50.06],[6.096,50.049],[6.114,50.036],[6.12,50.016],[6.117,50.004],[6.122,49.996],[6.139,49.979],[6.154,49.951],[6.162,49.942],[6.173,49.956],[6.19,49.938],[6.223,49.887],[6.238,49.877],[6.272,49.867],[6.287,49.861],[6.303,49.835],[6.334,49.84],[6.351,49.833],[6.38,49.816],[6.397,49.809],[6.415,49.805],[6.462,49.805],[6.493,49.8],[6.5,49.794],[6.494,49.764],[6.496,49.748],[6.486,49.743],[6.486,49.734],[6.493,49.718],[6.483,49.708],[6.492,49.701],[6.418,49.67],[6.403,49.656],[6.417,49.646],[6.418,49.639],[6.398,49.614],[6.372,49.593],[6.356,49.578],[6.351,49.567],[6.349,49.525],[6.49,49.534],[6.605,49.53],[6.67,49.549],[6.694,49.548],[6.712,49.55],[6.86,49.594],[6.936,49.627],[6.949,49.627],[6.971,49.619],[6.999,49.629],[7.072,49.604],[7.133,49.602],[7.16,49.587],[7.197,49.57],[7.219,49.564],[7.247,49.568],[7.268,49.578],[7.273,49.577],[7.273,49.562],[7.291,49.534],[7.292,49.512],[7.306,49.503],[7.308,49.485],[7.279,49.471],[7.246,49.446],[7.252,49.431],[7.293,49.399],[7.291,49.389],[7.301,49.385],[7.351,49.379],[7.385,49.37],[7.391,49.361],[7.383,49.348],[7.387,49.337],[7.375,49.325],[7.357,49.313],[7.353,49.298],[7.337,49.286],[7.33,49.264],[7.317,49.252],[7.296,49.25],[7.287,49.231],[7.295,49.205],[7.33,49.179],[7.349,49.169],[7.372,49.166],[7.391,49.17],[7.41,49.169],[7.415,49.158],[7.458,49.156],[7.476,49.152],[7.483,49.137],[7.471,49.128],[7.485,49.119],[7.508,49.095],[7.521,49.084],[7.543,49.075],[7.586,49.07],[7.609,49.062],[7.626,49.043],[7.649,49.036],[7.685,49.043],[7.727,49.036],[7.774,49.048],[7.857,49.032],[7.914,49.036],[7.932,49.035],[8.09,48.979],[8.189,48.966],[8.2,48.958],[8.23,48.966],[8.263,48.988],[8.284,49.01],[8.357,49.11],[8.362,49.12],[8.381,49.215],[8.387,49.232],[8.411,49.244],[8.48,49.297],[8.483,49.31],[8.46,49.315],[8.462,49.323],[8.498,49.376],[8.498,49.386],[8.49,49.411],[8.505,49.431],[8.494,49.443],[8.46,49.448],[8.443,49.452],[8.443,49.459],[8.464,49.466],[8.464,49.473],[8.45,49.491],[8.428,49.534],[8.408,49.555],[8.417,49.579],[8.4,49.61],[8.375,49.641],[8.361,49.664],[8.362,49.691],[8.379,49.71],[8.406,49.722],[8.439,49.727],[8.461,49.744],[8.474,49.757],[8.477,49.768],[8.463,49.771],[8.424,49.767],[8.409,49.793],[8.39,49.815],[8.38,49.843],[8.37,49.857],[8.348,49.879],[8.34,49.891],[8.355,49.926],[8.335,49.96],[8.228,50.038],[8.201,50.046],[8.174,50.046],[8.049,50.018],[8.01,49.999],[7.962,49.983],[7.919,49.974],[7.878,49.973],[7.86,49.99],[7.857,50.003],[7.85,50.011],[7.785,50.049],[7.771,50.053],[7.811,50.073],[7.828,50.079],[7.843,50.088],[7.847,50.107],[7.855,50.116],[7.896,50.121],[7.913,50.11],[7.922,50.109],[7.93,50.132],[7.926,50.14],[7.907,50.147],[7.897,50.155],[7.898,50.171],[7.91,50.189],[7.922,50.2],[7.98,50.219],[7.993,50.228],[8.016,50.216],[8.023,50.216],[8.042,50.234],[8.034,50.246],[8.038,50.259],[8.046,50.263],[8.096,50.262],[8.121,50.269],[8.123,50.278],[8.107,50.311],[8.073,50.339],[8.049,50.371],[8.032,50.377],[8.022,50.389],[7.98,50.396],[7.975,50.405],[7.988,50.412],[8,50.44],[8.019,50.455],[8.002,50.462],[7.998,50.476],[8,50.509],[8.004,50.521],[8.015,50.525],[8.042,50.544],[8.07,50.544],[8.087,50.53],[8.107,50.527],[8.13,50.536],[8.139,50.543],[8.164,50.586],[8.144,50.603],[8.141,50.618],[8.122,50.646],[8.122,50.656],[8.13,50.667],[8.134,50.684],[8.107,50.695],[8.089,50.697],[8.065,50.69],[8.056,50.691],[8.05,50.707],[8.034,50.726],[7.991,50.761],[7.981,50.774],[7.984,50.803],[7.977,50.827],[7.97,50.837],[7.943,50.832],[7.924,50.841],[7.886,50.867],[7.859,50.873],[7.845,50.882],[7.856,50.908],[7.86,50.922],[7.802,50.933],[7.789,50.93],[7.758,50.911],[7.754,50.9],[7.758,50.875],[7.77,50.855],[7.771,50.844],[7.763,50.836],[7.741,50.842],[7.713,50.824],[7.676,50.81],[7.694,50.798],[7.699,50.782],[7.694,50.776],[7.674,50.777],[7.659,50.763],[7.627,50.756],[7.613,50.749],[7.599,50.733],[7.581,50.736],[7.563,50.733],[7.532,50.721],[7.449,50.706],[7.411,50.708],[7.387,50.704],[7.383,50.668],[7.377,50.662],[7.372,50.643],[7.34,50.629],[7.283,50.619],[7.226,50.621],[7.216,50.634],[7.197,50.636],[7.186,50.619],[7.179,50.617],[7.155,50.601],[7.144,50.599],[7.122,50.604],[7.105,50.589],[7.091,50.587],[7.074,50.592],[7.052,50.59],[6.999,50.567],[6.971,50.56],[6.939,50.555],[6.928,50.541],[6.913,50.529],[6.885,50.522],[6.89,50.497],[6.888,50.477],[6.874,50.462],[6.846,50.463],[6.834,50.469],[6.821,50.486],[6.815,50.486],[6.777,50.477],[6.76,50.471],[6.761,50.454],[6.753,50.437],[6.776,50.426],[6.781,50.393],[6.798,50.373],[6.801,50.363],[6.795,50.356],[6.77,50.353],[6.718,50.342],[6.702,50.344],[6.689,50.354],[6.671,50.362],[6.663,50.362],[6.635,50.35],[6.62,50.351],[6.625,50.363],[6.616,50.369],[6.586,50.377],[6.573,50.374],[6.532,50.369],[6.481,50.346],[6.454,50.343],[6.445,50.359],[6.422,50.368],[6.414,50.378],[6.398,50.383],[6.392,50.372],[6.424,50.339],[6.426,50.332],[6.398,50.323],[6.373,50.323]]]}},{"type":"Feature","properties":{"id":"de-sh"},"geometry":{"type":"MultiPolygon","coordinates":[[[[10.906,53.961],[10.887,53.964],[10.883,53.985],[10.875,53.995],[10.866,53.998],[10.827,53.995],[10.8,54.001],[10.78,54.01],[10.766,54.024],[10.753,54.044],[10.763,54.057],[10.801,54.092],[10.822,54.097],[10.836,54.09],[10.893,54.103],[10.91,54.109],[10.95,54.139],[11.067,54.184],[11.071,54.193],[11.09,54.208],[11.094,54.225],[11.088,54.254],[11.087,54.271],[11.094,54.284],[11.087,54.302],[11.077,54.342],[11.067,54.359],[11.088,54.352],[11.098,54.362],[11.136,54.386],[11.104,54.393],[11.034,54.368],[11.011,54.377],[11.019,54.386],[10.935,54.38],[10.901,54.371],[10.868,54.359],[10.811,54.327],[10.777,54.315],[10.731,54.31],[10.69,54.316],[10.601,54.365],[10.443,54.406],[10.383,54.435],[10.361,54.441],[10.318,54.443],[10.307,54.441],[10.286,54.425],[10.272,54.42],[10.234,54.418],[10.217,54.405],[10.204,54.372],[10.18,54.341],[10.164,54.329],[10.152,54.334],[10.153,54.352],[10.142,54.359],[10.148,54.365],[10.142,54.372],[10.159,54.375],[10.177,54.384],[10.191,54.397],[10.197,54.41],[10.184,54.438],[10.184,54.449],[10.204,54.461],[10.143,54.492],[10.125,54.496],[9.883,54.462],[9.84,54.475],[9.84,54.482],[9.882,54.485],[9.925,54.493],[9.966,54.506],[9.998,54.524],[10.02,54.546],[10.032,54.578],[10.038,54.619],[10.037,54.639],[10.032,54.653],[10.039,54.667],[10.034,54.673],[10.011,54.667],[9.996,54.679],[9.97,54.678],[9.944,54.673],[9.929,54.674],[9.93,54.683],[9.946,54.688],[9.971,54.699],[10.005,54.696],[10.018,54.701],[10,54.713],[9.984,54.729],[9.97,54.763],[9.948,54.78],[9.915,54.791],[9.891,54.79],[9.895,54.769],[9.85,54.759],[9.824,54.757],[9.812,54.766],[9.802,54.783],[9.778,54.793],[9.752,54.8],[9.735,54.807],[9.693,54.818],[9.632,54.82],[9.583,54.83],[9.58,54.866],[9.567,54.86],[9.554,54.847],[9.53,54.841],[9.511,54.828],[9.451,54.81],[9.422,54.807],[9.405,54.808],[9.385,54.819],[9.367,54.817],[9.317,54.802],[9.244,54.802],[9.226,54.806],[9.219,54.818],[9.212,54.842],[9.195,54.85],[8.983,54.879],[8.904,54.898],[8.824,54.906],[8.801,54.904],[8.733,54.889],[8.696,54.89],[8.661,54.896],[8.647,54.867],[8.643,54.844],[8.648,54.818],[8.681,54.781],[8.694,54.76],[8.689,54.735],[8.723,54.726],[8.777,54.698],[8.805,54.688],[8.818,54.674],[8.853,54.619],[8.819,54.606],[8.826,54.598],[8.858,54.606],[8.879,54.607],[8.888,54.602],[8.893,54.591],[8.904,54.581],[8.986,54.529],[9.012,54.506],[9.011,54.482],[9.005,54.466],[8.988,54.458],[8.949,54.447],[8.907,54.426],[8.886,54.418],[8.861,54.414],[8.751,54.414],[8.67,54.401],[8.648,54.406],[8.629,54.388],[8.626,54.376],[8.635,54.365],[8.651,54.378],[8.678,54.368],[8.696,54.365],[8.696,54.359],[8.672,54.359],[8.641,54.356],[8.614,54.348],[8.6,54.338],[8.603,54.312],[8.623,54.29],[8.652,54.275],[8.678,54.269],[8.69,54.271],[8.723,54.29],[8.739,54.294],[8.775,54.29],[8.805,54.292],[8.858,54.302],[8.888,54.304],[8.881,54.29],[8.903,54.296],[8.94,54.315],[8.963,54.318],[8.953,54.303],[8.922,54.274],[8.911,54.269],[8.894,54.268],[8.852,54.261],[8.84,54.256],[8.847,54.234],[8.821,54.201],[8.813,54.18],[8.833,54.153],[8.861,54.125],[8.867,54.125],[8.885,54.137],[8.918,54.146],[8.953,54.15],[8.977,54.146],[8.974,54.128],[9.007,54.108],[9.018,54.098],[9.019,54.082],[9.013,54.061],[8.997,54.03],[8.975,54.024],[8.954,54.028],[8.915,54.044],[8.891,54.048],[8.872,54.047],[8.833,54.036],[8.916,53.937],[8.949,53.913],[8.985,53.897],[9.008,53.892],[9.018,53.903],[9.03,53.907],[9.055,53.903],[9.093,53.892],[9.22,53.891],[9.258,53.886],[9.296,53.872],[9.359,53.84],[9.395,53.831],[9.397,53.811],[9.412,53.779],[9.436,53.749],[9.46,53.735],[9.475,53.732],[9.522,53.717],[9.532,53.711],[9.539,53.666],[9.551,53.635],[9.584,53.612],[9.656,53.585],[9.692,53.576],[9.741,53.573],[9.754,53.61],[9.763,53.617],[9.768,53.629],[9.788,53.628],[9.81,53.618],[9.806,53.599],[9.816,53.593],[9.829,53.597],[9.927,53.646],[9.953,53.65],[9.98,53.647],[9.994,53.651],[10.004,53.667],[10.014,53.673],[10.039,53.676],[10.052,53.675],[10.065,53.681],[10.078,53.713],[10.093,53.72],[10.142,53.713],[10.154,53.716],[10.182,53.728],[10.195,53.723],[10.165,53.685],[10.169,53.679],[10.205,53.663],[10.209,53.645],[10.223,53.634],[10.215,53.614],[10.211,53.584],[10.173,53.574],[10.181,53.55],[10.183,53.529],[10.223,53.513],[10.248,53.489],[10.278,53.478],[10.313,53.455],[10.321,53.456],[10.328,53.433],[10.351,53.432],[10.386,53.424],[10.528,53.372],[10.57,53.364],[10.601,53.372],[10.622,53.391],[10.635,53.445],[10.641,53.451],[10.661,53.458],[10.686,53.457],[10.695,53.46],[10.702,53.476],[10.76,53.488],[10.805,53.509],[10.82,53.515],[10.824,53.531],[10.832,53.544],[10.828,53.567],[10.833,53.572],[10.858,53.568],[10.904,53.572],[10.917,53.568],[10.924,53.552],[10.938,53.553],[10.954,53.566],[10.953,53.584],[10.941,53.611],[10.94,53.629],[10.956,53.639],[10.955,53.655],[10.946,53.665],[10.946,53.677],[10.938,53.685],[10.915,53.697],[10.896,53.701],[10.866,53.7],[10.847,53.709],[10.806,53.741],[10.761,53.747],[10.758,53.752],[10.767,53.775],[10.771,53.793],[10.762,53.823],[10.751,53.843],[10.763,53.865],[10.773,53.87],[10.812,53.883],[10.861,53.91],[10.885,53.919],[10.907,53.915],[10.907,53.905],[10.918,53.902],[10.945,53.905],[10.96,53.913],[10.92,53.921],[10.904,53.931],[10.906,53.961]]],[[[8.963,54.524],[8.919,54.53],[8.88,54.529],[8.844,54.52],[8.813,54.502],[8.826,54.491],[8.813,54.482],[8.824,54.471],[8.844,54.466],[8.888,54.468],[8.911,54.475],[8.938,54.499],[8.957,54.509],[8.963,54.524]]],[[[11.256,54.479],[11.232,54.502],[11.207,54.514],[11.121,54.536],[11.073,54.531],[11.034,54.509],[11.006,54.468],[11.008,54.455],[11.026,54.459],[11.032,54.447],[11.058,54.455],[11.084,54.455],[11.099,54.452],[11.103,54.444],[11.101,54.423],[11.113,54.415],[11.139,54.413],[11.179,54.414],[11.17,54.42],[11.188,54.426],[11.314,54.414],[11.256,54.479]]],[[[8.332,54.694],[8.354,54.708],[8.338,54.71],[8.32,54.699],[8.292,54.667],[8.311,54.651],[8.33,54.631],[8.354,54.619],[8.388,54.626],[8.401,54.633],[8.382,54.639],[8.332,54.694]]],[[[8.498,54.756],[8.464,54.755],[8.437,54.748],[8.414,54.736],[8.395,54.715],[8.453,54.694],[8.485,54.688],[8.511,54.694],[8.535,54.686],[8.566,54.688],[8.574,54.694],[8.594,54.729],[8.576,54.746],[8.553,54.754],[8.498,54.756]]],[[[8.36,54.948],[8.352,54.967],[8.362,54.987],[8.381,55.003],[8.422,55.016],[8.43,55.03],[8.422,55.042],[8.402,55.049],[8.463,55.051],[8.416,55.065],[8.374,55.035],[8.298,54.913],[8.289,54.891],[8.277,54.783],[8.278,54.756],[8.291,54.745],[8.298,54.777],[8.295,54.832],[8.302,54.863],[8.337,54.878],[8.362,54.877],[8.377,54.866],[8.446,54.866],[8.461,54.869],[8.504,54.886],[8.629,54.882],[8.654,54.894],[8.437,54.887],[8.388,54.894],[8.355,54.913],[8.36,54.948]]],[[[8.635,54.543],[8.602,54.53],[8.596,54.514],[8.606,54.499],[8.619,54.493],[8.641,54.492],[8.67,54.502],[8.693,54.523],[8.701,54.548],[8.699,54.559],[8.635,54.543]]]]}},{"type":"Feature","properties":{"id":"de-sl"},"geometry":{"type":"Polygon","coordinates":[[[6.349,49.525],[6.342,49.493],[6.345,49.455],[6.365,49.456],[6.392,49.467],[6.403,49.465],[6.495,49.436],[6.512,49.425],[6.518,49.416],[6.526,49.395],[6.574,49.362],[6.573,49.348],[6.556,49.347],[6.55,49.338],[6.556,49.326],[6.573,49.313],[6.64,49.271],[6.639,49.257],[6.646,49.25],[6.664,49.244],[6.678,49.211],[6.685,49.208],[6.703,49.214],[6.709,49.198],[6.701,49.173],[6.714,49.159],[6.726,49.156],[6.77,49.155],[6.809,49.146],[6.822,49.148],[6.839,49.163],[6.835,49.179],[6.828,49.196],[6.833,49.209],[6.843,49.211],[6.885,49.205],[6.925,49.206],[6.988,49.182],[7.009,49.182],[7.009,49.146],[7.021,49.119],[7.043,49.108],[7.073,49.12],[7.071,49.136],[7.085,49.142],[7.124,49.123],[7.155,49.114],[7.241,49.114],[7.268,49.106],[7.28,49.109],[7.297,49.128],[7.326,49.132],[7.339,49.14],[7.351,49.159],[7.372,49.166],[7.349,49.169],[7.33,49.179],[7.295,49.205],[7.287,49.231],[7.296,49.25],[7.317,49.252],[7.33,49.264],[7.337,49.286],[7.353,49.298],[7.357,49.313],[7.375,49.325],[7.387,49.337],[7.383,49.348],[7.391,49.361],[7.385,49.37],[7.351,49.379],[7.301,49.385],[7.291,49.389],[7.293,49.399],[7.252,49.431],[7.246,49.446],[7.279,49.471],[7.308,49.485],[7.306,49.503],[7.292,49.512],[7.291,49.534],[7.273,49.562],[7.273,49.577],[7.268,49.578],[7.247,49.568],[7.219,49.564],[7.197,49.57],[7.16,49.587],[7.133,49.602],[7.072,49.604],[6.999,49.629],[6.971,49.619],[6.949,49.627],[6.936,49.627],[6.86,49.594],[6.712,49.55],[6.694,49.548],[6.67,49.549],[6.605,49.53],[6.49,49.534],[6.349,49.525]]]}},{"type":"Feature","properties":{"id":"de-sn"},"geometry":{"type":"Polygon","coordinates":[[[12.101,50.314],[12.149,50.312],[12.169,50.303],[12.174,50.294],[12.174,50.277],[12.178,50.269],[12.204,50.26],[12.233,50.259],[12.242,50.248],[12.23,50.239],[12.233,50.232],[12.25,50.221],[12.258,50.211],[12.273,50.172],[12.283,50.162],[12.3,50.161],[12.314,50.167],[12.314,50.176],[12.306,50.199],[12.309,50.217],[12.314,50.226],[12.334,50.243],[12.336,50.259],[12.345,50.266],[12.367,50.279],[12.398,50.315],[12.409,50.322],[12.469,50.346],[12.467,50.355],[12.475,50.369],[12.51,50.389],[12.551,50.396],[12.625,50.4],[12.679,50.394],[12.692,50.395],[12.703,50.402],[12.725,50.423],[12.738,50.432],[12.754,50.435],[12.788,50.434],[12.808,50.442],[12.826,50.441],[12.918,50.405],[12.953,50.404],[12.997,50.434],[13.003,50.452],[13.01,50.493],[13.035,50.497],[13.051,50.491],[13.07,50.491],[13.107,50.499],[13.16,50.497],[13.185,50.509],[13.199,50.525],[13.232,50.582],[13.252,50.581],[13.285,50.569],[13.306,50.576],[13.322,50.602],[13.359,50.619],[13.369,50.628],[13.381,50.625],[13.407,50.601],[13.429,50.594],[13.448,50.597],[13.482,50.621],[13.498,50.629],[13.493,50.643],[13.51,50.651],[13.523,50.662],[13.527,50.676],[13.516,50.691],[13.557,50.707],[13.602,50.712],[13.692,50.712],[13.711,50.714],[13.749,50.723],[13.771,50.725],[13.817,50.721],[13.835,50.724],[13.882,50.743],[13.879,50.764],[13.893,50.78],[13.923,50.78],[13.96,50.802],[13.979,50.805],[14.016,50.802],[14.035,50.803],[14.191,50.848],[14.203,50.855],[14.221,50.873],[14.232,50.879],[14.268,50.884],[14.347,50.88],[14.376,50.896],[14.382,50.921],[14.355,50.931],[14.318,50.938],[14.293,50.953],[14.294,50.964],[14.304,50.97],[14.284,50.975],[14.25,50.978],[14.238,50.982],[14.249,50.993],[14.264,51.021],[14.288,51.037],[14.319,51.04],[14.357,51.032],[14.376,51.017],[14.398,51.013],[14.426,51.021],[14.462,51.02],[14.473,51.023],[14.482,51.037],[14.494,51.017],[14.515,51.003],[14.542,50.999],[14.555,50.993],[14.574,50.975],[14.576,50.951],[14.556,50.924],[14.55,50.912],[14.562,50.906],[14.617,50.921],[14.629,50.921],[14.635,50.909],[14.629,50.896],[14.612,50.871],[14.608,50.853],[14.613,50.846],[14.648,50.839],[14.662,50.834],[14.7,50.816],[14.738,50.811],[14.759,50.81],[14.775,50.813],[14.795,50.832],[14.81,50.858],[14.81,50.877],[14.825,50.892],[14.86,50.917],[14.911,50.993],[14.955,51.064],[14.958,51.076],[14.96,51.105],[14.98,51.123],[14.983,51.161],[14.991,51.189],[15.005,51.216],[15.022,51.237],[15.014,51.243],[15.019,51.272],[15.005,51.291],[14.982,51.308],[14.964,51.328],[14.957,51.354],[14.947,51.423],[14.955,51.435],[14.945,51.449],[14.911,51.469],[14.888,51.476],[14.841,51.484],[14.797,51.502],[14.732,51.516],[14.71,51.53],[14.707,51.541],[14.663,51.542],[14.62,51.553],[14.595,51.562],[14.574,51.565],[14.553,51.565],[14.509,51.557],[14.377,51.516],[14.339,51.51],[14.305,51.524],[14.269,51.532],[14.221,51.536],[14.159,51.527],[14.119,51.513],[14.106,51.506],[14.067,51.474],[14.061,51.466],[14.059,51.451],[14.044,51.428],[13.988,51.378],[13.97,51.359],[13.961,51.357],[13.938,51.361],[13.766,51.348],[13.731,51.35],[13.614,51.355],[13.555,51.366],[13.534,51.364],[13.522,51.367],[13.505,51.382],[13.48,51.393],[13.458,51.407],[13.411,51.421],[13.387,51.42],[13.363,51.408],[13.252,51.385],[13.239,51.399],[13.219,51.403],[13.203,51.398],[13.188,51.385],[13.181,51.388],[13.174,51.407],[13.193,51.423],[13.198,51.433],[13.198,51.467],[13.189,51.476],[13.21,51.491],[13.203,51.518],[13.196,51.529],[13.175,51.537],[13.165,51.545],[13.172,51.566],[13.166,51.573],[13.141,51.585],[13.123,51.583],[13.101,51.591],[13.073,51.612],[13.062,51.615],[13.044,51.618],[13.023,51.632],[13.009,51.637],[12.991,51.629],[12.978,51.628],[12.964,51.638],[12.942,51.645],[12.915,51.65],[12.902,51.655],[12.891,51.67],[12.862,51.668],[12.853,51.66],[12.801,51.633],[12.782,51.627],[12.752,51.635],[12.715,51.638],[12.701,51.633],[12.683,51.613],[12.662,51.601],[12.641,51.606],[12.545,51.596],[12.532,51.602],[12.459,51.604],[12.443,51.601],[12.439,51.582],[12.431,51.572],[12.356,51.568],[12.306,51.552],[12.267,51.553],[12.235,51.562],[12.222,51.543],[12.195,51.529],[12.195,51.482],[12.191,51.47],[12.157,51.449],[12.159,51.426],[12.168,51.414],[12.171,51.392],[12.17,51.375],[12.185,51.351],[12.186,51.337],[12.182,51.325],[12.158,51.32],[12.146,51.314],[12.132,51.292],[12.14,51.274],[12.142,51.253],[12.161,51.237],[12.165,51.227],[12.168,51.197],[12.163,51.187],[12.153,51.178],[12.153,51.17],[12.184,51.164],[12.179,51.137],[12.189,51.125],[12.211,51.112],[12.215,51.095],[12.223,51.089],[12.265,51.084],[12.329,51.088],[12.484,51.058],[12.491,51.028],[12.522,50.995],[12.532,50.98],[12.546,50.971],[12.574,50.963],[12.602,50.952],[12.626,50.929],[12.647,50.9],[12.647,50.892],[12.63,50.887],[12.611,50.87],[12.602,50.876],[12.582,50.875],[12.549,50.878],[12.528,50.877],[12.508,50.882],[12.501,50.87],[12.463,50.857],[12.442,50.841],[12.424,50.824],[12.407,50.829],[12.377,50.827],[12.364,50.823],[12.331,50.806],[12.258,50.793],[12.257,50.782],[12.269,50.774],[12.285,50.769],[12.287,50.761],[12.273,50.75],[12.249,50.743],[12.241,50.722],[12.258,50.723],[12.271,50.715],[12.265,50.701],[12.279,50.68],[12.29,50.676],[12.322,50.674],[12.302,50.652],[12.29,50.643],[12.253,50.626],[12.228,50.625],[12.209,50.628],[12.187,50.626],[12.159,50.604],[12.16,50.584],[12.153,50.568],[12.145,50.563],[12.118,50.557],[12.097,50.563],[12.081,50.561],[12.059,50.538],[12.049,50.532],[12.028,50.534],[12.018,50.544],[12.001,50.548],[11.989,50.546],[11.968,50.527],[11.945,50.516],[11.928,50.497],[11.926,50.488],[11.942,50.478],[11.948,50.462],[11.937,50.453],[11.931,50.44],[11.915,50.437],[11.9,50.429],[11.905,50.415],[11.932,50.417],[11.941,50.415],[11.96,50.394],[11.981,50.385],[11.986,50.352],[12.04,50.329],[12.065,50.328],[12.094,50.323],[12.101,50.314]]]}},{"type":"Feature","properties":{"id":"de-st"},"geometry":{"type":"Polygon","coordinates":[[[13.062,51.615],[13.082,51.638],[13.09,51.644],[13.15,51.673],[13.178,51.697],[13.182,51.709],[13.165,51.73],[13.157,51.749],[13.156,51.775],[13.163,51.789],[13.194,51.819],[13.228,51.843],[13.237,51.855],[13.218,51.861],[13.185,51.862],[13.173,51.858],[13.161,51.844],[13.132,51.858],[13.066,51.853],[13.048,51.857],[12.992,51.882],[12.974,51.897],[12.951,51.907],[12.931,51.909],[12.885,51.91],[12.872,51.913],[12.859,51.935],[12.844,51.942],[12.795,51.946],[12.667,51.994],[12.655,51.994],[12.646,51.982],[12.622,51.974],[12.608,51.965],[12.562,51.972],[12.544,51.978],[12.497,52],[12.477,52.017],[12.467,52.022],[12.444,52.01],[12.421,52.012],[12.379,52.031],[12.365,52.04],[12.361,52.058],[12.299,52.11],[12.281,52.122],[12.261,52.128],[12.246,52.148],[12.22,52.164],[12.208,52.178],[12.199,52.194],[12.209,52.207],[12.222,52.232],[12.245,52.247],[12.248,52.252],[12.23,52.27],[12.22,52.271],[12.209,52.279],[12.207,52.307],[12.221,52.333],[12.234,52.346],[12.229,52.368],[12.233,52.389],[12.249,52.408],[12.257,52.431],[12.247,52.442],[12.266,52.456],[12.287,52.484],[12.288,52.506],[12.295,52.516],[12.261,52.513],[12.25,52.517],[12.23,52.537],[12.208,52.541],[12.196,52.521],[12.169,52.514],[12.15,52.52],[12.148,52.535],[12.163,52.547],[12.155,52.551],[12.13,52.55],[12.124,52.555],[12.151,52.58],[12.155,52.597],[12.157,52.62],[12.162,52.636],[12.186,52.636],[12.205,52.641],[12.216,52.653],[12.226,52.673],[12.228,52.69],[12.208,52.706],[12.202,52.721],[12.19,52.733],[12.191,52.739],[12.209,52.752],[12.194,52.776],[12.197,52.782],[12.23,52.799],[12.233,52.816],[12.214,52.855],[12.203,52.866],[12.171,52.872],[12.136,52.866],[12.111,52.867],[12.107,52.885],[12.093,52.892],[12.023,52.886],[11.998,52.887],[11.983,52.883],[11.966,52.885],[11.925,52.898],[11.897,52.902],[11.832,52.928],[11.845,52.944],[11.851,52.955],[11.839,52.959],[11.807,52.96],[11.793,52.967],[11.763,52.995],[11.747,52.993],[11.712,52.982],[11.694,52.984],[11.681,53.012],[11.669,53.017],[11.636,53.018],[11.622,53.022],[11.636,53.037],[11.636,53.046],[11.626,53.05],[11.581,53.043],[11.562,53.01],[11.552,53.006],[11.525,53.008],[11.507,53.001],[11.496,52.969],[11.502,52.944],[11.47,52.94],[11.412,52.906],[11.374,52.9],[11.313,52.884],[11.284,52.885],[11.264,52.878],[11.248,52.878],[11.241,52.886],[11.214,52.898],[11.165,52.903],[11.107,52.901],[11.081,52.908],[11.051,52.912],[11.015,52.912],[10.996,52.901],[10.989,52.882],[10.961,52.865],[10.942,52.859],[10.886,52.847],[10.843,52.848],[10.795,52.846],[10.762,52.838],[10.757,52.818],[10.76,52.801],[10.757,52.786],[10.774,52.762],[10.794,52.748],[10.801,52.722],[10.811,52.716],[10.837,52.71],[10.885,52.651],[10.92,52.619],[10.937,52.614],[10.957,52.623],[10.973,52.619],[10.978,52.613],[10.953,52.593],[10.946,52.584],[10.946,52.568],[10.954,52.545],[10.966,52.536],[10.994,52.509],[11.002,52.498],[10.963,52.498],[10.95,52.492],[10.941,52.476],[10.939,52.462],[11.011,52.403],[11.038,52.395],[11.067,52.38],[11.073,52.372],[11.064,52.354],[11.019,52.349],[10.999,52.342],[11.003,52.329],[11.021,52.323],[11.034,52.306],[11.015,52.287],[11.027,52.275],[11.048,52.261],[11.062,52.259],[11.062,52.251],[11.083,52.247],[11.083,52.225],[11.072,52.219],[11.037,52.211],[11.029,52.206],[11.019,52.187],[11.025,52.179],[11.054,52.168],[11.057,52.149],[11.038,52.132],[11.014,52.119],[10.993,52.112],[10.958,52.105],[10.948,52.097],[10.969,52.084],[10.968,52.065],[10.946,52.058],[10.896,52.059],[10.876,52.057],[10.85,52.05],[10.717,52.05],[10.661,52.045],[10.651,52.04],[10.651,52.03],[10.622,52.011],[10.609,52.008],[10.58,52.01],[10.573,51.999],[10.586,51.987],[10.59,51.976],[10.615,51.968],[10.625,51.96],[10.642,51.953],[10.618,51.943],[10.613,51.925],[10.638,51.907],[10.64,51.884],[10.626,51.87],[10.618,51.868],[10.601,51.855],[10.58,51.845],[10.578,51.805],[10.585,51.778],[10.603,51.766],[10.619,51.759],[10.63,51.738],[10.644,51.721],[10.664,51.707],[10.669,51.693],[10.669,51.67],[10.698,51.637],[10.713,51.631],[10.803,51.633],[10.854,51.617],[10.878,51.617],[10.891,51.61],[10.924,51.601],[10.938,51.601],[10.946,51.595],[10.952,51.577],[10.939,51.572],[10.919,51.576],[10.911,51.571],[10.916,51.557],[10.926,51.54],[10.948,51.519],[10.945,51.502],[10.949,51.493],[10.972,51.463],[10.966,51.444],[10.965,51.428],[10.973,51.418],[10.999,51.409],[11.154,51.397],[11.196,51.397],[11.289,51.389],[11.315,51.383],[11.367,51.357],[11.394,51.325],[11.452,51.271],[11.443,51.259],[11.422,51.244],[11.397,51.235],[11.352,51.23],[11.333,51.216],[11.345,51.204],[11.367,51.195],[11.389,51.19],[11.399,51.183],[11.42,51.16],[11.426,51.147],[11.428,51.129],[11.417,51.122],[11.427,51.099],[11.45,51.091],[11.505,51.089],[11.535,51.1],[11.581,51.096],[11.628,51.096],[11.663,51.101],[11.689,51.092],[11.696,51.084],[11.697,51.064],[11.709,51.047],[11.721,51.036],[11.733,51.017],[11.747,51.013],[11.759,51.019],[11.84,51.023],[11.861,51.023],[11.883,51.012],[11.931,50.998],[11.946,50.989],[11.961,50.971],[11.993,50.96],[12.005,50.949],[12.039,50.952],[12.068,50.956],[12.12,50.945],[12.132,50.945],[12.149,50.954],[12.159,50.952],[12.201,50.928],[12.219,50.937],[12.217,50.954],[12.252,50.982],[12.275,51.01],[12.275,51.017],[12.262,51.028],[12.246,51.033],[12.245,51.042],[12.249,51.057],[12.267,51.076],[12.265,51.084],[12.223,51.089],[12.215,51.095],[12.211,51.112],[12.189,51.125],[12.179,51.137],[12.184,51.164],[12.153,51.17],[12.153,51.178],[12.163,51.187],[12.168,51.197],[12.165,51.227],[12.161,51.237],[12.142,51.253],[12.14,51.274],[12.132,51.292],[12.146,51.314],[12.158,51.32],[12.182,51.325],[12.186,51.337],[12.185,51.351],[12.17,51.375],[12.171,51.392],[12.168,51.414],[12.159,51.426],[12.157,51.449],[12.191,51.47],[12.195,51.482],[12.195,51.529],[12.222,51.543],[12.235,51.562],[12.267,51.553],[12.306,51.552],[12.356,51.568],[12.431,51.572],[12.439,51.582],[12.443,51.601],[12.459,51.604],[12.532,51.602],[12.545,51.596],[12.641,51.606],[12.662,51.601],[12.683,51.613],[12.701,51.633],[12.715,51.638],[12.752,51.635],[12.782,51.627],[12.801,51.633],[12.853,51.66],[12.862,51.668],[12.891,51.67],[12.902,51.655],[12.915,51.65],[12.942,51.645],[12.964,51.638],[12.978,51.628],[12.991,51.629],[13.009,51.637],[13.023,51.632],[13.044,51.618],[13.062,51.615]]]}},{"type":"Feature","properties":{"id":"de-th"},"geometry":{"type":"Polygon","coordinates":[[[12.265,51.084],[12.267,51.076],[12.249,51.057],[12.245,51.042],[12.246,51.033],[12.262,51.028],[12.275,51.017],[12.275,51.01],[12.252,50.982],[12.217,50.954],[12.219,50.937],[12.201,50.928],[12.159,50.952],[12.149,50.954],[12.132,50.945],[12.12,50.945],[12.068,50.956],[12.039,50.952],[12.005,50.949],[11.993,50.96],[11.961,50.971],[11.946,50.989],[11.931,50.998],[11.883,51.012],[11.861,51.023],[11.84,51.023],[11.759,51.019],[11.747,51.013],[11.733,51.017],[11.721,51.036],[11.709,51.047],[11.697,51.064],[11.696,51.084],[11.689,51.092],[11.663,51.101],[11.628,51.096],[11.581,51.096],[11.535,51.1],[11.505,51.089],[11.45,51.091],[11.427,51.099],[11.417,51.122],[11.428,51.129],[11.426,51.147],[11.42,51.16],[11.399,51.183],[11.389,51.19],[11.367,51.195],[11.345,51.204],[11.333,51.216],[11.352,51.23],[11.397,51.235],[11.422,51.244],[11.443,51.259],[11.452,51.271],[11.394,51.325],[11.367,51.357],[11.315,51.383],[11.289,51.389],[11.196,51.397],[11.154,51.397],[10.999,51.409],[10.973,51.418],[10.965,51.428],[10.966,51.444],[10.972,51.463],[10.949,51.493],[10.945,51.502],[10.948,51.519],[10.926,51.54],[10.916,51.557],[10.911,51.571],[10.919,51.576],[10.939,51.572],[10.952,51.577],[10.946,51.595],[10.938,51.601],[10.924,51.601],[10.891,51.61],[10.878,51.617],[10.854,51.617],[10.803,51.633],[10.713,51.631],[10.698,51.637],[10.649,51.62],[10.631,51.607],[10.629,51.601],[10.654,51.578],[10.653,51.566],[10.645,51.561],[10.624,51.573],[10.61,51.573],[10.562,51.557],[10.514,51.556],[10.479,51.575],[10.431,51.591],[10.422,51.592],[10.375,51.586],[10.38,51.572],[10.365,51.542],[10.341,51.529],[10.332,51.52],[10.306,51.511],[10.294,51.493],[10.24,51.472],[10.219,51.471],[10.213,51.478],[10.195,51.479],[10.181,51.472],[10.182,51.463],[10.172,51.449],[10.15,51.443],[10.15,51.432],[10.1,51.433],[10.085,51.431],[10.066,51.421],[10.046,51.432],[10.011,51.417],[10,51.408],[9.949,51.382],[9.93,51.372],[9.923,51.36],[9.932,51.338],[9.941,51.331],[9.947,51.304],[9.965,51.3],[9.984,51.286],[10.002,51.286],[10.049,51.277],[10.049,51.263],[10.054,51.252],[10.069,51.244],[10.074,51.228],[10.081,51.223],[10.117,51.215],[10.133,51.213],[10.154,51.206],[10.173,51.206],[10.197,51.195],[10.23,51.184],[10.229,51.173],[10.214,51.161],[10.209,51.151],[10.203,51.12],[10.186,51.127],[10.185,51.135],[10.174,51.145],[10.157,51.145],[10.134,51.141],[10.126,51.136],[10.14,51.122],[10.166,51.117],[10.165,51.103],[10.152,51.089],[10.141,51.064],[10.142,51.055],[10.16,51.053],[10.176,51.046],[10.193,51.045],[10.205,51.032],[10.209,51.021],[10.194,50.999],[10.188,50.996],[10.165,50.996],[10.143,50.994],[10.124,50.998],[10.123,51.008],[10.104,51.006],[10.093,51.009],[10.051,51.007],[10.026,50.996],[10.024,50.982],[10.043,50.962],[10.046,50.949],[10.041,50.941],[10.013,50.937],[9.956,50.942],[9.953,50.927],[9.971,50.926],[9.97,50.914],[9.981,50.908],[9.992,50.918],[10.006,50.921],[10.033,50.909],[10.044,50.893],[10.056,50.883],[10.029,50.862],[10.023,50.854],[10.026,50.837],[10.019,50.832],[9.992,50.826],[9.972,50.824],[9.949,50.815],[9.943,50.8],[9.946,50.777],[9.926,50.773],[9.921,50.764],[9.936,50.751],[9.93,50.727],[9.913,50.705],[9.913,50.693],[9.888,50.676],[9.879,50.662],[9.878,50.644],[9.887,50.633],[9.91,50.637],[9.926,50.63],[9.943,50.627],[9.954,50.63],[9.96,50.64],[9.947,50.653],[9.951,50.663],[9.971,50.667],[9.998,50.676],[10.052,50.67],[10.06,50.666],[10.074,50.645],[10.076,50.622],[10.059,50.617],[10.046,50.605],[10.049,50.594],[10.048,50.576],[10.057,50.554],[10.044,50.522],[10.055,50.517],[10.11,50.555],[10.126,50.563],[10.13,50.548],[10.139,50.546],[10.188,50.549],[10.203,50.546],[10.22,50.534],[10.228,50.516],[10.238,50.51],[10.319,50.492],[10.333,50.486],[10.337,50.464],[10.373,50.437],[10.399,50.423],[10.393,50.405],[10.405,50.396],[10.425,50.395],[10.449,50.399],[10.466,50.38],[10.493,50.366],[10.5,50.354],[10.526,50.352],[10.536,50.357],[10.552,50.359],[10.566,50.34],[10.588,50.329],[10.592,50.323],[10.6,50.288],[10.594,50.271],[10.607,50.25],[10.605,50.235],[10.617,50.224],[10.662,50.225],[10.687,50.22],[10.714,50.208],[10.727,50.21],[10.732,50.242],[10.739,50.248],[10.767,50.244],[10.798,50.248],[10.817,50.243],[10.84,50.242],[10.848,50.254],[10.838,50.272],[10.82,50.275],[10.808,50.281],[10.795,50.292],[10.769,50.293],[10.75,50.306],[10.727,50.314],[10.715,50.322],[10.718,50.352],[10.726,50.361],[10.755,50.357],[10.78,50.381],[10.789,50.386],[10.81,50.382],[10.841,50.392],[10.859,50.389],[10.883,50.392],[10.893,50.383],[10.928,50.388],[10.943,50.387],[10.978,50.355],[10.988,50.35],[10.998,50.364],[11.025,50.361],[11.05,50.348],[11.086,50.354],[11.098,50.363],[11.116,50.364],[11.121,50.354],[11.138,50.35],[11.154,50.334],[11.155,50.324],[11.135,50.309],[11.143,50.301],[11.192,50.272],[11.208,50.285],[11.221,50.278],[11.244,50.273],[11.255,50.275],[11.255,50.288],[11.266,50.308],[11.259,50.317],[11.271,50.341],[11.269,50.353],[11.28,50.359],[11.277,50.374],[11.267,50.384],[11.259,50.403],[11.262,50.425],[11.254,50.449],[11.256,50.457],[11.249,50.473],[11.276,50.481],[11.296,50.484],[11.316,50.493],[11.325,50.508],[11.347,50.519],[11.41,50.517],[11.427,50.513],[11.439,50.497],[11.421,50.486],[11.418,50.452],[11.421,50.443],[11.448,50.429],[11.477,50.427],[11.482,50.422],[11.485,50.4],[11.518,50.382],[11.532,50.378],[11.559,50.384],[11.57,50.395],[11.592,50.394],[11.621,50.387],[11.74,50.403],[11.757,50.406],[11.761,50.412],[11.785,50.414],[11.82,50.402],[11.829,50.391],[11.85,50.398],[11.867,50.401],[11.905,50.415],[11.9,50.429],[11.915,50.437],[11.931,50.44],[11.937,50.453],[11.948,50.462],[11.942,50.478],[11.926,50.488],[11.928,50.497],[11.945,50.516],[11.968,50.527],[11.989,50.546],[12.001,50.548],[12.018,50.544],[12.028,50.534],[12.049,50.532],[12.059,50.538],[12.081,50.561],[12.097,50.563],[12.118,50.557],[12.145,50.563],[12.153,50.568],[12.16,50.584],[12.159,50.604],[12.187,50.626],[12.209,50.628],[12.228,50.625],[12.253,50.626],[12.29,50.643],[12.302,50.652],[12.322,50.674],[12.29,50.676],[12.279,50.68],[12.265,50.701],[12.271,50.715],[12.258,50.723],[12.241,50.722],[12.249,50.743],[12.273,50.75],[12.287,50.761],[12.285,50.769],[12.269,50.774],[12.257,50.782],[12.258,50.793],[12.331,50.806],[12.364,50.823],[12.377,50.827],[12.407,50.829],[12.424,50.824],[12.442,50.841],[12.463,50.857],[12.501,50.87],[12.508,50.882],[12.528,50.877],[12.549,50.878],[12.582,50.875],[12.602,50.876],[12.611,50.87],[12.63,50.887],[12.647,50.892],[12.647,50.9],[12.626,50.929],[12.602,50.952],[12.574,50.963],[12.546,50.971],[12.532,50.98],[12.522,50.995],[12.491,51.028],[12.484,51.058],[12.329,51.088],[12.265,51.084]]]}}]}