{"type":"FeatureCollection","features":[{"type":"Feature","properties":{"id":"us-ak"},"geometry":{"type":"MultiPolygon","coordinates":[[[[-139.057,60.002],[-139.043,59.993],[-138.869,59.946],[-138.705,59.901],[-138.632,59.778],[-138.454,59.683],[-138.318,59.611],[-138.187,59.542],[-138.001,59.443],[-137.871,59.374],[-137.697,59.281],[-137.593,59.226],[-137.544,59.119],[-137.484,58.991],[-137.521,58.915],[-137.439,58.903],[-137.278,58.988],[-137.126,59.041],[-136.939,59.106],[-136.813,59.15],[-136.579,59.152],[-136.467,59.28],[-136.466,59.459],[-136.348,59.456],[-136.278,59.48],[-136.247,59.533],[-136.322,59.605],[-136.097,59.638],[-135.935,59.663],[-135.703,59.729],[-135.476,59.793],[-135.368,59.743],[-135.261,59.695],[-135.051,59.579],[-135.037,59.551],[-135.051,59.496],[-135.071,59.441],[-134.944,59.288],[-134.907,59.271],[-134.802,59.25],[-134.677,59.199],[-134.622,59.155],[-134.441,59.085],[-134.41,59.056],[-134.393,59.009],[-134.364,58.969],[-134.33,58.94],[-134.297,58.898],[-134.219,58.85],[-134.069,58.796],[-133.966,58.758],[-133.821,58.705],[-133.674,58.597],[-133.546,58.503],[-133.401,58.411],[-133.423,58.337],[-133.275,58.223],[-133.12,58.078],[-133.001,57.949],[-132.917,57.877],[-132.816,57.773],[-132.692,57.645],[-132.55,57.5],[-132.442,57.407],[-132.302,57.276],[-132.232,57.199],[-132.279,57.145],[-132.338,57.079],[-132.157,57.048],[-132.032,57.027],[-132.063,56.953],[-132.104,56.857],[-131.963,56.819],[-131.866,56.793],[-131.886,56.742],[-131.833,56.685],[-131.824,56.59],[-131.652,56.596],[-131.575,56.599],[-131.472,56.557],[-131.336,56.501],[-131.199,56.449],[-131.083,56.405],[-130.93,56.379],[-130.742,56.341],[-130.649,56.264],[-130.477,56.231],[-130.413,56.123],[-130.215,56.083],[-130.098,56.109],[-130.056,56.065],[-130.023,56.015],[-130.014,55.951],[-130.025,55.888],[-130.075,55.836],[-130.112,55.78],[-130.137,55.719],[-130.147,55.654],[-130.14,55.585],[-130.12,55.524],[-130.059,55.412],[-130.039,55.344],[-130.037,55.298],[-130.172,55.137],[-130.219,55.06],[-130.214,55.026],[-130.313,54.946],[-130.493,54.834],[-130.575,54.77],[-130.616,54.791],[-130.85,54.808],[-130.935,54.95],[-130.98,55.061],[-131.048,55.158],[-131.046,55.18],[-130.984,55.244],[-130.75,55.297],[-130.748,55.318],[-130.835,55.332],[-130.856,55.355],[-130.88,55.46],[-130.873,55.551],[-130.88,55.612],[-130.919,55.736],[-130.977,55.812],[-131.128,55.96],[-131.14,55.998],[-131.074,56.044],[-131.033,56.088],[-131.288,56.012],[-131.635,55.932],[-131.784,55.877],[-131.815,55.854],[-131.826,55.835],[-131.799,55.783],[-131.803,55.766],[-131.834,55.735],[-131.869,55.647],[-131.945,55.554],[-131.983,55.535],[-132.119,55.57],[-132.155,55.6],[-132.223,55.721],[-132.208,55.753],[-132.158,55.781],[-132.091,55.84],[-132.006,55.93],[-131.844,56.16],[-131.738,56.161],[-131.551,56.207],[-131.844,56.23],[-131.888,56.242],[-131.927,56.273],[-131.962,56.324],[-132.022,56.38],[-132.133,56.4],[-132.182,56.421],[-132.256,56.489],[-132.305,56.52],[-132.332,56.558],[-132.337,56.603],[-132.358,56.626],[-132.434,56.634],[-132.476,56.65],[-132.487,56.766],[-132.64,56.796],[-132.702,56.822],[-132.802,56.895],[-132.83,56.931],[-132.839,56.96],[-132.814,57.041],[-132.825,57.056],[-132.913,57.047],[-133.466,57.172],[-133.437,57.337],[-133.539,57.554],[-133.649,57.642],[-133.627,57.677],[-133.603,57.695],[-133.554,57.695],[-133.342,57.631],[-133.143,57.555],[-133.117,57.566],[-133.436,57.727],[-133.515,57.775],[-133.535,57.833],[-133.536,57.864],[-133.511,57.88],[-133.212,57.866],[-133.194,57.878],[-133.497,57.925],[-133.559,57.924],[-133.626,57.857],[-133.657,57.841],[-133.722,57.844],[-133.744,57.855],[-133.821,57.936],[-133.894,57.993],[-134.031,58.072],[-134.057,58.128],[-134.063,58.211],[-134.045,58.289],[-133.934,58.468],[-133.889,58.499],[-133.877,58.518],[-133.911,58.515],[-133.944,58.498],[-134.036,58.415],[-134.131,58.279],[-134.209,58.233],[-134.258,58.244],[-134.331,58.3],[-134.485,58.367],[-134.664,58.385],[-134.776,58.454],[-134.943,58.646],[-134.965,58.742],[-134.986,58.766],[-135.076,58.797],[-135.132,58.843],[-135.217,59.077],[-135.33,59.239],[-135.358,59.325],[-135.349,59.41],[-135.364,59.419],[-135.403,59.353],[-135.413,59.318],[-135.484,59.309],[-135.417,59.242],[-135.4,59.208],[-135.434,59.211],[-135.502,59.202],[-135.386,59.088],[-135.334,58.91],[-135.257,58.778],[-135.207,58.671],[-135.185,58.59],[-135.152,58.512],[-135.062,58.341],[-135.05,58.307],[-135.06,58.279],[-135.09,58.246],[-135.142,58.233],[-135.303,58.256],[-135.363,58.298],[-135.45,58.376],[-135.572,58.412],[-135.873,58.394],[-135.898,58.4],[-135.896,58.464],[-135.862,58.577],[-135.89,58.623],[-136.045,58.789],[-136.043,58.822],[-135.826,58.898],[-135.932,58.904],[-136.017,58.874],[-136.049,58.893],[-136.101,59],[-136.134,59.04],[-136.15,59.048],[-136.159,58.947],[-136.124,58.893],[-136.118,58.863],[-136.124,58.82],[-136.147,58.789],[-136.186,58.77],[-136.226,58.765],[-136.299,58.787],[-136.38,58.827],[-136.451,58.846],[-136.478,58.863],[-136.511,58.907],[-136.566,58.941],[-136.831,58.984],[-136.989,59.034],[-137.002,59.021],[-136.953,58.967],[-136.948,58.935],[-136.988,58.925],[-137.059,58.874],[-137.038,58.867],[-136.963,58.884],[-136.879,58.882],[-136.74,58.85],[-136.614,58.809],[-136.568,58.786],[-136.549,58.752],[-136.534,58.74],[-136.41,58.701],[-136.404,58.68],[-136.484,58.618],[-136.32,58.624],[-136.225,58.602],[-136.103,58.506],[-136.061,58.453],[-136.056,58.384],[-136.081,58.364],[-136.13,58.35],[-136.462,58.328],[-136.583,58.245],[-136.607,58.244],[-136.699,58.266],[-136.865,58.332],[-137.072,58.395],[-137.544,58.581],[-137.557,58.59],[-137.565,58.626],[-137.597,58.644],[-137.661,58.66],[-137.75,58.707],[-137.864,58.786],[-137.934,58.847],[-137.961,58.891],[-138.027,58.941],[-138.241,59.047],[-138.352,59.087],[-138.451,59.11],[-138.537,59.115],[-138.56,59.129],[-138.521,59.152],[-138.515,59.166],[-138.704,59.188],[-138.884,59.237],[-139.341,59.376],[-139.577,59.462],[-139.714,59.504],[-139.773,59.527],[-139.799,59.546],[-139.766,59.566],[-139.674,59.587],[-139.612,59.61],[-139.513,59.698],[-139.506,59.726],[-139.559,59.79],[-139.582,59.848],[-139.581,59.881],[-139.569,59.912],[-139.554,59.933],[-139.512,59.954],[-139.483,59.964],[-139.447,59.957],[-139.331,59.877],[-139.315,59.848],[-139.32,59.739],[-139.287,59.611],[-139.276,59.62],[-139.266,59.663],[-139.259,59.743],[-139.246,59.782],[-139.221,59.82],[-139.179,59.84],[-139.048,59.828],[-138.988,59.835],[-139.243,59.893],[-139.402,60.001],[-139.431,60.012],[-139.519,60.017],[-139.612,59.973],[-139.85,59.831],[-139.917,59.806],[-140.217,59.727],[-140.42,59.711],[-140.648,59.723],[-140.843,59.749],[-141.332,59.874],[-141.408,59.903],[-141.295,59.98],[-141.29,60.004],[-141.33,60.083],[-141.362,60.105],[-141.409,60.118],[-141.422,60.109],[-141.422,60.086],[-141.41,60.042],[-141.447,60.019],[-141.53,59.995],[-141.67,59.97],[-142.104,60.033],[-142.549,60.086],[-142.946,60.097],[-143.506,60.055],[-143.805,60.013],[-143.98,60.009],[-144.147,60.016],[-144.161,60.046],[-144.084,60.063],[-144.089,60.084],[-144.185,60.151],[-144.333,60.191],[-144.53,60.205],[-144.643,60.225],[-144.672,60.249],[-144.741,60.273],[-144.852,60.295],[-144.901,60.335],[-144.862,60.459],[-144.824,60.534],[-144.787,60.585],[-144.691,60.669],[-144.724,60.663],[-144.863,60.601],[-144.984,60.537],[-145.096,60.454],[-145.163,60.415],[-145.248,60.38],[-145.382,60.389],[-145.563,60.441],[-145.718,60.468],[-145.848,60.469],[-145.899,60.478],[-145.811,60.525],[-145.76,60.562],[-145.69,60.622],[-145.675,60.651],[-146.149,60.661],[-146.166,60.692],[-146.167,60.716],[-146.182,60.735],[-146.251,60.749],[-146.347,60.738],[-146.503,60.701],[-146.57,60.729],[-146.546,60.745],[-146.496,60.757],[-146.392,60.811],[-146.532,60.839],[-146.604,60.871],[-146.638,60.897],[-146.636,60.993],[-146.599,61.054],[-146.285,61.113],[-146.384,61.136],[-146.583,61.128],[-146.716,61.078],[-146.874,61.005],[-146.98,60.978],[-147.034,60.996],[-147.106,61.003],[-147.195,60.997],[-147.255,60.978],[-147.286,60.947],[-147.321,60.926],[-147.361,60.915],[-147.391,60.918],[-147.433,60.95],[-147.523,60.97],[-147.567,60.995],[-147.593,60.979],[-147.623,60.933],[-147.656,60.91],[-147.808,60.885],[-147.891,60.89],[-147.991,60.948],[-148.005,60.969],[-147.971,61.019],[-147.752,61.219],[-147.774,61.218],[-147.845,61.186],[-147.986,61.106],[-148.049,61.083],[-148.158,61.08],[-148.209,61.088],[-148.27,61.082],[-148.342,61.06],[-148.389,61.037],[-148.411,61.011],[-148.396,61.007],[-148.287,61.036],[-148.226,61.044],[-148.209,61.03],[-148.293,60.94],[-148.344,60.854],[-148.393,60.832],[-148.471,60.836],[-148.556,60.827],[-148.557,60.803],[-148.399,60.734],[-148.341,60.724],[-148.268,60.7],[-148.257,60.675],[-148.284,60.609],[-148.305,60.583],[-148.338,60.57],[-148.468,60.572],[-148.51,60.565],[-148.597,60.524],[-148.64,60.489],[-148.624,60.486],[-148.549,60.515],[-148.44,60.53],[-148.296,60.532],[-148.189,60.547],[-148.119,60.575],[-148.051,60.567],[-147.984,60.523],[-147.964,60.485],[-147.991,60.452],[-148.046,60.428],[-148.129,60.414],[-148.182,60.393],[-148.204,60.365],[-148.216,60.323],[-148.219,60.268],[-148.198,60.168],[-148.214,60.154],[-148.245,60.147],[-148.291,60.145],[-148.333,60.122],[-148.431,59.989],[-148.465,59.975],[-148.506,59.989],[-148.542,59.987],[-148.574,59.97],[-148.644,59.957],[-148.751,59.948],[-148.843,59.951],[-149.004,59.98],[-149.07,60],[-149.122,60.034],[-149.267,59.998],[-149.305,60.014],[-149.395,60.106],[-149.415,60.1],[-149.432,60.001],[-149.46,59.966],[-149.549,59.894],[-149.598,59.77],[-149.613,59.767],[-149.63,59.785],[-149.685,59.895],[-149.714,59.92],[-149.795,59.856],[-149.804,59.833],[-149.782,59.75],[-149.801,59.738],[-149.965,59.782],[-150.005,59.784],[-150.016,59.777],[-149.96,59.713],[-149.967,59.69],[-150.198,59.567],[-150.258,59.571],[-150.297,59.583],[-150.338,59.581],[-150.485,59.535],[-150.526,59.537],[-150.582,59.565],[-150.607,59.563],[-150.621,59.535],[-150.623,59.48],[-150.677,59.427],[-150.853,59.342],[-150.899,59.303],[-150.935,59.249],[-150.961,59.244],[-151.064,59.278],[-151.183,59.301],[-151.199,59.29],[-151.163,59.257],[-151.171,59.237],[-151.222,59.229],[-151.288,59.232],[-151.366,59.246],[-151.477,59.231],[-151.619,59.187],[-151.738,59.189],[-151.904,59.26],[-151.95,59.265],[-151.964,59.285],[-151.932,59.343],[-151.885,59.386],[-151.85,59.406],[-151.693,59.462],[-151.513,59.483],[-151.4,59.516],[-151.262,59.586],[-151.189,59.638],[-151.046,59.772],[-151.057,59.782],[-151.089,59.789],[-151.404,59.662],[-151.45,59.65],[-151.513,59.651],[-151.764,59.7],[-151.817,59.721],[-151.853,59.782],[-151.783,59.921],[-151.735,59.988],[-151.612,60.092],[-151.451,60.203],[-151.396,60.274],[-151.313,60.466],[-151.318,60.554],[-151.355,60.66],[-151.356,60.723],[-151.322,60.743],[-150.954,60.841],[-150.779,60.915],[-150.441,61.024],[-150.349,61.023],[-150.281,60.985],[-150.203,60.955],[-150.113,60.933],[-149.998,60.935],[-149.856,60.962],[-149.632,60.952],[-149.173,60.88],[-149.075,60.876],[-149.071,60.886],[-149.142,60.936],[-149.459,60.965],[-149.592,60.994],[-149.968,61.122],[-150.053,61.171],[-150.019,61.194],[-149.927,61.213],[-149.895,61.232],[-149.882,61.264],[-149.829,61.308],[-149.737,61.363],[-149.596,61.417],[-149.329,61.497],[-149.434,61.501],[-149.625,61.486],[-149.695,61.471],[-149.824,61.413],[-149.874,61.373],[-149.945,61.294],[-149.976,61.279],[-150.109,61.268],[-150.472,61.26],[-150.533,61.3],[-150.567,61.307],[-150.612,61.301],[-150.945,61.198],[-151.065,61.146],[-151.15,61.086],[-151.282,61.042],[-151.46,61.014],[-151.594,60.98],[-151.734,60.911],[-151.782,60.858],[-151.784,60.833],[-151.75,60.755],[-151.785,60.74],[-151.866,60.734],[-151.996,60.682],[-152.271,60.528],[-152.307,60.472],[-152.305,60.453],[-152.26,60.409],[-152.292,60.381],[-152.369,60.336],[-152.541,60.265],[-152.654,60.238],[-152.727,60.237],[-152.798,60.247],[-152.923,60.293],[-153.025,60.296],[-153.031,60.289],[-152.893,60.24],[-152.752,60.177],[-152.665,60.125],[-152.63,60.084],[-152.629,60.041],[-152.66,59.997],[-152.759,59.921],[-152.857,59.898],[-153.106,59.875],[-153.186,59.857],[-153.211,59.843],[-153.04,59.811],[-153.025,59.794],[-153.048,59.73],[-153.094,59.709],[-153.236,59.671],[-153.364,59.66],[-153.383,59.667],[-153.36,59.717],[-153.366,59.73],[-153.414,59.74],[-153.483,59.721],[-153.653,59.647],[-153.671,59.635],[-153.609,59.615],[-153.622,59.598],[-153.714,59.545],[-153.753,59.51],[-153.814,59.474],[-154.088,59.363],[-154.067,59.336],[-154.139,59.24],[-154.178,59.156],[-154.13,59.12],[-153.9,59.078],[-153.788,59.068],[-153.656,59.039],[-153.418,58.96],[-153.339,58.909],[-153.327,58.884],[-153.334,58.858],[-153.363,58.822],[-153.438,58.755],[-153.617,58.655],[-153.699,58.626],[-153.822,58.604],[-153.862,58.588],[-154.02,58.493],[-154.062,58.442],[-154.056,58.397],[-154.086,58.366],[-154.289,58.304],[-154.282,58.293],[-154.208,58.289],[-154.235,58.235],[-154.247,58.159],[-154.282,58.147],[-154.409,58.147],[-154.571,58.118],[-154.582,58.11],[-154.585,58.056],[-155.007,58.016],[-155.099,57.913],[-155.147,57.882],[-155.313,57.807],[-155.414,57.777],[-155.53,57.759],[-155.59,57.734],[-155.596,57.701],[-155.629,57.673],[-155.729,57.627],[-155.778,57.568],[-155.814,57.559],[-156,57.545],[-156.037,57.527],[-156.055,57.448],[-156.09,57.445],[-156.156,57.463],[-156.242,57.449],[-156.436,57.36],[-156.478,57.328],[-156.474,57.311],[-156.444,57.294],[-156.398,57.241],[-156.4,57.205],[-156.475,57.105],[-156.501,57.09],[-156.592,57.065],[-156.629,57.01],[-156.713,57.016],[-156.78,57.006],[-156.824,56.969],[-156.872,56.948],[-156.923,56.942],[-156.988,56.913],[-157.067,56.86],[-157.139,56.827],[-157.206,56.812],[-157.271,56.808],[-157.334,56.816],[-157.39,56.81],[-157.441,56.79],[-157.49,56.76],[-157.529,56.673],[-157.578,56.634],[-157.61,56.628],[-157.674,56.633],[-157.771,56.652],[-157.869,56.645],[-158.028,56.592],[-158.078,56.552],[-157.978,56.543],[-157.929,56.532],[-157.93,56.52],[-157.982,56.51],[-158.071,56.51],[-158.124,56.501],[-158.189,56.478],[-158.352,56.454],[-158.414,56.436],[-158.537,56.335],[-158.552,56.313],[-158.536,56.308],[-158.467,56.318],[-158.386,56.302],[-158.344,56.28],[-158.317,56.254],[-158.291,56.204],[-158.276,56.196],[-158.432,56.111],[-158.476,56.075],[-158.505,56.062],[-158.523,56.072],[-158.543,56.167],[-158.554,56.183],[-158.591,56.185],[-158.627,56.155],[-158.705,56.043],[-158.79,55.987],[-159.429,55.843],[-159.523,55.81],[-159.541,55.748],[-159.568,55.695],[-159.61,55.653],[-159.66,55.626],[-159.67,55.645],[-159.665,55.795],[-159.678,55.825],[-159.743,55.844],[-159.771,55.841],[-159.81,55.833],[-159.874,55.8],[-159.914,55.792],[-159.962,55.795],[-160.046,55.763],[-160.244,55.661],[-160.373,55.635],[-160.407,55.614],[-160.463,55.558],[-160.499,55.537],[-160.554,55.535],[-160.625,55.552],[-160.683,55.54],[-160.727,55.5],[-160.771,55.484],[-160.897,55.514],[-160.952,55.493],[-161.024,55.44],[-161.1,55.406],[-161.178,55.389],[-161.382,55.371],[-161.464,55.383],[-161.481,55.398],[-161.477,55.465],[-161.444,55.513],[-161.413,55.536],[-161.373,55.556],[-161.313,55.559],[-161.202,55.544],[-161.215,55.56],[-161.255,55.579],[-161.357,55.612],[-161.459,55.629],[-161.517,55.618],[-161.599,55.593],[-161.654,55.563],[-161.684,55.53],[-161.72,55.421],[-161.742,55.391],[-161.98,55.199],[-162.074,55.139],[-162.167,55.144],[-162.211,55.121],[-162.275,55.073],[-162.333,55.05],[-162.386,55.052],[-162.428,55.062],[-162.457,55.078],[-162.452,55.093],[-162.413,55.107],[-162.427,55.145],[-162.495,55.208],[-162.542,55.243],[-162.63,55.247],[-162.644,55.218],[-162.614,55.071],[-162.619,55.038],[-162.674,54.997],[-162.82,54.95],[-162.865,54.955],[-162.996,55.046],[-163.12,55.065],[-163.128,55.035],[-163.1,54.974],[-163.131,54.917],[-163.221,54.863],[-163.289,54.838],[-163.335,54.839],[-163.338,54.876],[-163.296,54.949],[-163.286,55.01],[-163.306,55.059],[-163.304,55.096],[-163.279,55.122],[-163.114,55.194],[-163.045,55.205],[-163.008,55.187],[-162.962,55.184],[-162.907,55.196],[-162.872,55.219],[-162.857,55.253],[-162.786,55.297],[-162.659,55.351],[-162.513,55.45],[-162.349,55.595],[-162.157,55.719],[-161.937,55.824],[-161.697,55.907],[-161.216,56.021],[-161.179,56.014],[-161.223,55.977],[-161.193,55.954],[-161.145,55.951],[-160.969,55.97],[-160.899,55.994],[-160.878,55.97],[-160.902,55.941],[-161.008,55.912],[-161.005,55.887],[-160.851,55.772],[-160.803,55.754],[-160.763,55.757],[-160.746,55.771],[-160.758,55.855],[-160.706,55.87],[-160.6,55.874],[-160.53,55.863],[-160.498,55.838],[-160.437,55.817],[-160.347,55.8],[-160.292,55.805],[-160.27,55.832],[-160.309,55.864],[-160.48,55.935],[-160.527,55.965],[-160.539,56.006],[-160.515,56.059],[-160.461,56.138],[-160.377,56.241],[-160.302,56.314],[-160.149,56.396],[-160.046,56.437],[-159.785,56.562],[-159.283,56.689],[-159.159,56.77],[-158.99,56.86],[-158.918,56.882],[-158.918,56.847],[-158.895,56.816],[-158.782,56.796],[-158.709,56.789],[-158.675,56.795],[-158.666,56.828],[-158.681,56.888],[-158.685,56.944],[-158.677,56.997],[-158.661,57.039],[-158.586,57.114],[-158.474,57.199],[-158.321,57.298],[-158.224,57.343],[-158.134,57.366],[-158.046,57.409],[-157.894,57.511],[-157.846,57.528],[-157.737,57.548],[-157.697,57.539],[-157.674,57.514],[-157.646,57.498],[-157.535,57.483],[-157.462,57.506],[-157.474,57.518],[-157.533,57.526],[-157.572,57.541],[-157.608,57.601],[-157.681,57.638],[-157.697,57.679],[-157.684,57.744],[-157.621,57.895],[-157.611,58.051],[-157.555,58.14],[-157.443,58.172],[-157.194,58.194],[-157.339,58.235],[-157.394,58.235],[-157.488,58.254],[-157.524,58.351],[-157.524,58.421],[-157.461,58.503],[-157.229,58.641],[-156.975,58.736],[-157.009,58.744],[-157.04,58.773],[-156.923,58.964],[-156.809,59.134],[-156.963,58.989],[-157.142,58.878],[-157.666,58.749],[-158.022,58.64],[-158.191,58.614],[-158.303,58.642],[-158.39,58.746],[-158.439,58.783],[-158.503,58.85],[-158.476,58.938],[-158.426,58.999],[-158.314,59.009],[-158.189,58.98],[-158.081,58.977],[-158.221,59.037],[-158.423,59.09],[-158.514,59.073],[-158.584,58.988],[-158.678,58.929],[-158.761,58.95],[-158.809,58.974],[-158.776,58.903],[-158.838,58.794],[-158.861,58.719],[-158.772,58.52],[-158.789,58.441],[-158.951,58.405],[-159.083,58.47],[-159.358,58.721],[-159.454,58.793],[-159.67,58.911],[-159.741,58.894],[-159.832,58.836],[-159.92,58.82],[-160.153,58.906],[-160.261,58.972],[-160.363,59.051],[-160.52,59.007],[-160.657,58.955],[-160.817,58.872],[-160.924,58.872],[-161.216,58.801],[-161.247,58.799],[-161.288,58.761],[-161.328,58.744],[-161.361,58.67],[-161.755,58.612],[-162.145,58.644],[-162.009,58.685],[-161.856,58.717],[-161.724,58.794],[-161.781,58.897],[-161.79,58.95],[-161.789,59.016],[-161.644,59.11],[-161.794,59.109],[-161.891,59.076],[-161.981,59.146],[-162.023,59.284],[-161.92,59.365],[-161.872,59.428],[-161.832,59.515],[-161.829,59.589],[-161.909,59.714],[-162.138,59.98],[-162.242,60.178],[-162.421,60.284],[-162.288,60.457],[-162.139,60.614],[-161.947,60.685],[-161.962,60.695],[-162.068,60.695],[-162.138,60.686],[-162.2,60.634],[-162.265,60.595],[-162.469,60.395],[-162.6,60.297],[-162.685,60.269],[-162.548,60.231],[-162.527,60.199],[-162.5,60.127],[-162.536,60.038],[-162.571,59.99],[-162.733,59.994],[-162.878,59.923],[-163.219,59.846],[-163.68,59.802],[-163.907,59.807],[-164.143,59.897],[-164.141,59.949],[-164.132,59.994],[-164.47,60.149],[-164.662,60.304],[-164.8,60.307],[-164.92,60.348],[-165.061,60.413],[-165.049,60.464],[-165.027,60.501],[-165.113,60.526],[-165.225,60.524],[-165.354,60.541],[-165.016,60.74],[-164.9,60.873],[-164.805,60.892],[-164.682,60.872],[-164.513,60.819],[-164.37,60.796],[-164.319,60.771],[-164.266,60.725],[-164.321,60.647],[-164.372,60.592],[-164.31,60.607],[-164.132,60.691],[-164,60.766],[-163.936,60.758],[-163.895,60.745],[-163.821,60.668],[-163.73,60.59],[-163.529,60.665],[-163.421,60.757],[-163.512,60.798],[-163.623,60.822],[-163.907,60.854],[-163.837,60.88],[-163.655,60.877],[-163.587,60.903],[-163.659,60.938],[-163.749,60.97],[-163.995,60.865],[-164.442,60.87],[-164.754,60.931],[-165.066,60.921],[-165.115,60.933],[-165.175,60.966],[-165,61.044],[-164.876,61.087],[-164.869,61.112],[-164.941,61.115],[-165.077,61.094],[-165.138,61.13],[-165.128,61.192],[-165.15,61.187],[-165.204,61.153],[-165.28,61.17],[-165.345,61.198],[-165.311,61.228],[-165.244,61.269],[-165.274,61.275],[-165.334,61.266],[-165.392,61.212],[-165.379,61.169],[-165.381,61.106],[-165.48,61.095],[-165.566,61.102],[-165.628,61.165],[-165.691,61.3],[-165.864,61.336],[-165.906,61.404],[-165.797,61.491],[-165.845,61.536],[-165.961,61.551],[-166.094,61.507],[-166.153,61.546],[-166.164,61.589],[-166.168,61.651],[-166.131,61.657],[-166.101,61.645],[-165.835,61.679],[-165.809,61.696],[-166.02,61.748],[-166.079,61.803],[-165.991,61.834],[-165.834,61.837],[-165.613,61.869],[-165.706,61.927],[-165.725,61.959],[-165.744,62.012],[-165.707,62.1],[-165.448,62.304],[-165.195,62.474],[-165.116,62.513],[-165,62.534],[-164.892,62.518],[-164.779,62.481],[-164.758,62.497],[-164.796,62.512],[-164.844,62.581],[-164.688,62.608],[-164.596,62.687],[-164.589,62.709],[-164.689,62.677],[-164.793,62.623],[-164.819,62.677],[-164.845,62.801],[-164.8,62.918],[-164.764,62.971],[-164.677,63.02],[-164.428,63.04],[-164.384,63.03],[-164.375,63.054],[-164.525,63.128],[-164.463,63.185],[-164.409,63.215],[-164.108,63.262],[-163.943,63.247],[-163.736,63.193],[-163.616,63.125],[-163.634,63.09],[-163.664,63.07],[-163.726,63.048],[-163.749,63.03],[-163.738,63.016],[-163.649,63.057],[-163.504,63.106],[-163.423,63.085],[-163.359,63.046],[-163.288,63.046],[-163.062,63.08],[-162.948,63.115],[-162.808,63.207],[-162.621,63.266],[-162.36,63.453],[-162.283,63.529],[-162.193,63.541],[-162.112,63.534],[-162.056,63.471],[-161.974,63.453],[-161.505,63.468],[-161.266,63.497],[-161.1,63.558],[-160.927,63.661],[-160.827,63.729],[-160.779,63.819],[-160.84,63.935],[-160.904,64.031],[-160.988,64.251],[-161.22,64.397],[-161.386,64.44],[-161.491,64.434],[-161.415,64.526],[-161.193,64.516],[-161.049,64.534],[-160.932,64.579],[-160.894,64.613],[-160.836,64.682],[-160.856,64.756],[-160.887,64.796],[-160.967,64.84],[-161.063,64.904],[-161.13,64.925],[-161.187,64.924],[-161.466,64.795],[-161.634,64.792],[-161.759,64.816],[-161.868,64.743],[-162.172,64.678],[-162.335,64.613],[-162.636,64.451],[-162.711,64.378],[-162.807,64.374],[-162.876,64.516],[-163.204,64.652],[-163.303,64.606],[-163.248,64.563],[-163.174,64.533],[-163.052,64.52],[-163.105,64.479],[-163.144,64.424],[-163.267,64.475],[-163.486,64.55],[-163.713,64.588],[-164.304,64.584],[-164.692,64.507],[-164.727,64.523],[-164.765,64.53],[-164.83,64.511],[-164.857,64.48],[-164.899,64.461],[-164.979,64.454],[-165.138,64.465],[-165.446,64.513],[-166.143,64.583],[-166.325,64.626],[-166.481,64.728],[-166.478,64.798],[-166.409,64.827],[-166.415,64.927],[-166.551,64.953],[-166.827,65.096],[-166.928,65.157],[-166.906,65.164],[-166.857,65.147],[-166.763,65.135],[-166.531,65.155],[-166.452,65.247],[-166.28,65.274],[-166.121,65.261],[-166.157,65.286],[-166.197,65.306],[-166.609,65.353],[-166.665,65.338],[-167.404,65.422],[-167.987,65.568],[-168.035,65.596],[-168.088,65.658],[-168.01,65.719],[-167.931,65.748],[-167.927,65.714],[-167.914,65.681],[-167.58,65.758],[-167.405,65.859],[-167.074,65.877],[-166.997,65.905],[-166.894,65.959],[-166.748,66.052],[-166.54,66.101],[-166.399,66.144],[-166.215,66.17],[-166.057,66.127],[-166.009,66.121],[-165.724,66.113],[-165.63,66.131],[-165.59,66.145],[-165.56,66.167],[-165.84,66.245],[-165.812,66.288],[-165.776,66.319],[-165.449,66.41],[-165.198,66.44],[-165.064,66.438],[-164.674,66.555],[-164.46,66.588],[-164.058,66.611],[-163.728,66.616],[-163.638,66.575],[-163.816,66.583],[-163.894,66.576],[-163.838,66.562],[-163.775,66.531],[-163.794,66.493],[-163.903,66.378],[-163.894,66.287],[-163.965,66.257],[-164.034,66.216],[-163.695,66.084],[-163.171,66.075],[-162.886,66.099],[-162.722,66.06],[-162.587,66.051],[-162.214,66.071],[-161.934,66.043],[-161.816,66.054],[-161.557,66.251],[-161.455,66.281],[-161.345,66.247],[-161.201,66.219],[-161.109,66.24],[-161.034,66.189],[-161.07,66.295],[-161.12,66.334],[-161.544,66.407],[-161.828,66.371],[-161.917,66.412],[-161.888,66.493],[-162.191,66.693],[-162.318,66.734],[-162.467,66.736],[-162.544,66.805],[-162.607,66.894],[-162.478,66.931],[-162.362,66.947],[-162.254,66.919],[-162.131,66.801],[-162.018,66.784],[-162.051,66.667],[-161.91,66.56],[-161.591,66.46],[-161.336,66.496],[-161.156,66.495],[-161.048,66.474],[-160.784,66.384],[-160.651,66.373],[-160.232,66.42],[-160.227,66.509],[-160.263,66.572],[-160.361,66.613],[-160.644,66.605],[-160.864,66.671],[-161.051,66.653],[-161.398,66.552],[-161.572,66.592],[-161.681,66.646],[-161.857,66.7],[-161.879,66.804],[-161.731,66.923],[-161.622,66.979],[-161.72,67.021],[-161.965,67.05],[-162.392,67.02],[-162.412,67.06],[-162.409,67.104],[-162.583,67.018],[-162.761,67.036],[-163.002,67.027],[-163.532,67.103],[-163.721,67.196],[-163.8,67.271],[-163.943,67.478],[-164.125,67.607],[-165.386,68.046],[-165.96,68.156],[-166.236,68.278],[-166.409,68.308],[-166.574,68.32],[-166.786,68.36],[-166.644,68.408],[-166.546,68.424],[-166.648,68.374],[-166.57,68.361],[-166.447,68.39],[-166.381,68.425],[-166.283,68.573],[-166.182,68.797],[-166.209,68.885],[-165.509,68.868],[-165.044,68.882],[-164.89,68.902],[-164.302,68.936],[-164.15,68.961],[-163.868,69.037],[-163.536,69.17],[-163.251,69.345],[-163.205,69.393],[-163.187,69.38],[-163.161,69.388],[-163.131,69.454],[-163.094,69.611],[-162.952,69.758],[-162.35,70.094],[-162.071,70.227],[-161.978,70.288],[-161.881,70.332],[-161.813,70.29],[-161.78,70.277],[-161.761,70.258],[-161.818,70.248],[-161.912,70.205],[-162.042,70.177],[-162.074,70.162],[-161.997,70.165],[-161.768,70.197],[-161.639,70.235],[-160.996,70.305],[-160.648,70.421],[-160.634,70.446],[-160.117,70.591],[-160.046,70.586],[-159.963,70.568],[-160.106,70.473],[-160.006,70.448],[-160.095,70.333],[-159.908,70.331],[-159.866,70.279],[-159.855,70.324],[-159.858,70.389],[-159.843,70.453],[-159.815,70.497],[-159.683,70.477],[-159.387,70.525],[-159.746,70.53],[-159.962,70.634],[-160.082,70.635],[-159.681,70.787],[-159.315,70.879],[-159.232,70.877],[-159.192,70.86],[-159.183,70.832],[-159.262,70.814],[-159.34,70.781],[-159.304,70.753],[-159.251,70.748],[-159.075,70.772],[-158.996,70.802],[-158.621,70.799],[-158.511,70.82],[-158.484,70.841],[-157.998,70.845],[-157.909,70.86],[-157.606,70.941],[-157.325,71.04],[-157.195,71.093],[-156.973,71.23],[-156.783,71.319],[-156.47,71.408],[-156.395,71.397],[-156.497,71.379],[-156.567,71.342],[-156.47,71.292],[-155.811,71.188],[-155.646,71.183],[-155.579,71.121],[-155.635,71.062],[-155.804,70.995],[-156.147,70.928],[-156.042,70.902],[-155.974,70.842],[-155.872,70.835],[-155.708,70.857],[-155.579,70.894],[-155.313,71.015],[-155.23,71.082],[-155.167,71.099],[-154.944,71.083],[-154.818,71.048],[-154.674,70.987],[-154.726,70.928],[-154.785,70.894],[-154.599,70.848],[-154.392,70.838],[-154.195,70.801],[-153.918,70.877],[-153.701,70.894],[-153.498,70.891],[-153.233,70.933],[-152.785,70.876],[-152.671,70.891],[-152.491,70.881],[-152.3,70.847],[-152.233,70.81],[-152.437,70.733],[-152.471,70.654],[-152.399,70.62],[-152.27,70.615],[-152.253,70.568],[-152.173,70.557],[-151.769,70.56],[-151.8,70.538],[-151.82,70.511],[-151.945,70.452],[-151.225,70.419],[-151.128,70.452],[-150.979,70.465],[-150.663,70.51],[-150.544,70.49],[-150.403,70.444],[-150.274,70.434],[-150.153,70.444],[-149.87,70.51],[-149.544,70.513],[-149.411,70.491],[-149.269,70.501],[-148.845,70.425],[-148.688,70.416],[-148.479,70.318],[-148.371,70.315],[-148.249,70.357],[-148.143,70.355],[-148.039,70.316],[-147.87,70.303],[-147.791,70.24],[-147.705,70.217],[-147.063,70.17],[-146.745,70.192],[-146.281,70.186],[-146.058,70.156],[-145.823,70.16],[-145.44,70.051],[-145.237,70.034],[-145.197,70.009],[-144.619,69.982],[-144.417,70.039],[-144.064,70.054],[-143.746,70.102],[-143.566,70.101],[-143.357,70.09],[-143.276,70.095],[-143.218,70.116],[-142.708,70.034],[-142.422,69.94],[-142.297,69.87],[-141.699,69.77],[-141.526,69.715],[-141.408,69.653],[-141.339,69.647],[-141.29,69.665],[-141.081,69.659],[-141.002,69.651],[-141.002,69.359],[-141.002,69.066],[-141.002,68.774],[-141.002,68.482],[-141.002,68.19],[-141.002,67.898],[-141.002,67.605],[-141.002,67.313],[-141.002,67.021],[-141.002,66.729],[-141.002,66.437],[-141.002,66.144],[-141.002,65.852],[-141.002,65.56],[-141.002,65.268],[-141.002,64.976],[-141.002,64.683],[-141.002,64.391],[-141.002,64.099],[-141.002,63.807],[-141.002,63.514],[-141.002,63.222],[-141.002,62.93],[-141.002,62.638],[-141.002,62.346],[-141.002,62.053],[-141.002,61.761],[-141.002,61.469],[-141.002,61.177],[-141.002,60.885],[-141.002,60.592],[-141.002,60.3],[-140.763,60.259],[-140.525,60.218],[-140.453,60.3],[-140.197,60.237],[-139.973,60.183],[-139.831,60.253],[-139.676,60.328],[-139.468,60.334],[-139.235,60.34],[-139.079,60.344],[-139.079,60.279],[-139.137,60.173],[-139.185,60.084],[-139.057,60.002]]],[[[-166.11,66.227],[-166.149,66.222],[-166.146,66.237],[-166.033,66.278],[-165.822,66.328],[-165.83,66.317],[-165.942,66.278],[-166.11,66.227]]],[[[-171.463,63.64],[-171.448,63.616],[-171.343,63.62],[-171.197,63.609],[-171.035,63.585],[-170.875,63.594],[-170.673,63.669],[-170.552,63.688],[-170.43,63.699],[-170.299,63.681],[-170.171,63.641],[-170.122,63.618],[-170.082,63.577],[-170.056,63.527],[-170.017,63.492],[-169.777,63.448],[-169.624,63.431],[-169.587,63.407],[-169.555,63.373],[-169.428,63.348],[-169.295,63.358],[-169.221,63.349],[-168.996,63.347],[-168.716,63.311],[-168.761,63.214],[-168.852,63.171],[-169.109,63.185],[-169.365,63.171],[-169.471,63.121],[-169.559,63.058],[-169.571,62.997],[-169.623,62.969],[-169.676,62.956],[-169.72,62.99],[-169.778,63.094],[-169.819,63.122],[-169.863,63.14],[-169.988,63.173],[-170.115,63.194],[-170.19,63.196],[-170.243,63.232],[-170.273,63.284],[-170.324,63.311],[-170.424,63.349],[-170.527,63.379],[-170.848,63.444],[-170.954,63.453],[-171.061,63.446],[-171.176,63.416],[-171.287,63.372],[-171.401,63.339],[-171.519,63.332],[-171.632,63.351],[-171.738,63.394],[-171.791,63.425],[-171.819,63.477],[-171.818,63.53],[-171.804,63.581],[-171.746,63.703],[-171.646,63.727],[-171.463,63.64]]],[[[-147.931,60.826],[-148.057,60.818],[-148.115,60.831],[-148.124,60.844],[-148.1,60.895],[-148.102,60.916],[-148.038,60.924],[-147.964,60.9],[-147.943,60.875],[-147.931,60.826]]],[[[-172.742,60.457],[-172.526,60.392],[-172.388,60.398],[-172.278,60.344],[-172.232,60.299],[-172.397,60.331],[-172.636,60.329],[-172.958,60.463],[-173.074,60.493],[-173.048,60.568],[-172.924,60.607],[-172.86,60.506],[-172.742,60.457]]],[[[-152.021,60.362],[-152.069,60.358],[-152.005,60.407],[-151.96,60.504],[-151.899,60.49],[-151.887,60.473],[-151.987,60.374],[-152.021,60.362]]],[[[-147.658,60.45],[-147.659,60.424],[-147.69,60.399],[-147.66,60.352],[-147.712,60.273],[-147.732,60.222],[-147.76,60.19],[-147.788,60.178],[-147.816,60.185],[-147.822,60.203],[-147.805,60.231],[-147.871,60.23],[-147.891,60.299],[-147.855,60.321],[-147.842,60.351],[-147.838,60.371],[-147.795,60.46],[-147.779,60.466],[-147.774,60.445],[-147.76,60.439],[-147.737,60.447],[-147.703,60.487],[-147.689,60.491],[-147.658,60.45]]],[[[-146.394,60.45],[-146.372,60.422],[-146.18,60.429],[-146.124,60.424],[-146.102,60.411],[-146.128,60.393],[-146.202,60.368],[-146.419,60.325],[-146.595,60.268],[-146.618,60.274],[-146.65,60.336],[-146.683,60.361],[-146.703,60.396],[-146.703,60.409],[-146.67,60.433],[-146.606,60.468],[-146.56,60.481],[-146.394,60.45]]],[[[-145.119,60.337],[-145.15,60.313],[-145.238,60.321],[-145.284,60.337],[-145.128,60.401],[-145.102,60.388],[-145.119,60.337]]],[[[-166.135,60.384],[-166.044,60.334],[-165.995,60.331],[-165.841,60.346],[-165.784,60.336],[-165.73,60.314],[-165.696,60.282],[-165.689,60.224],[-165.714,60.173],[-165.707,60.101],[-165.712,60.069],[-165.631,60.028],[-165.605,59.973],[-165.592,59.913],[-165.769,59.893],[-165.947,59.89],[-166.1,59.85],[-166.131,59.82],[-166.107,59.775],[-166.149,59.764],[-166.188,59.774],[-166.262,59.815],[-166.343,59.834],[-166.628,59.865],[-166.985,59.984],[-167.139,60.009],[-167.295,60.096],[-167.436,60.207],[-167.344,60.224],[-167.252,60.234],[-166.836,60.217],[-166.784,60.296],[-166.731,60.316],[-166.599,60.339],[-166.476,60.383],[-166.42,60.382],[-166.364,60.365],[-166.247,60.391],[-166.185,60.397],[-166.135,60.384]]],[[[-147.736,59.813],[-147.846,59.799],[-147.872,59.828],[-147.814,59.902],[-147.768,59.944],[-147.734,59.954],[-147.607,60.037],[-147.466,60.097],[-147.337,60.185],[-147.205,60.311],[-147.181,60.358],[-147.12,60.363],[-147.02,60.332],[-146.958,60.289],[-146.987,60.254],[-147.318,60.075],[-147.346,60.052],[-147.377,59.991],[-147.404,59.97],[-147.448,59.96],[-147.479,59.934],[-147.499,59.89],[-147.54,59.868],[-147.602,59.866],[-147.645,59.854],[-147.669,59.832],[-147.736,59.813]]],[[[-148.022,60.065],[-148.074,60.035],[-148.272,60.053],[-148.231,60.114],[-148.08,60.152],[-147.914,60.092],[-148.022,60.065]]],[[[-144.566,59.818],[-144.614,59.813],[-144.542,59.878],[-144.445,59.951],[-144.354,59.996],[-144.236,60.015],[-144.249,59.982],[-144.403,59.921],[-144.566,59.818]]],[[[-160.919,58.577],[-160.992,58.561],[-161.07,58.569],[-161.132,58.668],[-161.085,58.671],[-160.986,58.736],[-160.769,58.789],[-160.715,58.795],[-160.919,58.577]]],[[[-152.486,58.485],[-152.516,58.479],[-152.589,58.509],[-152.637,58.542],[-152.605,58.566],[-152.463,58.618],[-152.396,58.619],[-152.368,58.611],[-152.357,58.595],[-152.362,58.571],[-152.393,58.541],[-152.486,58.485]]],[[[-152.417,58.36],[-152.381,58.352],[-152.343,58.412],[-152.316,58.413],[-152.198,58.363],[-152.125,58.374],[-152.079,58.312],[-152.037,58.307],[-151.998,58.314],[-151.974,58.31],[-151.982,58.244],[-152.069,58.178],[-152.109,58.161],[-152.165,58.178],[-152.187,58.185],[-152.224,58.214],[-152.252,58.251],[-152.268,58.252],[-152.334,58.208],[-152.333,58.187],[-152.305,58.154],[-152.309,58.134],[-152.381,58.124],[-152.452,58.129],[-152.538,58.101],[-152.558,58.119],[-152.571,58.168],[-152.598,58.163],[-152.639,58.102],[-152.683,58.063],[-152.764,58.031],[-152.782,58.016],[-152.841,58.014],[-152.928,57.994],[-152.983,57.997],[-153.305,58.063],[-153.381,58.087],[-153.116,58.239],[-152.976,58.297],[-152.895,58.294],[-152.815,58.276],[-152.772,58.279],[-152.769,58.346],[-152.844,58.396],[-152.841,58.416],[-152.675,58.451],[-152.612,58.446],[-152.544,58.428],[-152.478,58.4],[-152.417,58.36]]],[[[-134.68,58.162],[-134.426,58.139],[-134.24,58.144],[-134.07,57.995],[-133.966,57.874],[-133.904,57.789],[-133.869,57.708],[-133.823,57.629],[-133.827,57.618],[-133.925,57.671],[-133.996,57.778],[-134.032,57.821],[-134.067,57.84],[-134.105,57.879],[-134.178,57.982],[-134.18,58.011],[-134.213,58.038],[-134.25,58.049],[-134.292,58.045],[-134.307,58.034],[-134.3,57.963],[-134.267,57.885],[-134.084,57.712],[-133.961,57.614],[-133.937,57.582],[-133.921,57.492],[-133.974,57.451],[-133.909,57.369],[-133.911,57.353],[-133.925,57.337],[-134.1,57.3],[-134.26,57.147],[-134.435,57.057],[-134.516,57.043],[-134.555,57.058],[-134.592,57.092],[-134.613,57.138],[-134.62,57.196],[-134.576,57.232],[-134.489,57.42],[-134.487,57.482],[-134.595,57.568],[-134.66,57.638],[-134.695,57.736],[-134.754,57.995],[-134.781,58.078],[-134.82,58.147],[-134.87,58.202],[-134.908,58.263],[-134.933,58.329],[-134.923,58.355],[-134.837,58.32],[-134.733,58.225],[-134.68,58.162]]],[[[-134.313,58.229],[-134.32,58.204],[-134.456,58.207],[-134.594,58.243],[-134.662,58.291],[-134.648,58.312],[-134.52,58.333],[-134.399,58.287],[-134.313,58.229]]],[[[-135.73,58.244],[-135.587,58.147],[-135.586,58.124],[-135.615,58.057],[-135.693,58.039],[-135.671,58.012],[-135.613,57.992],[-135.572,58.009],[-135.421,58.102],[-135.375,58.122],[-135.347,58.124],[-135.163,58.096],[-135.002,58.051],[-134.955,58.015],[-134.928,57.953],[-134.971,57.817],[-135.103,57.794],[-135.165,57.796],[-135.231,57.816],[-135.338,57.769],[-135.25,57.733],[-134.979,57.724],[-134.897,57.648],[-134.873,57.589],[-134.931,57.481],[-135.085,57.511],[-135.22,57.574],[-135.498,57.662],[-135.564,57.666],[-135.609,57.651],[-135.621,57.597],[-135.618,57.48],[-135.692,57.42],[-135.911,57.447],[-135.997,57.535],[-136.077,57.675],[-136.378,57.84],[-136.46,57.873],[-136.569,57.972],[-136.525,58.051],[-136.512,58.096],[-136.454,58.108],[-136.37,58.143],[-136.322,58.219],[-136.246,58.157],[-136.144,58.098],[-136.142,58.154],[-136.094,58.198],[-135.994,58.197],[-135.947,58.206],[-135.882,58.247],[-135.787,58.268],[-135.73,58.244]]],[[[-152.898,57.824],[-152.891,57.769],[-152.85,57.776],[-152.696,57.832],[-152.616,57.849],[-152.512,57.851],[-152.429,57.826],[-152.412,57.806],[-152.419,57.782],[-152.485,57.734],[-152.483,57.703],[-152.411,57.646],[-152.237,57.615],[-152.215,57.598],[-152.216,57.577],[-152.337,57.482],[-152.381,57.46],[-152.412,57.455],[-152.631,57.472],[-152.831,57.503],[-152.912,57.508],[-152.941,57.498],[-152.997,57.469],[-152.957,57.46],[-152.781,57.453],[-152.72,57.411],[-152.693,57.38],[-152.679,57.345],[-152.714,57.331],[-152.789,57.321],[-152.879,57.321],[-152.99,57.282],[-153.052,57.238],[-153.274,57.226],[-153.444,57.167],[-153.504,57.138],[-153.524,57.103],[-153.588,57.078],[-153.733,57.052],[-153.647,57.03],[-153.633,57.01],[-153.631,56.984],[-153.643,56.961],[-153.757,56.858],[-153.973,56.774],[-154.027,56.778],[-154.051,56.788],[-154.07,56.805],[-154.071,56.821],[-153.793,56.989],[-153.804,56.998],[-153.88,57.004],[-153.999,57.05],[-154.084,57.02],[-154.103,57.021],[-154.08,57.061],[-154.025,57.108],[-154.035,57.122],[-154.065,57.134],[-154.135,57.141],[-154.244,57.143],[-154.324,57.132],[-154.377,57.107],[-154.381,57.097],[-154.27,57.099],[-154.239,57.087],[-154.209,57.063],[-154.191,57.036],[-154.184,57.005],[-154.208,56.964],[-154.261,56.912],[-154.339,56.921],[-154.499,57.037],[-154.569,57.206],[-154.706,57.335],[-154.712,57.366],[-154.673,57.446],[-154.535,57.559],[-154.387,57.59],[-154.281,57.638],[-154.179,57.652],[-154.116,57.651],[-154.03,57.631],[-153.995,57.587],[-154.016,57.567],[-154.008,57.556],[-153.947,57.53],[-153.882,57.439],[-153.805,57.358],[-153.755,57.325],[-153.688,57.305],[-153.757,57.367],[-153.798,57.443],[-153.818,57.596],[-153.838,57.636],[-153.799,57.647],[-153.69,57.641],[-153.693,57.663],[-153.808,57.715],[-153.879,57.757],[-153.906,57.791],[-153.904,57.82],[-153.842,57.863],[-153.806,57.875],[-153.769,57.88],[-153.696,57.871],[-153.663,57.858],[-153.569,57.761],[-153.524,57.731],[-153.488,57.731],[-153.454,57.747],[-153.423,57.779],[-153.39,57.798],[-153.357,57.805],[-153.252,57.79],[-153.217,57.796],[-153.2,57.82],[-153.201,57.863],[-153.175,57.879],[-153.169,57.911],[-153.226,57.958],[-153.16,57.972],[-152.943,57.936],[-152.85,57.897],[-152.898,57.824]]],[[[-153.241,57.85],[-153.269,57.822],[-153.295,57.829],[-153.351,57.862],[-153.465,57.909],[-153.517,57.942],[-153.52,57.956],[-153.481,57.971],[-153.347,57.933],[-153.29,57.898],[-153.241,57.85]]],[[[-134.97,57.351],[-134.885,57.242],[-134.823,57.157],[-134.769,57.054],[-134.677,56.842],[-134.634,56.762],[-134.621,56.718],[-134.611,56.603],[-134.624,56.579],[-134.652,56.556],[-134.657,56.523],[-134.632,56.436],[-134.63,56.302],[-134.654,56.227],[-134.682,56.216],[-134.75,56.241],[-134.806,56.281],[-134.848,56.323],[-134.95,56.457],[-134.981,56.519],[-134.982,56.564],[-134.967,56.596],[-134.933,56.616],[-134.875,56.67],[-134.883,56.679],[-134.928,56.667],[-135.018,56.66],[-135.097,56.703],[-135.159,56.725],[-135.147,56.802],[-135.163,56.824],[-135.285,56.8],[-135.331,56.822],[-135.341,56.851],[-135.338,56.894],[-135.315,56.932],[-135.2,57.027],[-135.211,57.045],[-135.267,57.049],[-135.341,57.082],[-135.375,57.188],[-135.455,57.249],[-135.502,57.244],[-135.609,57.071],[-135.662,57.034],[-135.812,57.01],[-135.782,57.058],[-135.768,57.1],[-135.821,57.23],[-135.823,57.28],[-135.787,57.317],[-135.681,57.333],[-135.625,57.354],[-135.581,57.39],[-135.57,57.425],[-135.487,57.516],[-135.449,57.534],[-135.346,57.533],[-135.131,57.432],[-135.065,57.417],[-134.97,57.351]]],[[[-170.161,57.184],[-170.264,57.137],[-170.358,57.154],[-170.386,57.189],[-170.387,57.203],[-170.116,57.242],[-170.161,57.184]]],[[[-153.007,57.125],[-153.134,57.093],[-153.157,57.094],[-153.235,57.029],[-153.295,57],[-153.375,57.052],[-153.354,57.132],[-153.285,57.185],[-152.935,57.167],[-152.908,57.152],[-152.908,57.14],[-152.933,57.129],[-153.007,57.125]]],[[[-133.366,57.004],[-133.3,56.972],[-133.264,57.005],[-133.196,57.003],[-133.071,56.974],[-132.996,56.93],[-132.954,56.88],[-132.951,56.85],[-132.963,56.783],[-132.954,56.713],[-132.959,56.677],[-132.976,56.647],[-133.004,56.624],[-133.035,56.621],[-133.132,56.683],[-133.244,56.796],[-133.329,56.83],[-133.332,56.818],[-133.309,56.786],[-133.24,56.726],[-133.227,56.689],[-133.178,56.645],[-133.157,56.611],[-133.144,56.567],[-133.145,56.528],[-133.158,56.495],[-133.181,56.474],[-133.213,56.465],[-133.383,56.474],[-133.484,56.452],[-133.603,56.464],[-133.631,56.484],[-133.649,56.517],[-133.658,56.596],[-133.688,56.71],[-133.681,56.798],[-133.758,56.877],[-133.823,56.924],[-133.917,56.967],[-133.979,57.01],[-133.962,57.043],[-133.866,57.069],[-133.708,57.063],[-133.366,57.004]]],[[[-133.99,56.845],[-133.925,56.776],[-133.831,56.781],[-133.778,56.729],[-133.738,56.65],[-133.767,56.6],[-133.809,56.611],[-133.855,56.582],[-133.884,56.485],[-133.87,56.389],[-133.885,56.292],[-133.939,56.194],[-133.95,56.128],[-133.971,56.108],[-133.994,56.101],[-134.024,56.119],[-134.067,56.133],[-134.122,56.077],[-134.19,56.077],[-134.245,56.203],[-134.195,56.414],[-134.084,56.456],[-134.15,56.513],[-134.29,56.58],[-134.278,56.617],[-134.384,56.724],[-134.391,56.749],[-134.374,56.839],[-134.274,56.918],[-134.143,56.932],[-134.052,56.898],[-134.001,56.869],[-133.99,56.845]]],[[[-132.747,56.526],[-132.758,56.511],[-132.885,56.512],[-132.931,56.524],[-132.948,56.567],[-132.936,56.607],[-132.907,56.637],[-132.871,56.696],[-132.843,56.795],[-132.656,56.685],[-132.599,56.636],[-132.568,56.576],[-132.634,56.553],[-132.714,56.543],[-132.747,56.526]]],[[[-169.755,56.635],[-169.624,56.615],[-169.55,56.628],[-169.486,56.618],[-169.474,56.594],[-169.587,56.542],[-169.633,56.546],[-169.766,56.608],[-169.755,56.635]]],[[[-154.209,56.515],[-154.258,56.513],[-154.332,56.539],[-154.322,56.571],[-154.217,56.609],[-154.11,56.603],[-154.102,56.582],[-154.107,56.558],[-154.116,56.544],[-154.15,56.53],[-154.209,56.515]]],[[[-154.683,56.436],[-154.751,56.412],[-154.774,56.42],[-154.777,56.44],[-154.761,56.471],[-154.729,56.502],[-154.624,56.561],[-154.518,56.601],[-154.463,56.598],[-154.445,56.573],[-154.511,56.521],[-154.683,56.436]]],[[[-132.112,56.109],[-132.133,55.943],[-132.173,55.953],[-132.21,55.953],[-132.287,55.929],[-132.369,55.94],[-132.407,55.958],[-132.421,55.98],[-132.406,56.029],[-132.451,56.056],[-132.603,56.066],[-132.66,56.078],[-132.691,56.13],[-132.699,56.198],[-132.675,56.224],[-132.599,56.242],[-132.539,56.324],[-132.506,56.335],[-132.38,56.499],[-132.316,56.487],[-132.206,56.388],[-132.067,56.244],[-132.112,56.109]]],[[[-132.78,56.247],[-132.831,56.244],[-132.891,56.259],[-133.035,56.341],[-133.038,56.365],[-133.017,56.392],[-132.935,56.442],[-132.902,56.454],[-132.706,56.448],[-132.643,56.435],[-132.629,56.412],[-132.632,56.388],[-132.653,56.364],[-132.658,56.339],[-132.647,56.313],[-132.669,56.287],[-132.78,56.247]]],[[[-133.566,56.339],[-133.377,56.318],[-133.203,56.32],[-133.144,56.279],[-133.104,56.235],[-133.082,56.194],[-133.075,56.156],[-133.08,56.129],[-133.101,56.1],[-133.097,56.09],[-132.758,55.995],[-132.598,55.895],[-132.534,55.842],[-132.497,55.798],[-132.43,55.687],[-132.289,55.558],[-132.215,55.519],[-132.173,55.481],[-132.196,55.479],[-132.296,55.507],[-132.511,55.594],[-132.529,55.59],[-132.548,55.544],[-132.582,55.503],[-132.631,55.473],[-132.592,55.464],[-132.418,55.483],[-132.272,55.399],[-132.215,55.384],[-132.16,55.323],[-132.158,55.3],[-132.19,55.255],[-132.215,55.237],[-132.207,55.224],[-132.166,55.218],[-132.005,55.231],[-131.976,55.209],[-132,55.034],[-131.978,54.969],[-131.978,54.94],[-131.997,54.901],[-131.997,54.869],[-131.983,54.835],[-131.981,54.805],[-132.022,54.726],[-132.065,54.713],[-132.134,54.713],[-132.189,54.735],[-132.266,54.802],[-132.341,54.907],[-132.37,54.922],[-132.469,54.938],[-132.486,54.95],[-132.549,54.953],[-132.594,54.996],[-132.588,55.052],[-132.627,55.11],[-132.622,55.136],[-132.665,55.147],[-132.702,55.131],[-132.683,55.074],[-132.704,55.03],[-132.782,55.048],[-132.913,55.188],[-133.061,55.301],[-133.119,55.328],[-133.103,55.36],[-133.03,55.378],[-132.971,55.376],[-132.959,55.396],[-133.082,55.504],[-133.078,55.535],[-133.033,55.59],[-133.09,55.613],[-133.244,55.595],[-133.298,55.607],[-133.343,55.651],[-133.369,55.689],[-133.503,55.696],[-133.553,55.691],[-133.64,55.749],[-133.68,55.785],[-133.664,55.804],[-133.584,55.837],[-133.537,55.832],[-133.447,55.797],[-133.412,55.798],[-133.322,55.845],[-133.308,55.886],[-133.242,55.921],[-133.252,55.957],[-133.289,56.019],[-133.371,56.036],[-133.539,55.999],[-133.684,55.943],[-133.743,55.965],[-133.755,55.999],[-133.599,56.094],[-133.531,56.146],[-133.544,56.177],[-133.594,56.216],[-133.599,56.316],[-133.566,56.339]]],[[[-130.979,55.489],[-131.014,55.379],[-131.083,55.267],[-131.188,55.206],[-131.262,55.22],[-131.316,55.269],[-131.367,55.266],[-131.421,55.276],[-131.451,55.316],[-131.422,55.368],[-131.448,55.409],[-131.475,55.373],[-131.522,55.341],[-131.641,55.299],[-131.724,55.218],[-131.763,55.166],[-131.811,55.223],[-131.842,55.359],[-131.846,55.416],[-131.759,55.503],[-131.648,55.586],[-131.625,55.832],[-131.269,55.955],[-131.236,55.949],[-131.121,55.857],[-130.998,55.728],[-130.966,55.67],[-130.965,55.568],[-130.979,55.489]]],[[[-155.566,55.821],[-155.605,55.79],[-155.681,55.792],[-155.723,55.802],[-155.737,55.83],[-155.621,55.913],[-155.594,55.924],[-155.573,55.921],[-155.564,55.887],[-155.566,55.821]]],[[[-133.305,55.544],[-133.283,55.516],[-133.282,55.498],[-133.426,55.431],[-133.429,55.418],[-133.463,55.377],[-133.493,55.362],[-133.547,55.317],[-133.65,55.269],[-133.635,55.413],[-133.737,55.497],[-133.634,55.539],[-133.567,55.527],[-133.455,55.522],[-133.346,55.559],[-133.305,55.544]]],[[[-160.685,55.315],[-160.67,55.314],[-160.639,55.322],[-160.574,55.378],[-160.553,55.381],[-160.552,55.363],[-160.583,55.308],[-160.531,55.233],[-160.483,55.197],[-160.488,55.185],[-160.609,55.159],[-160.702,55.178],[-160.751,55.171],[-160.795,55.145],[-160.825,55.174],[-160.847,55.311],[-160.84,55.335],[-160.789,55.383],[-160.724,55.405],[-160.696,55.398],[-160.672,55.379],[-160.666,55.359],[-160.685,55.315]]],[[[-160.329,55.338],[-160.343,55.259],[-160.481,55.309],[-160.517,55.334],[-160.493,55.352],[-160.362,55.357],[-160.329,55.338]]],[[[-132.862,54.894],[-132.838,54.881],[-132.813,54.89],[-132.772,54.926],[-132.701,54.919],[-132.649,54.907],[-132.617,54.892],[-132.634,54.84],[-132.647,54.756],[-132.677,54.726],[-132.706,54.684],[-132.807,54.709],[-132.89,54.763],[-133.009,54.855],[-133.075,54.921],[-133.081,54.949],[-133.123,54.97],[-133.205,55.084],[-133.251,55.175],[-133.325,55.186],[-133.418,55.211],[-133.454,55.26],[-133.429,55.304],[-133.297,55.326],[-133.097,55.214],[-133.067,55.166],[-132.996,55.111],[-132.982,55.033],[-132.946,55.003],[-132.862,54.894]]],[[[-159.873,55.129],[-159.934,55.107],[-159.953,55.079],[-159.999,55.067],[-160.038,55.044],[-160.17,54.942],[-160.227,54.923],[-160.164,55.01],[-160.154,55.038],[-160.152,55.057],[-160.172,55.123],[-160.134,55.12],[-160.102,55.134],[-160.039,55.193],[-159.982,55.198],[-159.92,55.268],[-159.887,55.273],[-159.871,55.264],[-159.898,55.221],[-159.839,55.182],[-159.854,55.145],[-159.873,55.129]]],[[[-131.34,55.08],[-131.237,54.95],[-131.232,54.904],[-131.33,54.888],[-131.406,54.894],[-131.446,54.909],[-131.456,54.931],[-131.431,54.996],[-131.482,55.035],[-131.54,55.048],[-131.592,55.026],[-131.595,55.091],[-131.556,55.137],[-131.578,55.201],[-131.578,55.249],[-131.565,55.264],[-131.513,55.263],[-131.405,55.213],[-131.34,55.08]]],[[[-159.515,55.152],[-159.52,55.072],[-159.535,55.06],[-159.561,55.081],[-159.618,55.057],[-159.648,55.075],[-159.635,55.102],[-159.64,55.124],[-159.598,55.126],[-159.588,55.165],[-159.595,55.182],[-159.575,55.218],[-159.545,55.226],[-159.515,55.152]]],[[[-159.362,54.972],[-159.394,54.967],[-159.421,54.978],[-159.458,55.035],[-159.462,55.059],[-159.39,55.041],[-159.363,55],[-159.362,54.972]]],[[[-163.476,54.981],[-163.379,54.816],[-163.337,54.783],[-163.275,54.766],[-163.187,54.748],[-163.135,54.723],[-163.089,54.686],[-163.083,54.669],[-163.358,54.736],[-163.531,54.638],[-163.583,54.626],[-164.073,54.621],[-164.171,54.603],[-164.235,54.571],[-164.347,54.482],[-164.403,54.448],[-164.463,54.427],[-164.591,54.404],[-164.744,54.407],[-164.823,54.419],[-164.866,54.461],[-164.904,54.545],[-164.904,54.568],[-164.888,54.608],[-164.751,54.663],[-164.706,54.692],[-164.53,54.881],[-164.479,54.907],[-164.424,54.913],[-164.274,54.9],[-164.145,54.955],[-163.868,55.039],[-163.807,55.049],[-163.607,55.051],[-163.553,55.038],[-163.511,55.014],[-163.476,54.981]]],[[[-162.298,54.847],[-162.322,54.842],[-162.391,54.873],[-162.416,54.896],[-162.434,54.932],[-162.294,54.983],[-162.265,54.984],[-162.238,54.955],[-162.234,54.932],[-162.273,54.867],[-162.298,54.847]]],[[[-162.554,54.401],[-162.641,54.38],[-162.733,54.402],[-162.812,54.444],[-162.821,54.495],[-162.645,54.462],[-162.608,54.447],[-162.554,54.401]]],[[[-165.561,54.137],[-165.605,54.129],[-165.615,54.14],[-165.621,54.184],[-165.654,54.253],[-165.59,54.279],[-165.551,54.285],[-165.534,54.274],[-165.488,54.222],[-165.442,54.208],[-165.408,54.197],[-165.468,54.181],[-165.561,54.137]]],[[[-165.842,54.071],[-165.879,54.053],[-165.91,54.049],[-165.933,54.059],[-166.036,54.047],[-166.057,54.054],[-166.103,54.114],[-166.106,54.145],[-166.088,54.169],[-166.041,54.191],[-165.966,54.211],[-165.893,54.207],[-165.764,54.152],[-165.704,54.12],[-165.693,54.1],[-165.738,54.081],[-165.842,54.071]]],[[[-166.615,53.901],[-166.572,53.853],[-166.497,53.884],[-166.443,53.925],[-166.4,53.978],[-166.372,53.999],[-166.336,53.971],[-166.231,53.933],[-166.319,53.874],[-166.489,53.786],[-166.546,53.726],[-166.549,53.701],[-166.385,53.721],[-166.339,53.718],[-166.309,53.697],[-166.355,53.674],[-166.444,53.652],[-166.522,53.61],[-166.702,53.537],[-166.77,53.476],[-166.851,53.453],[-166.961,53.447],[-167.154,53.408],[-167.271,53.371],[-167.3,53.35],[-167.337,53.341],[-167.381,53.342],[-167.429,53.326],[-167.48,53.292],[-167.522,53.276],[-167.592,53.273],[-167.629,53.259],[-167.669,53.26],[-167.781,53.3],[-167.809,53.324],[-167.71,53.371],[-167.639,53.387],[-167.53,53.394],[-167.424,53.437],[-167.204,53.495],[-167.136,53.526],[-167.092,53.636],[-167.042,53.655],[-167.016,53.698],[-166.894,53.697],[-166.838,53.648],[-166.819,53.641],[-166.809,53.646],[-166.804,53.685],[-166.741,53.713],[-166.777,53.733],[-166.89,53.759],[-166.973,53.771],[-167.027,53.769],[-167.072,53.783],[-167.106,53.813],[-167.121,53.843],[-167.118,53.873],[-167.09,53.906],[-167.038,53.942],[-166.978,53.963],[-166.849,53.978],[-166.734,54.002],[-166.673,54.006],[-166.627,53.996],[-166.615,53.901]]],[[[-166.21,53.723],[-166.224,53.72],[-166.249,53.745],[-166.251,53.768],[-166.234,53.784],[-166.188,53.822],[-166.155,53.836],[-166.114,53.843],[-166.103,53.833],[-166.139,53.787],[-166.184,53.757],[-166.21,53.723]]],[[[-167.964,53.345],[-168.271,53.238],[-168.37,53.16],[-168.446,53.084],[-168.506,53.043],[-168.549,53.036],[-168.597,53.016],[-168.699,52.963],[-168.741,52.957],[-169.066,52.834],[-169.089,52.832],[-169.073,52.864],[-168.974,52.91],[-168.909,52.951],[-168.836,53.02],[-168.796,53.045],[-168.783,53.079],[-168.778,53.149],[-168.76,53.175],[-168.69,53.227],[-168.639,53.256],[-168.572,53.266],[-168.437,53.257],[-168.38,53.283],[-168.363,53.304],[-168.397,53.322],[-168.405,53.354],[-168.396,53.409],[-168.357,53.458],[-168.288,53.5],[-168.193,53.533],[-168.073,53.557],[-167.986,53.558],[-167.828,53.508],[-167.805,53.485],[-167.843,53.435],[-167.865,53.387],[-167.964,53.345]]],[[[-169.692,52.847],[-169.708,52.807],[-169.723,52.792],[-169.877,52.814],[-169.981,52.806],[-169.992,52.83],[-169.983,52.851],[-169.821,52.883],[-169.755,52.884],[-169.711,52.867],[-169.692,52.847]]],[[[-170.733,52.581],[-170.797,52.55],[-170.816,52.562],[-170.827,52.601],[-170.791,52.631],[-170.682,52.698],[-170.608,52.685],[-170.585,52.668],[-170.587,52.642],[-170.614,52.61],[-170.649,52.593],[-170.692,52.593],[-170.733,52.581]]],[[[-174.677,52.035],[-175.214,51.994],[-175.296,52.022],[-175.214,52.038],[-175.118,52.047],[-174.916,52.094],[-174.668,52.135],[-174.474,52.184],[-174.306,52.216],[-174.259,52.269],[-174.407,52.296],[-174.436,52.317],[-174.365,52.342],[-174.307,52.378],[-174.169,52.42],[-174.046,52.367],[-174.018,52.332],[-174.03,52.29],[-174.055,52.246],[-174.163,52.223],[-174.179,52.2],[-174.121,52.135],[-174.344,52.078],[-174.677,52.035]]],[[[-172.465,52.272],[-172.539,52.257],[-172.62,52.273],[-172.582,52.326],[-172.544,52.354],[-172.47,52.388],[-172.383,52.373],[-172.314,52.33],[-172.465,52.272]]],[[[-173.553,52.136],[-173.357,52.096],[-173.113,52.1],[-173.024,52.091],[-173.023,52.079],[-173.179,52.063],[-173.232,52.068],[-173.368,52.046],[-173.461,52.042],[-173.673,52.063],[-173.836,52.048],[-173.879,52.054],[-173.93,52.072],[-173.99,52.104],[-173.992,52.123],[-173.939,52.131],[-173.794,52.104],[-173.779,52.118],[-173.657,52.144],[-173.553,52.136]]],[[[-176.022,52.002],[-176.045,51.973],[-176.143,52.004],[-176.178,52.03],[-176.185,52.056],[-176.156,52.099],[-176.077,52.1],[-176.031,52.082],[-175.988,52.049],[-175.975,52.029],[-176.022,52.002]]],[[[-176.593,51.867],[-176.588,51.833],[-176.473,51.837],[-176.437,51.82],[-176.437,51.754],[-176.452,51.736],[-176.47,51.731],[-176.511,51.746],[-176.558,51.712],[-176.771,51.63],[-176.837,51.676],[-176.962,51.604],[-176.874,51.79],[-176.774,51.819],[-176.736,51.84],[-176.745,51.895],[-176.698,51.986],[-176.597,51.982],[-176.55,51.944],[-176.552,51.92],[-176.593,51.867]]],[[[-177.148,51.717],[-177.177,51.704],[-177.23,51.694],[-177.382,51.705],[-177.475,51.701],[-177.578,51.694],[-177.655,51.677],[-177.67,51.701],[-177.668,51.721],[-177.335,51.776],[-177.257,51.805],[-177.21,51.841],[-177.166,51.909],[-177.132,51.93],[-177.11,51.929],[-177.063,51.902],[-177.08,51.867],[-177.121,51.836],[-177.135,51.807],[-177.148,51.717]]],[[[-177.879,51.65],[-177.901,51.616],[-177.925,51.617],[-178.059,51.673],[-178.078,51.691],[-178,51.717],[-177.977,51.738],[-177.986,51.764],[-178.045,51.801],[-178.153,51.848],[-178.195,51.882],[-178.168,51.903],[-178.117,51.916],[-177.954,51.918],[-177.866,51.86],[-177.8,51.84],[-177.644,51.826],[-177.725,51.802],[-177.771,51.778],[-177.827,51.686],[-177.879,51.65]]],[[[-176.009,51.812],[-176.093,51.79],[-176.204,51.835],[-176.194,51.886],[-176.072,51.843],[-176.009,51.812]]],[[[-176.287,51.792],[-176.35,51.733],[-176.396,51.76],[-176.414,51.841],[-176.379,51.861],[-176.28,51.803],[-176.287,51.792]]]]}},{"type":"Feature","properties":{"id":"us-al"},"geometry":{"type":"MultiPolygon","coordinates":[[[[-87.49,30.378],[-87.513,30.368],[-87.622,30.265],[-88.006,30.231],[-87.985,30.254],[-87.904,30.259],[-87.79,30.292],[-87.813,30.347],[-87.857,30.407],[-87.898,30.414],[-87.924,30.45],[-87.923,30.562],[-87.949,30.627],[-88.011,30.694],[-88.032,30.681],[-88.078,30.566],[-88.117,30.415],[-88.135,30.367],[-88.249,30.363],[-88.35,30.373],[-88.4,30.371],[-88.413,30.577],[-88.423,30.764],[-88.434,30.952],[-88.444,31.14],[-88.455,31.327],[-88.465,31.515],[-88.476,31.703],[-88.486,31.891],[-88.462,32.075],[-88.437,32.26],[-88.413,32.445],[-88.389,32.629],[-88.364,32.814],[-88.34,32.999],[-88.315,33.184],[-88.291,33.368],[-88.267,33.553],[-88.242,33.738],[-88.218,33.923],[-88.193,34.107],[-88.169,34.292],[-88.144,34.477],[-88.12,34.661],[-88.096,34.846],[-88.089,34.893],[-88.088,34.909],[-88.085,34.933],[-88.173,34.999],[-88.191,35.012],[-88.203,35.024],[-88.19,35.025],[-88.03,35.023],[-87.87,35.022],[-87.709,35.02],[-87.549,35.019],[-87.388,35.017],[-87.228,35.016],[-87.067,35.014],[-86.907,35.013],[-86.747,35.011],[-86.586,35.01],[-86.426,35.008],[-86.265,35.007],[-86.105,35.005],[-85.944,35.004],[-85.784,35.002],[-85.624,35.001],[-85.597,34.873],[-85.571,34.745],[-85.544,34.617],[-85.518,34.49],[-85.492,34.362],[-85.465,34.234],[-85.439,34.106],[-85.412,33.979],[-85.386,33.851],[-85.359,33.723],[-85.333,33.595],[-85.307,33.467],[-85.28,33.34],[-85.254,33.212],[-85.227,33.084],[-85.201,32.956],[-85.176,32.898],[-85.157,32.804],[-85.015,32.526],[-84.974,32.409],[-84.986,32.361],[-84.968,32.32],[-84.922,32.286],[-84.93,32.247],[-84.993,32.202],[-85.035,32.147],[-85.065,32.051],[-85.064,32.051],[-85.124,31.881],[-85.125,31.777],[-85.067,31.635],[-85.055,31.573],[-85.093,31.296],[-85.067,31.118],[-85.007,31.002],[-85.33,31.001],[-85.653,31.001],[-85.977,31.001],[-86.3,31.001],[-86.624,31.001],[-86.947,31.001],[-87.27,31.001],[-87.594,31.001],[-87.607,30.929],[-87.601,30.861],[-87.566,30.796],[-87.422,30.672],[-87.408,30.641],[-87.434,30.546],[-87.429,30.478],[-87.445,30.443],[-87.48,30.412],[-87.49,30.378]]],[[[-88.071,30.252],[-88.159,30.231],[-88.29,30.233],[-88.316,30.24],[-88.264,30.255],[-88.109,30.274],[-88.071,30.252]]]]}},{"type":"Feature","properties":{"id":"us-ar"},"geometry":{"type":"Polygon","coordinates":[[[-89.705,36.002],[-89.709,35.983],[-89.689,35.944],[-89.689,35.921],[-89.704,35.907],[-89.738,35.899],[-89.764,35.889],[-89.769,35.872],[-89.77,35.864],[-89.768,35.845],[-89.764,35.828],[-89.78,35.806],[-89.895,35.751],[-89.944,35.679],[-89.927,35.592],[-89.967,35.503],[-90.066,35.414],[-90.108,35.314],[-90.093,35.204],[-90.142,35.114],[-90.256,35.046],[-90.294,35.004],[-90.294,35.001],[-90.293,34.97],[-90.282,34.945],[-90.32,34.899],[-90.416,34.852],[-90.468,34.805],[-90.475,34.76],[-90.497,34.738],[-90.539,34.728],[-90.564,34.661],[-90.584,34.504],[-90.635,34.414],[-90.718,34.392],[-90.762,34.356],[-90.768,34.308],[-90.817,34.252],[-90.91,34.189],[-90.94,34.129],[-90.909,34.072],[-90.915,34.049],[-90.943,34.03],[-91.043,34.003],[-91.06,33.989],[-91.07,33.974],[-91.05,33.945],[-91.038,33.901],[-91.053,33.828],[-91.077,33.797],[-91.1,33.767],[-91.184,33.716],[-91.207,33.676],[-91.17,33.647],[-91.173,33.617],[-91.215,33.583],[-91.203,33.547],[-91.193,33.523],[-91.154,33.5],[-91.141,33.439],[-91.168,33.359],[-91.163,33.294],[-91.117,33.241],[-91.107,33.218],[-91.153,33.041],[-91.15,33.016],[-91.346,33.015],[-91.526,33.015],[-91.706,33.015],[-91.885,33.015],[-92.065,33.014],[-92.245,33.014],[-92.424,33.014],[-92.604,33.014],[-92.784,33.013],[-92.963,33.013],[-93.143,33.013],[-93.323,33.013],[-93.502,33.013],[-93.682,33.012],[-93.862,33.012],[-94.041,33.012],[-94.043,33.148],[-94.044,33.283],[-94.046,33.419],[-94.047,33.554],[-94.099,33.577],[-94.192,33.589],[-94.238,33.581],[-94.295,33.587],[-94.333,33.565],[-94.358,33.561],[-94.378,33.566],[-94.39,33.586],[-94.432,33.6],[-94.484,33.648],[-94.481,33.757],[-94.479,33.866],[-94.476,33.974],[-94.473,34.083],[-94.47,34.192],[-94.467,34.3],[-94.464,34.409],[-94.462,34.518],[-94.459,34.627],[-94.456,34.735],[-94.453,34.844],[-94.45,34.953],[-94.448,35.061],[-94.445,35.17],[-94.442,35.279],[-94.439,35.387],[-94.462,35.526],[-94.484,35.666],[-94.506,35.805],[-94.529,35.944],[-94.551,36.083],[-94.574,36.222],[-94.596,36.362],[-94.618,36.501],[-94.34,36.501],[-94.061,36.501],[-93.783,36.501],[-93.504,36.501],[-93.226,36.501],[-92.947,36.501],[-92.669,36.501],[-92.39,36.501],[-92.112,36.501],[-91.833,36.501],[-91.555,36.501],[-91.276,36.501],[-90.998,36.501],[-90.719,36.501],[-90.441,36.501],[-90.162,36.501],[-90.118,36.423],[-90.074,36.372],[-90.067,36.334],[-90.076,36.297],[-90.149,36.216],[-90.216,36.178],[-90.253,36.138],[-90.303,36.099],[-90.381,35.993],[-90.217,35.995],[-90.052,35.997],[-89.888,35.999],[-89.705,36.002]]]}},{"type":"Feature","properties":{"id":"us-az"},"geometry":{"type":"Polygon","coordinates":[[[-109.048,31.328],[-109.275,31.327],[-109.628,31.327],[-109.982,31.326],[-110.335,31.326],[-110.689,31.325],[-111.042,31.324],[-111.516,31.472],[-111.99,31.62],[-112.465,31.768],[-112.939,31.916],[-113.413,32.064],[-113.887,32.212],[-114.362,32.36],[-114.836,32.508],[-114.788,32.565],[-114.725,32.715],[-114.721,32.724],[-114.582,32.735],[-114.516,32.773],[-114.478,32.842],[-114.469,32.912],[-114.491,32.984],[-114.551,33.037],[-114.648,33.072],[-114.704,33.17],[-114.719,33.331],[-114.702,33.418],[-114.651,33.431],[-114.603,33.47],[-114.556,33.536],[-114.522,33.608],[-114.499,33.686],[-114.495,33.785],[-114.509,33.904],[-114.418,34.051],[-114.329,34.142],[-114.164,34.253],[-114.126,34.287],[-114.125,34.314],[-114.125,34.317],[-114.159,34.355],[-114.308,34.433],[-114.371,34.488],[-114.377,34.54],[-114.379,34.541],[-114.398,34.59],[-114.557,34.795],[-114.611,34.907],[-114.611,34.991],[-114.611,34.998],[-114.591,35.353],[-114.649,35.476],[-114.662,35.545],[-114.645,35.631],[-114.65,35.684],[-114.677,35.73],[-114.684,35.814],[-114.687,35.917],[-114.732,35.984],[-114.741,36.014],[-114.716,36.085],[-114.669,36.122],[-114.593,36.148],[-114.505,36.156],[-114.406,36.148],[-114.332,36.116],[-114.282,36.06],[-114.232,36.032],[-114.183,36.03],[-114.119,36.077],[-114.062,36.175],[-114.043,36.182],[-114.041,36.612],[-114.04,37.004],[-113.728,37.004],[-113.416,37.004],[-113.104,37.004],[-112.792,37.003],[-112.48,37.003],[-112.168,37.003],[-111.856,37.003],[-111.543,37.002],[-111.231,37.002],[-110.919,37.002],[-110.607,37.002],[-110.295,37.002],[-109.983,37.001],[-109.671,37.001],[-109.359,37.001],[-109.047,37.001],[-109.047,36.646],[-109.047,36.292],[-109.047,35.937],[-109.047,35.583],[-109.047,35.228],[-109.047,34.874],[-109.047,34.519],[-109.047,34.165],[-109.047,33.81],[-109.047,33.456],[-109.047,33.101],[-109.047,32.747],[-109.047,32.392],[-109.047,32.038],[-109.047,31.683],[-109.048,31.328]]]}},{"type":"Feature","properties":{"id":"us-ca"},"geometry":{"type":"MultiPolygon","coordinates":[[[[-114.611,34.991],[-114.611,34.907],[-114.557,34.795],[-114.398,34.59],[-114.379,34.541],[-114.377,34.54],[-114.371,34.488],[-114.308,34.433],[-114.159,34.355],[-114.125,34.317],[-114.125,34.314],[-114.126,34.287],[-114.164,34.253],[-114.329,34.142],[-114.418,34.051],[-114.509,33.904],[-114.495,33.785],[-114.499,33.686],[-114.522,33.608],[-114.556,33.536],[-114.603,33.47],[-114.651,33.431],[-114.702,33.418],[-114.719,33.331],[-114.704,33.17],[-114.648,33.072],[-114.551,33.037],[-114.491,32.984],[-114.469,32.912],[-114.478,32.842],[-114.516,32.773],[-114.582,32.735],[-114.721,32.724],[-114.725,32.715],[-114.839,32.705],[-115.125,32.683],[-115.411,32.662],[-115.698,32.64],[-115.984,32.619],[-116.27,32.598],[-116.556,32.576],[-116.842,32.555],[-117.128,32.533],[-117.13,32.54],[-117.137,32.649],[-117.184,32.688],[-117.243,32.664],[-117.271,32.806],[-117.256,32.873],[-117.263,32.939],[-117.319,33.1],[-117.467,33.295],[-117.789,33.538],[-117.952,33.62],[-118.081,33.722],[-118.162,33.751],[-118.264,33.759],[-118.294,33.712],[-118.41,33.744],[-118.393,33.858],[-118.506,34.017],[-118.599,34.035],[-118.832,34.024],[-119.144,34.112],[-119.236,34.164],[-119.268,34.257],[-119.414,34.339],[-119.606,34.418],[-119.713,34.4],[-119.853,34.412],[-120.053,34.469],[-120.17,34.476],[-120.396,34.46],[-120.481,34.472],[-120.56,34.544],[-120.645,34.58],[-120.627,34.669],[-120.638,34.749],[-120.625,34.812],[-120.663,34.949],[-120.634,35.076],[-120.659,35.122],[-120.707,35.158],[-120.857,35.21],[-120.885,35.275],[-120.86,35.365],[-120.9,35.425],[-121.023,35.481],[-121.138,35.607],[-121.284,35.676],[-121.344,35.792],[-121.434,35.864],[-121.465,35.927],[-121.664,36.154],[-121.877,36.331],[-121.91,36.433],[-121.919,36.572],[-121.835,36.657],[-121.79,36.732],[-121.795,36.801],[-121.807,36.851],[-121.881,36.939],[-122.164,36.991],[-122.395,37.208],[-122.408,37.373],[-122.499,37.543],[-122.5,37.653],[-122.514,37.772],[-122.446,37.798],[-122.384,37.789],[-122.39,37.741],[-122.37,37.656],[-122.298,37.592],[-122.229,37.564],[-122.166,37.502],[-122.119,37.483],[-122.071,37.478],[-122.097,37.518],[-122.124,37.544],[-122.158,37.626],[-122.222,37.732],[-122.296,37.79],[-122.333,37.897],[-122.365,37.921],[-122.385,37.961],[-122.314,38.007],[-122.217,38.041],[-122.087,38.05],[-121.717,38.034],[-121.638,38.061],[-121.573,38.052],[-121.525,38.056],[-121.626,38.084],[-121.682,38.075],[-121.749,38.08],[-121.881,38.075],[-121.934,38.087],[-121.993,38.12],[-122.032,38.124],[-122.154,38.066],[-122.208,38.073],[-122.337,38.136],[-122.393,38.145],[-122.484,38.109],[-122.495,37.954],[-122.467,37.838],[-122.521,37.826],[-122.584,37.874],[-122.681,37.902],[-122.76,37.946],[-122.873,38.026],[-122.932,38.055],[-122.999,37.989],[-123.001,38.019],[-122.968,38.097],[-122.978,38.227],[-122.877,38.123],[-122.908,38.197],[-122.987,38.277],[-123.046,38.305],[-123.121,38.449],[-123.29,38.536],[-123.425,38.676],[-123.701,38.907],[-123.72,39.111],[-123.82,39.368],[-123.778,39.515],[-123.784,39.619],[-123.833,39.776],[-123.884,39.861],[-124.109,40.095],[-124.324,40.252],[-124.357,40.371],[-124.372,40.491],[-124.325,40.598],[-124.284,40.711],[-124.254,40.74],[-124.242,40.728],[-124.251,40.704],[-124.22,40.696],[-124.208,40.746],[-124.19,40.772],[-124.222,40.775],[-124.219,40.791],[-124.2,40.822],[-124.133,40.97],[-124.14,41.156],[-124.069,41.384],[-124.072,41.46],[-124.118,41.622],[-124.163,41.719],[-124.245,41.788],[-124.209,41.889],[-124.212,41.985],[-124.228,42.001],[-123.956,42.001],[-123.692,42.001],[-123.428,42.001],[-123.165,42.001],[-122.901,42.001],[-122.637,42.001],[-122.374,42.001],[-122.11,42.001],[-121.846,42.001],[-121.583,42.001],[-121.319,42.001],[-121.055,42.001],[-120.792,42.001],[-120.528,42.001],[-120.264,42.001],[-120.001,42.001],[-120.001,41.813],[-120.001,41.626],[-120.001,41.438],[-120.001,41.251],[-120.001,41.063],[-120.001,40.875],[-120.001,40.688],[-120,40.5],[-120,40.313],[-120,40.125],[-120,39.938],[-120,39.75],[-120,39.563],[-120,39.375],[-120,39.188],[-120,39],[-119.766,38.837],[-119.532,38.673],[-119.297,38.51],[-119.063,38.346],[-118.829,38.183],[-118.595,38.019],[-118.36,37.856],[-118.126,37.692],[-117.943,37.555],[-117.76,37.417],[-117.576,37.279],[-117.393,37.141],[-117.21,37.003],[-117.026,36.866],[-116.843,36.728],[-116.66,36.59],[-116.406,36.392],[-116.152,36.194],[-115.898,35.995],[-115.644,35.797],[-115.39,35.599],[-115.136,35.401],[-114.882,35.203],[-114.611,34.991]]],[[[-119.882,34.08],[-119.679,34.028],[-119.569,34.053],[-119.549,34.028],[-119.562,34.007],[-119.81,33.968],[-119.886,33.995],[-119.892,34.032],[-119.918,34.068],[-119.882,34.08]]],[[[-120.307,34.025],[-120.36,34.022],[-120.442,34.033],[-120.413,34.056],[-120.368,34.073],[-120.353,34.061],[-120.307,34.025]]],[[[-120.044,33.919],[-120.114,33.905],[-120.167,33.918],[-120.252,34.014],[-120.072,34.027],[-119.994,33.985],[-119.984,33.973],[-120.044,33.919]]],[[[-118.348,33.386],[-118.297,33.312],[-118.37,33.321],[-118.446,33.317],[-118.469,33.357],[-118.492,33.413],[-118.507,33.427],[-118.559,33.432],[-118.563,33.437],[-118.569,33.464],[-118.555,33.477],[-118.392,33.415],[-118.348,33.386]]],[[[-119.438,33.217],[-119.482,33.215],[-119.544,33.225],[-119.575,33.278],[-119.525,33.282],[-119.479,33.275],[-119.442,33.232],[-119.438,33.217]]],[[[-118.35,32.828],[-118.409,32.819],[-118.473,32.839],[-118.529,32.936],[-118.59,33.011],[-118.557,33.033],[-118.507,32.96],[-118.383,32.849],[-118.35,32.828]]]]}},{"type":"Feature","properties":{"id":"us-co"},"geometry":{"type":"Polygon","coordinates":[[[-109.047,37.001],[-109.047,37.251],[-109.047,37.501],[-109.047,37.751],[-109.047,38.001],[-109.047,38.251],[-109.047,38.501],[-109.047,38.751],[-109.047,39.001],[-109.047,39.251],[-109.046,39.501],[-109.046,39.751],[-109.046,40.001],[-109.046,40.251],[-109.046,40.501],[-109.046,40.751],[-109.046,41.001],[-108.732,41.001],[-108.418,41.001],[-108.104,41.001],[-107.79,41.001],[-107.476,41.001],[-107.162,41.001],[-106.848,41.001],[-106.534,41.001],[-106.22,41.001],[-105.906,41.001],[-105.592,41.001],[-105.278,41.001],[-104.964,41.001],[-104.65,41.001],[-104.336,41.001],[-104.022,41.001],[-103.772,41.001],[-103.522,41.001],[-103.273,41.001],[-103.023,41.001],[-102.774,41.001],[-102.524,41.001],[-102.275,41.001],[-102.025,41.001],[-102.025,40.876],[-102.025,40.751],[-102.025,40.626],[-102.025,40.501],[-102.025,40.376],[-102.025,40.251],[-102.025,40.126],[-102.024,40.001],[-102.024,39.814],[-102.023,39.626],[-102.022,39.439],[-102.022,39.251],[-102.021,39.064],[-102.02,38.876],[-102.019,38.688],[-102.019,38.501],[-102.018,38.313],[-102.017,38.126],[-102.016,37.938],[-102.016,37.751],[-102.015,37.563],[-102.014,37.376],[-102.014,37.188],[-102.013,37.001],[-102.26,37.001],[-102.507,37.001],[-102.754,37.001],[-103.001,37.001],[-103.379,37.001],[-103.757,37.001],[-104.134,37.001],[-104.512,37.001],[-104.89,37.001],[-105.268,37.001],[-105.646,37.001],[-106.024,37.001],[-106.402,37.001],[-106.779,37.001],[-107.157,37.001],[-107.535,37.001],[-107.913,37.001],[-108.291,37.001],[-108.669,37.001],[-109.047,37.001]]]}},{"type":"Feature","properties":{"id":"us-ct"},"geometry":{"type":"Polygon","coordinates":[[[-71.801,42.012],[-71.8,41.958],[-71.8,41.883],[-71.799,41.829],[-71.798,41.753],[-71.797,41.668],[-71.797,41.589],[-71.796,41.52],[-71.799,41.479],[-71.805,41.417],[-71.83,41.393],[-71.842,41.336],[-71.93,41.341],[-72.074,41.326],[-72.265,41.292],[-72.371,41.312],[-72.479,41.276],[-72.847,41.266],[-72.925,41.285],[-73.024,41.216],[-73.182,41.176],[-73.583,41.022],[-73.63,40.992],[-73.682,41.055],[-73.723,41.105],[-73.642,41.143],[-73.58,41.173],[-73.522,41.201],[-73.484,41.219],[-73.514,41.257],[-73.545,41.296],[-73.537,41.391],[-73.529,41.486],[-73.521,41.581],[-73.513,41.676],[-73.505,41.771],[-73.497,41.866],[-73.489,41.961],[-73.481,42.056],[-73.396,42.053],[-73.312,42.05],[-73.228,42.048],[-73.144,42.045],[-73.06,42.042],[-72.976,42.039],[-72.892,42.037],[-72.808,42.034],[-72.806,42.008],[-72.763,42.011],[-72.758,42.034],[-72.638,42.033],[-72.519,42.031],[-72.399,42.03],[-72.28,42.028],[-72.16,42.027],[-72.041,42.026],[-71.921,42.024],[-71.802,42.023],[-71.801,42.012]]]}},{"type":"Feature","properties":{"id":"us-de"},"geometry":{"type":"Polygon","coordinates":[[[-75.038,38.456],[-75.145,38.455],[-75.366,38.455],[-75.588,38.455],[-75.689,38.455],[-75.691,38.455],[-75.693,38.455],[-75.696,38.455],[-75.698,38.455],[-75.7,38.455],[-75.702,38.455],[-75.705,38.455],[-75.707,38.455],[-75.717,38.613],[-75.726,38.772],[-75.736,38.93],[-75.746,39.089],[-75.756,39.247],[-75.765,39.406],[-75.775,39.564],[-75.785,39.722],[-75.709,39.803],[-75.677,39.827],[-75.635,39.839],[-75.51,39.843],[-75.421,39.815],[-75.464,39.781],[-75.502,39.717],[-75.588,39.641],[-75.582,39.589],[-75.567,39.553],[-75.574,39.477],[-75.52,39.403],[-75.413,39.281],[-75.392,39.093],[-75.31,38.967],[-75.185,38.819],[-75.089,38.778],[-75.084,38.723],[-75.128,38.632],[-75.187,38.591],[-75.111,38.599],[-75.073,38.579],[-75.036,38.503],[-75.038,38.456]]]}},{"type":"Feature","properties":{"id":"us-fl"},"geometry":{"type":"MultiPolygon","coordinates":[[[[-87.49,30.378],[-87.48,30.412],[-87.445,30.443],[-87.429,30.478],[-87.434,30.546],[-87.408,30.641],[-87.422,30.672],[-87.566,30.796],[-87.601,30.861],[-87.607,30.929],[-87.594,31.001],[-87.27,31.001],[-86.947,31.001],[-86.624,31.001],[-86.3,31.001],[-85.977,31.001],[-85.653,31.001],[-85.33,31.001],[-85.007,31.002],[-84.966,30.923],[-84.887,30.759],[-84.884,30.721],[-84.79,30.715],[-84.631,30.706],[-84.472,30.696],[-84.312,30.687],[-84.153,30.678],[-83.993,30.668],[-83.834,30.659],[-83.675,30.65],[-83.515,30.64],[-83.356,30.631],[-83.196,30.622],[-83.037,30.612],[-82.877,30.603],[-82.718,30.594],[-82.559,30.584],[-82.399,30.575],[-82.24,30.566],[-82.239,30.533],[-82.213,30.481],[-82.206,30.422],[-82.194,30.393],[-82.163,30.376],[-82.112,30.371],[-82.062,30.405],[-82.03,30.478],[-82.022,30.56],[-82.041,30.653],[-82.038,30.732],[-82.013,30.778],[-81.983,30.789],[-81.957,30.814],[-81.936,30.82],[-81.88,30.806],[-81.673,30.74],[-81.504,30.731],[-81.457,30.641],[-81.386,30.27],[-81.337,30.141],[-81.25,29.794],[-81.105,29.457],[-80.9,29.05],[-80.564,28.556],[-80.524,28.486],[-80.568,28.426],[-80.581,28.365],[-80.585,28.272],[-80.573,28.181],[-80.533,28.07],[-80.457,27.901],[-80.5,27.934],[-80.61,28.178],[-80.623,28.32],[-80.607,28.523],[-80.633,28.518],[-80.654,28.452],[-80.665,28.375],[-80.693,28.345],[-80.732,28.463],[-80.729,28.516],[-80.688,28.579],[-80.7,28.601],[-80.766,28.633],[-80.78,28.683],[-80.771,28.732],[-80.809,28.759],[-80.838,28.758],[-80.818,28.636],[-80.787,28.561],[-80.749,28.381],[-80.686,28.272],[-80.65,28.181],[-80.226,27.207],[-80.126,27.083],[-80.089,26.994],[-80.05,26.808],[-80.041,26.569],[-80.111,26.132],[-80.126,25.834],[-80.136,25.843],[-80.143,25.874],[-80.159,25.878],[-80.219,25.742],[-80.301,25.619],[-80.328,25.427],[-80.367,25.331],[-80.485,25.23],[-80.558,25.232],[-80.737,25.156],[-80.862,25.176],[-81.012,25.133],[-81.11,25.138],[-81.167,25.229],[-81.159,25.269],[-81.136,25.31],[-81.098,25.319],[-80.965,25.224],[-80.94,25.264],[-80.98,25.312],[-81.057,25.338],[-81.113,25.367],[-81.227,25.583],[-81.345,25.732],[-81.365,25.831],[-81.568,25.892],[-81.716,25.983],[-81.811,26.146],[-81.867,26.435],[-81.931,26.467],[-81.959,26.49],[-81.896,26.597],[-81.829,26.687],[-81.882,26.665],[-81.921,26.631],[-81.97,26.552],[-82.006,26.54],[-82.04,26.552],[-82.078,26.704],[-82.067,26.892],[-82.013,26.962],[-82.096,26.963],[-82.181,26.937],[-82.169,26.874],[-82.181,26.84],[-82.243,26.849],[-82.29,26.871],[-82.354,26.936],[-82.441,27.06],[-82.62,27.401],[-82.655,27.449],[-82.715,27.5],[-82.687,27.515],[-82.636,27.525],[-82.521,27.678],[-82.431,27.771],[-82.401,27.835],[-82.406,27.863],[-82.446,27.903],[-82.498,27.868],[-82.521,27.878],[-82.58,27.958],[-82.636,27.981],[-82.675,27.964],[-82.634,27.898],[-82.597,27.873],[-82.611,27.777],[-82.626,27.746],[-82.661,27.718],[-82.715,27.733],[-82.743,27.709],[-82.775,27.734],[-82.808,27.777],[-82.844,27.846],[-82.749,28.237],[-82.661,28.486],[-82.651,28.77],[-82.644,28.812],[-82.651,28.887],[-82.769,29.052],[-83.29,29.452],[-83.694,29.926],[-84.044,30.104],[-84.31,30.065],[-84.356,30.029],[-84.375,29.982],[-84.359,29.929],[-84.383,29.907],[-84.454,29.91],[-84.55,29.898],[-84.801,29.773],[-84.889,29.778],[-84.969,29.745],[-85.029,29.721],[-85.186,29.708],[-85.319,29.68],[-85.376,29.695],[-85.414,29.768],[-85.414,29.842],[-85.383,29.785],[-85.336,29.74],[-85.315,29.758],[-85.307,29.798],[-85.354,29.876],[-85.504,29.976],[-85.676,30.122],[-85.623,30.117],[-85.61,30.148],[-85.663,30.189],[-85.641,30.237],[-85.604,30.287],[-85.676,30.279],[-85.741,30.244],[-85.743,30.201],[-85.756,30.167],[-85.791,30.172],[-85.856,30.214],[-86.175,30.333],[-86.454,30.399],[-86.24,30.429],[-86.124,30.406],[-86.138,30.442],[-86.166,30.464],[-86.257,30.493],[-86.374,30.482],[-86.448,30.496],[-86.523,30.467],[-86.606,30.425],[-86.68,30.403],[-86.968,30.372],[-87.201,30.339],[-87.164,30.374],[-87.124,30.397],[-86.986,30.431],[-86.965,30.502],[-86.998,30.57],[-87.034,30.554],[-87.072,30.5],[-87.119,30.539],[-87.171,30.539],[-87.185,30.454],[-87.251,30.397],[-87.281,30.339],[-87.476,30.294],[-87.501,30.309],[-87.444,30.364],[-87.448,30.394],[-87.49,30.378]]],[[[-84.908,29.643],[-85.008,29.607],[-85.117,29.633],[-85.049,29.638],[-85.001,29.627],[-84.877,29.679],[-84.812,29.718],[-84.737,29.732],[-84.908,29.643]]],[[[-80.187,27.278],[-80.171,27.205],[-80.262,27.376],[-80.376,27.643],[-80.437,27.851],[-80.396,27.795],[-80.356,27.679],[-80.187,27.278]]],[[[-82.084,26.552],[-82.085,26.494],[-82.136,26.592],[-82.169,26.701],[-82.121,26.666],[-82.084,26.552]]],[[[-82.037,26.454],[-82.073,26.428],[-82.145,26.447],[-82.184,26.481],[-82.201,26.548],[-82.139,26.477],[-82.116,26.461],[-82.037,26.454]]],[[[-80.382,25.142],[-80.581,24.954],[-80.559,25.001],[-80.481,25.102],[-80.456,25.149],[-80.404,25.179],[-80.355,25.234],[-80.351,25.297],[-80.28,25.341],[-80.257,25.348],[-80.382,25.142]]],[[[-80.638,24.903],[-80.665,24.898],[-80.626,24.941],[-80.615,24.938],[-80.638,24.903]]],[[[-80.829,24.804],[-80.848,24.804],[-80.839,24.818],[-80.799,24.846],[-80.785,24.835],[-80.787,24.821],[-80.829,24.804]]],[[[-81.044,24.717],[-81.09,24.693],[-81.137,24.711],[-81.085,24.734],[-80.93,24.759],[-80.989,24.728],[-81.044,24.717]]],[[[-81.335,24.65],[-81.365,24.63],[-81.379,24.636],[-81.379,24.666],[-81.422,24.733],[-81.42,24.75],[-81.322,24.685],[-81.32,24.668],[-81.335,24.65]]],[[[-81.567,24.6],[-81.632,24.59],[-81.579,24.629],[-81.562,24.689],[-81.532,24.642],[-81.532,24.614],[-81.567,24.6]]],[[[-81.784,24.545],[-81.809,24.542],[-81.811,24.558],[-81.768,24.577],[-81.739,24.575],[-81.74,24.555],[-81.784,24.545]]]]}},{"type":"Feature","properties":{"id":"us-ga"},"geometry":{"type":"MultiPolygon","coordinates":[[[[-85.007,31.002],[-85.067,31.118],[-85.093,31.296],[-85.055,31.573],[-85.067,31.635],[-85.125,31.777],[-85.124,31.881],[-85.064,32.051],[-85.065,32.051],[-85.035,32.147],[-84.993,32.202],[-84.93,32.247],[-84.922,32.286],[-84.968,32.32],[-84.986,32.361],[-84.974,32.409],[-85.015,32.526],[-85.157,32.804],[-85.176,32.898],[-85.201,32.956],[-85.227,33.084],[-85.254,33.212],[-85.28,33.34],[-85.307,33.467],[-85.333,33.595],[-85.359,33.723],[-85.386,33.851],[-85.412,33.979],[-85.439,34.106],[-85.465,34.234],[-85.492,34.362],[-85.518,34.49],[-85.544,34.617],[-85.571,34.745],[-85.597,34.873],[-85.624,35.001],[-85.299,34.998],[-84.974,34.994],[-84.649,34.991],[-84.325,34.988],[-84.022,34.991],[-83.72,34.995],[-83.417,34.998],[-83.115,35.001],[-83.121,35.001],[-83.17,34.933],[-83.317,34.806],[-83.356,34.708],[-83.167,34.6],[-83.166,34.599],[-83.053,34.511],[-82.976,34.476],[-82.897,34.466],[-82.848,34.437],[-82.819,34.366],[-82.589,34.017],[-82.589,34.018],[-82.352,33.838],[-82.257,33.749],[-82.208,33.664],[-82.006,33.523],[-81.936,33.447],[-81.933,33.39],[-81.909,33.349],[-81.864,33.325],[-81.821,33.274],[-81.78,33.195],[-81.699,33.127],[-81.578,33.069],[-81.49,32.936],[-81.434,32.728],[-81.377,32.607],[-81.29,32.557],[-81.172,32.38],[-81.133,32.275],[-81.135,32.182],[-81.075,32.11],[-80.872,32.03],[-80.923,31.945],[-81.046,31.892],[-81.083,31.894],[-81.113,31.879],[-81.096,31.841],[-81.065,31.813],[-81.066,31.788],[-81.098,31.753],[-81.162,31.744],[-81.198,31.704],[-81.187,31.667],[-81.166,31.646],[-81.17,31.61],[-81.242,31.574],[-81.259,31.539],[-81.223,31.528],[-81.196,31.539],[-81.175,31.531],[-81.219,31.472],[-81.258,31.436],[-81.295,31.371],[-81.381,31.353],[-81.378,31.332],[-81.329,31.314],[-81.288,31.264],[-81.365,31.172],[-81.413,31.179],[-81.442,31.2],[-81.46,31.127],[-81.453,31.088],[-81.471,31.009],[-81.501,30.914],[-81.52,30.875],[-81.516,30.802],[-81.504,30.731],[-81.673,30.74],[-81.88,30.806],[-81.936,30.82],[-81.957,30.814],[-81.983,30.789],[-82.013,30.778],[-82.038,30.732],[-82.041,30.653],[-82.022,30.56],[-82.03,30.478],[-82.062,30.405],[-82.112,30.371],[-82.163,30.376],[-82.194,30.393],[-82.206,30.422],[-82.213,30.481],[-82.239,30.533],[-82.24,30.566],[-82.399,30.575],[-82.559,30.584],[-82.718,30.594],[-82.877,30.603],[-83.037,30.612],[-83.196,30.622],[-83.356,30.631],[-83.515,30.64],[-83.675,30.65],[-83.834,30.659],[-83.993,30.668],[-84.153,30.678],[-84.312,30.687],[-84.472,30.696],[-84.631,30.706],[-84.79,30.715],[-84.884,30.721],[-84.887,30.759],[-84.966,30.923],[-85.007,31.002]]],[[[-81.419,30.971],[-81.463,30.728],[-81.483,30.814],[-81.485,30.898],[-81.451,30.947],[-81.419,30.971]]]]}},{"type":"Feature","properties":{"id":"us-hi"},"geometry":{"type":"MultiPolygon","coordinates":[[[[-177.371,28.201],[-177.39,28.196],[-177.389,28.209],[-177.371,28.221],[-177.354,28.217],[-177.362,28.207],[-177.371,28.201]]],[[[-159.373,21.932],[-159.461,21.876],[-159.512,21.9],[-159.609,21.91],[-159.646,21.952],[-159.748,21.99],[-159.789,22.042],[-159.727,22.14],[-159.579,22.223],[-159.352,22.22],[-159.305,22.154],[-159.301,22.105],[-159.33,22.051],[-159.344,21.974],[-159.373,21.932]]],[[[-160.18,21.841],[-160.2,21.797],[-160.235,21.804],[-160.243,21.843],[-160.221,21.897],[-160.164,21.944],[-160.101,22.015],[-160.049,22.005],[-160.077,21.958],[-160.08,21.907],[-160.153,21.879],[-160.18,21.841]]],[[[-157.799,21.457],[-157.765,21.451],[-157.721,21.458],[-157.706,21.378],[-157.654,21.334],[-157.635,21.308],[-157.691,21.28],[-157.799,21.269],[-157.849,21.291],[-157.902,21.341],[-157.958,21.327],[-157.968,21.367],[-157.978,21.378],[-158.017,21.368],[-157.981,21.316],[-158.079,21.312],[-158.11,21.319],[-158.138,21.377],[-158.239,21.489],[-158.239,21.533],[-158.273,21.585],[-158.123,21.6],[-158.02,21.692],[-157.962,21.701],[-157.851,21.553],[-157.854,21.512],[-157.83,21.471],[-157.799,21.457]]],[[[-157.214,21.215],[-157.002,21.188],[-156.952,21.2],[-156.917,21.177],[-156.742,21.164],[-156.712,21.155],[-156.748,21.104],[-156.86,21.056],[-157.021,21.098],[-157.29,21.113],[-157.279,21.152],[-157.254,21.181],[-157.25,21.23],[-157.214,21.215]]],[[[-156.487,20.933],[-156.461,20.915],[-156.354,20.941],[-156.278,20.951],[-156.148,20.885],[-156.104,20.84],[-156.019,20.792],[-155.99,20.757],[-156.014,20.715],[-156.107,20.645],[-156.235,20.629],[-156.31,20.599],[-156.409,20.605],[-156.438,20.618],[-156.449,20.706],[-156.48,20.801],[-156.544,20.79],[-156.615,20.822],[-156.69,20.901],[-156.698,20.949],[-156.657,21.025],[-156.585,21.034],[-156.532,20.993],[-156.487,20.933]]],[[[-156.85,20.773],[-156.909,20.744],[-156.973,20.758],[-156.988,20.826],[-157.051,20.912],[-156.942,20.93],[-156.881,20.905],[-156.848,20.878],[-156.809,20.831],[-156.85,20.773]]],[[[-155.581,19.012],[-155.626,18.964],[-155.681,18.968],[-155.881,19.071],[-155.906,19.126],[-155.891,19.383],[-155.966,19.591],[-156.049,19.75],[-155.988,19.832],[-155.909,19.895],[-155.82,20.014],[-155.893,20.167],[-155.874,20.26],[-155.832,20.276],[-155.622,20.163],[-155.199,19.994],[-155.086,19.876],[-155.066,19.748],[-154.989,19.732],[-154.953,19.645],[-154.841,19.568],[-154.804,19.524],[-154.85,19.454],[-155.053,19.319],[-155.31,19.26],[-155.535,19.109],[-155.581,19.012]]]]}},{"type":"Feature","properties":{"id":"us-ia"},"geometry":{"type":"Polygon","coordinates":[[[-91.442,40.379],[-91.53,40.432],[-91.545,40.469],[-91.617,40.507],[-91.627,40.531],[-91.682,40.552],[-91.732,40.625],[-91.984,40.623],[-92.236,40.622],[-92.488,40.62],[-92.741,40.619],[-92.993,40.617],[-93.245,40.616],[-93.497,40.615],[-93.75,40.613],[-94.002,40.612],[-94.254,40.61],[-94.506,40.609],[-94.759,40.607],[-95.011,40.606],[-95.263,40.604],[-95.515,40.603],[-95.765,40.602],[-95.826,40.676],[-95.859,40.745],[-95.838,40.778],[-95.834,40.889],[-95.847,41.08],[-95.871,41.188],[-95.907,41.212],[-95.911,41.245],[-95.884,41.288],[-95.892,41.316],[-95.936,41.331],[-95.95,41.367],[-95.933,41.425],[-95.944,41.461],[-95.982,41.474],[-95.997,41.494],[-95.991,41.52],[-96.011,41.538],[-96.059,41.546],[-96.078,41.611],[-96.069,41.734],[-96.087,41.821],[-96.131,41.872],[-96.154,41.92],[-96.154,41.965],[-96.201,42.036],[-96.295,42.133],[-96.356,42.26],[-96.384,42.418],[-96.451,42.506],[-96.481,42.511],[-96.506,42.594],[-96.534,42.63],[-96.539,42.659],[-96.622,42.73],[-96.627,42.757],[-96.616,42.791],[-96.563,42.859],[-96.513,42.969],[-96.502,43.043],[-96.463,43.099],[-96.461,43.13],[-96.468,43.17],[-96.49,43.206],[-96.555,43.232],[-96.563,43.243],[-96.57,43.283],[-96.543,43.309],[-96.535,43.338],[-96.542,43.373],[-96.581,43.435],[-96.599,43.498],[-96.454,43.501],[-96.128,43.501],[-95.803,43.501],[-95.478,43.501],[-95.153,43.501],[-94.828,43.501],[-94.502,43.501],[-94.177,43.502],[-93.852,43.502],[-93.527,43.502],[-93.201,43.502],[-92.876,43.502],[-92.551,43.502],[-92.226,43.502],[-91.901,43.502],[-91.575,43.502],[-91.245,43.502],[-91.238,43.44],[-91.219,43.395],[-91.178,43.359],[-91.117,43.331],[-91.107,43.278],[-91.148,43.2],[-91.161,43.102],[-91.148,42.986],[-91.118,42.882],[-91.07,42.789],[-90.96,42.72],[-90.789,42.677],[-90.688,42.61],[-90.657,42.521],[-90.651,42.513],[-90.59,42.445],[-90.485,42.383],[-90.425,42.326],[-90.41,42.272],[-90.347,42.215],[-90.233,42.154],[-90.168,42.1],[-90.149,42.054],[-90.152,41.982],[-90.177,41.884],[-90.218,41.813],[-90.276,41.77],[-90.319,41.71],[-90.348,41.632],[-90.437,41.56],[-90.587,41.495],[-90.754,41.45],[-90.939,41.426],[-91.048,41.369],[-91.082,41.28],[-91.067,41.206],[-91.001,41.146],[-90.964,41.083],[-90.954,41.016],[-91,40.905],[-91.102,40.75],[-91.215,40.65],[-91.339,40.604],[-91.394,40.537],[-91.381,40.448],[-91.391,40.397],[-91.442,40.379]]]}},{"type":"Feature","properties":{"id":"us-id"},"geometry":{"type":"Polygon","coordinates":[[[-117.039,48.993],[-116.717,48.993],[-116.291,48.993],[-116.048,48.993],[-116.048,48.747],[-116.049,48.499],[-116.049,48.252],[-116.049,48.005],[-115.941,47.904],[-115.862,47.842],[-115.811,47.776],[-115.734,47.706],[-115.718,47.681],[-115.691,47.607],[-115.711,47.553],[-115.67,47.498],[-115.677,47.471],[-115.708,47.457],[-115.714,47.452],[-115.713,47.447],[-115.702,47.438],[-115.593,47.385],[-115.486,47.312],[-115.349,47.261],[-115.307,47.231],[-115.127,47.085],[-115.034,46.991],[-114.936,46.923],[-114.887,46.845],[-114.786,46.777],[-114.761,46.742],[-114.754,46.735],[-114.74,46.734],[-114.678,46.75],[-114.662,46.746],[-114.631,46.719],[-114.624,46.678],[-114.602,46.66],[-114.563,46.65],[-114.519,46.648],[-114.381,46.668],[-114.351,46.668],[-114.337,46.659],[-114.33,46.638],[-114.332,46.601],[-114.346,46.551],[-114.387,46.5],[-114.38,46.453],[-114.413,46.344],[-114.444,46.271],[-114.447,46.199],[-114.485,46.158],[-114.464,46.11],[-114.478,46.036],[-114.465,46.016],[-114.416,45.982],[-114.397,45.891],[-114.405,45.874],[-114.493,45.839],[-114.523,45.815],[-114.534,45.782],[-114.496,45.686],[-114.533,45.633],[-114.537,45.587],[-114.529,45.576],[-114.448,45.551],[-114.351,45.497],[-114.319,45.486],[-114.298,45.488],[-114.256,45.506],[-114.21,45.542],[-114.117,45.579],[-114.006,45.658],[-114.001,45.681],[-113.992,45.693],[-113.978,45.692],[-113.943,45.682],[-113.873,45.634],[-113.813,45.607],[-113.802,45.601],[-113.797,45.588],[-113.8,45.54],[-113.766,45.503],[-113.756,45.441],[-113.722,45.379],[-113.697,45.305],[-113.607,45.209],[-113.557,45.14],[-113.504,45.109],[-113.471,45.073],[-113.447,45.029],[-113.438,44.994],[-113.469,44.93],[-113.461,44.904],[-113.432,44.874],[-113.339,44.808],[-113.32,44.803],[-113.234,44.81],[-113.187,44.799],[-113.141,44.765],[-113.093,44.715],[-113.063,44.665],[-113.054,44.605],[-113.006,44.539],[-113,44.48],[-112.97,44.454],[-112.91,44.419],[-112.854,44.398],[-112.831,44.397],[-112.816,44.406],[-112.81,44.438],[-112.787,44.463],[-112.716,44.498],[-112.648,44.497],[-112.393,44.468],[-112.375,44.47],[-112.364,44.48],[-112.32,44.533],[-112.285,44.554],[-112.231,44.561],[-112.074,44.548],[-111.892,44.555],[-111.797,44.54],[-111.659,44.56],[-111.5,44.545],[-111.479,44.554],[-111.475,44.565],[-111.489,44.585],[-111.491,44.624],[-111.459,44.671],[-111.448,44.711],[-111.416,44.734],[-111.373,44.746],[-111.337,44.745],[-111.304,44.723],[-111.265,44.688],[-111.198,44.591],[-111.161,44.556],[-111.117,44.525],[-111.051,44.499],[-111.051,44.343],[-111.051,44.187],[-111.051,44.031],[-111.051,43.874],[-111.051,43.718],[-111.051,43.562],[-111.051,43.406],[-111.051,43.25],[-111.051,43.094],[-111.051,42.938],[-111.051,42.782],[-111.051,42.625],[-111.051,42.469],[-111.05,42.313],[-111.05,42.157],[-111.05,42.001],[-111.237,42.001],[-111.424,42.001],[-111.611,42.001],[-111.798,42.001],[-111.985,42.001],[-112.172,42.001],[-112.359,42.001],[-112.546,42.001],[-112.733,42.001],[-112.92,42.001],[-113.107,42.001],[-113.295,42.001],[-113.482,42.001],[-113.669,42.001],[-113.856,42.001],[-114.043,42.001],[-114.414,42.001],[-114.786,42.001],[-115.158,42.001],[-115.53,42.001],[-115.901,42.001],[-116.273,42.001],[-116.645,42.001],[-117.017,42.001],[-117.017,42.224],[-117.018,42.447],[-117.018,42.67],[-117.018,42.893],[-117.019,43.117],[-117.019,43.34],[-117.02,43.563],[-117.02,43.808],[-117.02,43.813],[-116.958,43.964],[-116.944,44.038],[-116.961,44.079],[-116.95,44.119],[-116.911,44.157],[-116.912,44.199],[-116.953,44.245],[-117.029,44.276],[-117.14,44.29],[-117.197,44.344],[-117.202,44.436],[-117.119,44.578],[-116.949,44.77],[-116.856,44.906],[-116.84,44.985],[-116.737,45.169],[-116.549,45.457],[-116.477,45.641],[-116.521,45.722],[-116.617,45.799],[-116.765,45.873],[-116.869,45.958],[-116.896,46.002],[-116.93,46.056],[-116.948,46.124],[-116.922,46.164],[-116.943,46.232],[-117.01,46.33],[-117.039,46.397],[-117.032,46.42],[-117.025,46.429],[-117.026,46.589],[-117.027,46.75],[-117.028,46.91],[-117.028,47.07],[-117.029,47.231],[-117.03,47.391],[-117.031,47.551],[-117.032,47.712],[-117.032,47.872],[-117.033,48.032],[-117.034,48.192],[-117.035,48.353],[-117.036,48.513],[-117.037,48.673],[-117.037,48.834],[-117.039,48.993]]]}},{"type":"Feature","properties":{"id":"us-il"},"geometry":{"type":"Polygon","coordinates":[[[-91.442,40.379],[-91.391,40.397],[-91.381,40.448],[-91.394,40.537],[-91.339,40.604],[-91.215,40.65],[-91.102,40.75],[-91,40.905],[-90.954,41.016],[-90.964,41.083],[-91.001,41.146],[-91.067,41.206],[-91.082,41.28],[-91.048,41.369],[-90.939,41.426],[-90.754,41.45],[-90.587,41.495],[-90.437,41.56],[-90.348,41.632],[-90.319,41.71],[-90.276,41.77],[-90.218,41.813],[-90.177,41.884],[-90.152,41.982],[-90.149,42.054],[-90.168,42.1],[-90.233,42.154],[-90.347,42.215],[-90.41,42.272],[-90.425,42.326],[-90.485,42.383],[-90.59,42.445],[-90.651,42.513],[-90.191,42.51],[-89.741,42.508],[-89.291,42.505],[-88.84,42.503],[-88.39,42.5],[-87.94,42.498],[-87.489,42.495],[-87.039,42.493],[-87.085,42.31],[-87.13,42.127],[-87.176,41.944],[-87.221,41.761],[-87.371,41.761],[-87.521,41.761],[-87.523,41.461],[-87.524,41.161],[-87.525,40.861],[-87.527,40.562],[-87.528,40.262],[-87.53,39.962],[-87.531,39.662],[-87.533,39.379],[-87.533,39.375],[-87.579,39.344],[-87.611,39.291],[-87.603,39.234],[-87.615,39.193],[-87.647,39.169],[-87.632,39.107],[-87.568,39.007],[-87.53,38.909],[-87.518,38.812],[-87.529,38.742],[-87.584,38.679],[-87.636,38.543],[-87.681,38.488],[-87.735,38.47],[-87.784,38.419],[-87.827,38.336],[-87.873,38.295],[-87.921,38.298],[-87.957,38.282],[-87.98,38.249],[-87.977,38.214],[-87.949,38.178],[-87.958,38.144],[-88.006,38.113],[-88.005,38.098],[-87.99,38.089],[-87.996,38.074],[-88.026,38.06],[-88.045,38.013],[-88.042,37.937],[-88.059,37.898],[-88.091,37.897],[-88.095,37.876],[-88.042,37.789],[-88.073,37.771],[-88.129,37.7],[-88.14,37.621],[-88.108,37.534],[-88.191,37.465],[-88.389,37.411],[-88.495,37.364],[-88.507,37.324],[-88.493,37.262],[-88.453,37.178],[-88.446,37.12],[-88.472,37.088],[-88.614,37.11],[-88.873,37.186],[-89.046,37.183],[-89.135,37.102],[-89.165,37.042],[-89.154,36.992],[-89.225,37.053],[-89.272,37.08],[-89.281,37.078],[-89.292,37.071],[-89.296,37.052],[-89.293,37.038],[-89.286,37.023],[-89.29,37.013],[-89.301,37.012],[-89.352,37.036],[-89.414,37.102],[-89.487,37.213],[-89.503,37.301],[-89.462,37.366],[-89.462,37.434],[-89.503,37.506],[-89.523,37.576],[-89.523,37.645],[-89.623,37.747],[-89.823,37.884],[-89.97,37.969],[-90.064,38.001],[-90.174,38.069],[-90.299,38.174],[-90.366,38.254],[-90.374,38.31],[-90.317,38.458],[-90.151,38.781],[-90.132,38.819],[-90.127,38.833],[-90.134,38.847],[-90.15,38.86],[-90.22,38.898],[-90.354,38.93],[-90.478,38.948],[-90.577,38.91],[-90.664,38.987],[-90.737,39.182],[-90.919,39.387],[-91.21,39.603],[-91.379,39.749],[-91.426,39.827],[-91.467,39.943],[-91.502,40.098],[-91.5,40.226],[-91.442,40.379]]]}},{"type":"Feature","properties":{"id":"us-in"},"geometry":{"type":"Polygon","coordinates":[[[-88.042,37.789],[-88.095,37.876],[-88.091,37.897],[-88.059,37.898],[-88.042,37.937],[-88.045,38.013],[-88.026,38.06],[-87.996,38.074],[-87.99,38.089],[-88.005,38.098],[-88.006,38.113],[-87.958,38.144],[-87.949,38.178],[-87.977,38.214],[-87.98,38.249],[-87.957,38.282],[-87.921,38.298],[-87.873,38.295],[-87.827,38.336],[-87.784,38.419],[-87.735,38.47],[-87.681,38.488],[-87.636,38.543],[-87.584,38.679],[-87.529,38.742],[-87.518,38.812],[-87.53,38.909],[-87.568,39.007],[-87.632,39.107],[-87.647,39.169],[-87.615,39.193],[-87.603,39.234],[-87.611,39.291],[-87.579,39.344],[-87.533,39.375],[-87.533,39.379],[-87.531,39.662],[-87.53,39.962],[-87.528,40.262],[-87.527,40.562],[-87.525,40.861],[-87.524,41.161],[-87.523,41.461],[-87.521,41.761],[-87.371,41.761],[-87.221,41.761],[-86.918,41.761],[-86.615,41.76],[-86.312,41.76],[-86.009,41.76],[-85.706,41.76],[-85.403,41.76],[-85.1,41.76],[-84.796,41.76],[-84.796,41.701],[-84.8,41.376],[-84.803,41.051],[-84.806,40.725],[-84.81,40.4],[-84.813,40.075],[-84.817,39.749],[-84.82,39.424],[-84.822,39.092],[-84.837,39.083],[-84.861,39.04],[-84.835,38.996],[-84.837,38.961],[-84.864,38.933],[-84.854,38.913],[-84.807,38.9],[-84.79,38.868],[-84.801,38.819],[-84.901,38.77],[-85.094,38.714],[-85.136,38.697],[-85.17,38.69],[-85.186,38.694],[-85.211,38.704],[-85.247,38.727],[-85.307,38.737],[-85.405,38.73],[-85.445,38.683],[-85.425,38.597],[-85.459,38.53],[-85.546,38.484],[-85.609,38.423],[-85.646,38.347],[-85.706,38.301],[-85.788,38.285],[-85.855,38.215],[-85.906,38.091],[-85.961,38.014],[-86.021,37.984],[-86.103,37.992],[-86.208,38.037],[-86.268,38.083],[-86.284,38.13],[-86.315,38.164],[-86.343,38.179],[-86.361,38.179],[-86.363,38.172],[-86.355,38.159],[-86.365,38.145],[-86.43,38.14],[-86.457,38.12],[-86.448,38.086],[-86.463,38.062],[-86.5,38.048],[-86.52,38.015],[-86.522,37.964],[-86.549,37.917],[-86.599,37.875],[-86.673,37.889],[-86.77,37.96],[-86.869,37.976],[-86.969,37.938],[-87.044,37.886],[-87.094,37.821],[-87.141,37.805],[-87.209,37.855],[-87.372,37.923],[-87.457,37.938],[-87.518,37.922],[-87.561,37.929],[-87.576,37.948],[-87.587,37.956],[-87.599,37.946],[-87.601,37.887],[-87.615,37.849],[-87.643,37.833],[-87.665,37.846],[-87.679,37.886],[-87.714,37.9],[-87.77,37.885],[-87.825,37.891],[-87.874,37.916],[-87.892,37.913],[-87.906,37.902],[-87.902,37.855],[-87.912,37.818],[-87.938,37.794],[-87.975,37.788],[-88.022,37.8],[-88.042,37.789]]]}},{"type":"Feature","properties":{"id":"us-ks"},"geometry":{"type":"Polygon","coordinates":[[[-102.013,37.001],[-102.014,37.188],[-102.014,37.376],[-102.015,37.563],[-102.016,37.751],[-102.016,37.938],[-102.017,38.126],[-102.018,38.313],[-102.019,38.501],[-102.019,38.688],[-102.02,38.876],[-102.021,39.064],[-102.022,39.251],[-102.022,39.439],[-102.023,39.626],[-102.024,39.814],[-102.024,40.001],[-101.815,40.001],[-101.605,40.001],[-101.396,40.001],[-101.186,40.001],[-100.976,40.001],[-100.767,40.001],[-100.557,40.001],[-100.348,40.001],[-100.138,40.001],[-99.928,40.001],[-99.719,40.001],[-99.509,40.001],[-99.3,40.001],[-99.09,40.001],[-98.88,40.001],[-98.671,40.001],[-98.461,40.001],[-98.252,40.001],[-98.042,40.001],[-97.832,40.001],[-97.623,40.001],[-97.413,40.001],[-97.204,40.001],[-96.994,40.001],[-96.784,40.001],[-96.575,40.001],[-96.365,40.001],[-96.156,40.001],[-95.946,40.001],[-95.737,40.001],[-95.527,40.001],[-95.347,40.001],[-95.116,39.872],[-95.056,39.871],[-94.984,39.891],[-94.93,39.861],[-94.893,39.782],[-94.899,39.741],[-94.946,39.739],[-95.005,39.692],[-95.075,39.597],[-95.058,39.509],[-94.953,39.426],[-94.882,39.343],[-94.847,39.259],[-94.778,39.194],[-94.622,39.124],[-94.625,39.086],[-94.624,38.956],[-94.624,38.825],[-94.623,38.695],[-94.623,38.565],[-94.623,38.434],[-94.622,38.304],[-94.622,38.174],[-94.621,38.043],[-94.621,37.913],[-94.62,37.783],[-94.62,37.652],[-94.62,37.522],[-94.619,37.392],[-94.619,37.261],[-94.618,37.131],[-94.618,37.001],[-94.849,37.001],[-95.08,37.001],[-95.311,37.001],[-95.542,37.001],[-95.774,37.001],[-96.005,37.001],[-96.236,37.001],[-96.467,37.001],[-96.698,37.001],[-96.929,37.001],[-97.16,37.001],[-97.391,37.001],[-97.622,37.001],[-97.853,37.001],[-98.084,37.001],[-98.315,37.001],[-98.547,37.001],[-98.778,37.001],[-99.009,37.001],[-99.24,37.001],[-99.471,37.001],[-99.702,37.001],[-99.933,37.001],[-100.164,37.001],[-100.395,37.001],[-100.626,37.001],[-100.857,37.001],[-101.088,37.001],[-101.32,37.001],[-101.551,37.001],[-101.782,37.001],[-102.013,37.001]]]}},{"type":"Feature","properties":{"id":"us-ky"},"geometry":{"type":"MultiPolygon","coordinates":[[[[-89.154,36.992],[-89.165,37.042],[-89.135,37.102],[-89.046,37.183],[-88.873,37.186],[-88.614,37.11],[-88.472,37.088],[-88.446,37.12],[-88.453,37.178],[-88.493,37.262],[-88.507,37.324],[-88.495,37.364],[-88.389,37.411],[-88.191,37.465],[-88.108,37.534],[-88.14,37.621],[-88.129,37.7],[-88.073,37.771],[-88.042,37.789],[-88.022,37.8],[-87.975,37.788],[-87.938,37.794],[-87.912,37.818],[-87.902,37.855],[-87.906,37.902],[-87.892,37.913],[-87.874,37.916],[-87.825,37.891],[-87.77,37.885],[-87.714,37.9],[-87.679,37.886],[-87.665,37.846],[-87.643,37.833],[-87.615,37.849],[-87.601,37.887],[-87.599,37.946],[-87.587,37.956],[-87.576,37.948],[-87.561,37.929],[-87.518,37.922],[-87.457,37.938],[-87.372,37.923],[-87.209,37.855],[-87.141,37.805],[-87.094,37.821],[-87.044,37.886],[-86.969,37.938],[-86.869,37.976],[-86.77,37.96],[-86.673,37.889],[-86.599,37.875],[-86.549,37.917],[-86.522,37.964],[-86.52,38.015],[-86.5,38.048],[-86.463,38.062],[-86.448,38.086],[-86.457,38.12],[-86.43,38.14],[-86.365,38.145],[-86.355,38.159],[-86.363,38.172],[-86.361,38.179],[-86.343,38.179],[-86.315,38.164],[-86.284,38.13],[-86.268,38.083],[-86.208,38.037],[-86.103,37.992],[-86.021,37.984],[-85.961,38.014],[-85.906,38.091],[-85.855,38.215],[-85.788,38.285],[-85.706,38.301],[-85.646,38.347],[-85.609,38.423],[-85.546,38.484],[-85.459,38.53],[-85.425,38.597],[-85.445,38.683],[-85.405,38.73],[-85.307,38.737],[-85.247,38.727],[-85.211,38.704],[-85.186,38.694],[-85.17,38.69],[-85.136,38.697],[-85.094,38.714],[-84.901,38.77],[-84.801,38.819],[-84.79,38.868],[-84.807,38.9],[-84.854,38.913],[-84.864,38.933],[-84.837,38.961],[-84.835,38.996],[-84.861,39.04],[-84.837,39.083],[-84.822,39.092],[-84.766,39.125],[-84.707,39.129],[-84.661,39.094],[-84.595,39.086],[-84.509,39.103],[-84.43,39.091],[-84.358,39.05],[-84.29,38.975],[-84.227,38.865],[-84.113,38.798],[-83.948,38.774],[-83.828,38.731],[-83.752,38.669],[-83.69,38.65],[-83.616,38.683],[-83.538,38.7],[-83.461,38.68],[-83.357,38.627],[-83.203,38.639],[-83,38.714],[-82.88,38.71],[-82.845,38.628],[-82.758,38.541],[-82.621,38.451],[-82.613,38.448],[-82.589,38.42],[-82.578,38.272],[-82.585,38.243],[-82.62,38.182],[-82.618,38.15],[-82.589,38.1],[-82.482,37.984],[-82.472,37.938],[-82.43,37.894],[-82.394,37.828],[-82.28,37.687],[-82.103,37.571],[-81.965,37.54],[-82.343,37.297],[-82.517,37.209],[-82.682,37.138],[-82.695,37.126],[-82.732,37.048],[-82.832,36.979],[-82.895,36.906],[-83.044,36.846],[-83.15,36.762],[-83.417,36.681],[-83.566,36.653],[-83.668,36.605],[-83.675,36.603],[-83.683,36.6],[-83.691,36.598],[-83.699,36.596],[-83.707,36.594],[-83.715,36.591],[-83.723,36.589],[-83.73,36.587],[-84.078,36.597],[-84.425,36.606],[-84.772,36.616],[-85.119,36.626],[-85.466,36.636],[-85.813,36.645],[-86.16,36.655],[-86.508,36.665],[-86.84,36.66],[-87.173,36.654],[-87.506,36.649],[-87.839,36.644],[-87.869,36.675],[-87.956,36.682],[-88.091,36.693],[-88.096,36.693],[-88.057,36.59],[-88.056,36.501],[-88.059,36.5],[-88.216,36.5],[-88.388,36.5],[-88.561,36.5],[-88.734,36.5],[-88.906,36.5],[-89.079,36.5],[-89.252,36.5],[-89.45,36.5],[-89.397,36.588],[-89.351,36.611],[-89.331,36.616],[-89.28,36.6],[-89.256,36.594],[-89.203,36.626],[-89.156,36.716],[-89.13,36.811],[-89.122,36.912],[-89.154,36.992]]],[[[-89.487,36.503],[-89.557,36.501],[-89.56,36.513],[-89.555,36.541],[-89.55,36.553],[-89.536,36.555],[-89.52,36.555],[-89.497,36.529],[-89.487,36.503]]]]}},{"type":"Feature","properties":{"id":"us-la"},"geometry":{"type":"MultiPolygon","coordinates":[[[[-94.041,33.012],[-93.862,33.012],[-93.682,33.012],[-93.502,33.013],[-93.323,33.013],[-93.143,33.013],[-92.963,33.013],[-92.784,33.013],[-92.604,33.014],[-92.424,33.014],[-92.245,33.014],[-92.065,33.014],[-91.885,33.015],[-91.706,33.015],[-91.526,33.015],[-91.346,33.015],[-91.15,33.016],[-91.144,32.967],[-91.096,32.938],[-91.093,32.885],[-91.136,32.809],[-91.136,32.756],[-91.092,32.726],[-91.094,32.694],[-91.142,32.661],[-91.15,32.625],[-91.116,32.586],[-91.101,32.541],[-91.104,32.49],[-91.059,32.424],[-90.99,32.381],[-90.945,32.331],[-90.94,32.303],[-90.938,32.277],[-90.948,32.24],[-91.005,32.186],[-91.048,32.146],[-91.075,32.131],[-91.089,32.104],[-91.093,32.046],[-91.157,31.971],[-91.286,31.884],[-91.373,31.774],[-91.415,31.64],[-91.459,31.555],[-91.506,31.519],[-91.529,31.449],[-91.529,31.345],[-91.559,31.288],[-91.618,31.277],[-91.631,31.218],[-91.596,31.11],[-91.611,31.065],[-91.653,31.03],[-91.656,31.002],[-91.417,31.001],[-91.177,31.001],[-90.937,31.001],[-90.696,31.001],[-90.456,31.001],[-90.216,31.001],[-89.976,31.001],[-89.735,31.001],[-89.765,30.886],[-89.835,30.731],[-89.838,30.69],[-89.82,30.64],[-89.82,30.611],[-89.794,30.569],[-89.737,30.527],[-89.686,30.463],[-89.641,30.349],[-89.629,30.296],[-89.592,30.223],[-89.572,30.209],[-89.545,30.201],[-89.521,30.193],[-89.588,30.166],[-89.954,30.269],[-90.045,30.351],[-90.126,30.369],[-90.225,30.379],[-90.332,30.278],[-90.413,30.14],[-90.285,30.065],[-90.175,30.029],[-89.994,30.059],[-89.894,30.126],[-89.812,30.124],[-89.773,30.137],[-89.737,30.172],[-89.668,30.145],[-89.665,30.117],[-89.715,30.078],[-89.777,30.046],[-89.815,30.007],[-89.744,29.93],[-89.632,29.904],[-89.59,29.915],[-89.563,30.002],[-89.494,30.058],[-89.401,30.046],[-89.414,30.011],[-89.401,29.978],[-89.358,29.921],[-89.363,29.84],[-89.354,29.82],[-89.455,29.784],[-89.531,29.772],[-89.591,29.725],[-89.559,29.698],[-89.621,29.674],[-89.662,29.684],[-89.683,29.675],[-89.689,29.646],[-89.721,29.619],[-89.675,29.539],[-89.58,29.486],[-89.514,29.42],[-89.246,29.333],[-89.181,29.336],[-89.117,29.248],[-89.065,29.218],[-89.016,29.203],[-89.021,29.143],[-89.11,29.099],[-89.133,29.046],[-89.156,29.017],[-89.195,29.054],[-89.236,29.081],[-89.331,28.999],[-89.376,28.981],[-89.354,29.07],[-89.389,29.105],[-89.443,29.194],[-89.522,29.249],[-89.577,29.268],[-89.62,29.302],[-89.672,29.317],[-89.717,29.313],[-89.792,29.333],[-89.797,29.381],[-89.818,29.416],[-89.877,29.458],[-90.159,29.537],[-90.161,29.504],[-90.141,29.48],[-90.101,29.463],[-90.052,29.431],[-90.053,29.337],[-90.074,29.297],[-90.083,29.24],[-90.101,29.182],[-90.136,29.136],[-90.213,29.105],[-90.247,29.131],[-90.302,29.256],[-90.379,29.295],[-90.503,29.3],[-90.586,29.272],[-90.678,29.151],[-90.751,29.131],[-91.003,29.194],[-91.29,29.289],[-91.283,29.321],[-91.237,29.331],[-91.151,29.318],[-91.155,29.351],[-91.244,29.457],[-91.26,29.505],[-91.249,29.564],[-91.278,29.563],[-91.331,29.514],[-91.514,29.555],[-91.565,29.605],[-91.672,29.746],[-91.824,29.751],[-91.893,29.836],[-92.017,29.8],[-92.08,29.761],[-92.135,29.699],[-92.114,29.668],[-92.059,29.617],[-92.084,29.593],[-92.261,29.557],[-92.671,29.597],[-92.791,29.635],[-92.952,29.714],[-93.176,29.779],[-93.283,29.789],[-93.388,29.777],[-93.695,29.77],[-93.766,29.753],[-93.826,29.725],[-93.866,29.756],[-93.884,29.81],[-93.848,29.819],[-93.809,29.851],[-93.773,29.914],[-93.769,29.952],[-93.794,29.977],[-93.727,30.077],[-93.711,30.113],[-93.721,30.283],[-93.75,30.345],[-93.747,30.38],[-93.715,30.473],[-93.72,30.558],[-93.665,30.661],[-93.625,30.714],[-93.579,30.824],[-93.569,30.895],[-93.549,30.948],[-93.563,31.005],[-93.531,31.046],[-93.551,31.104],[-93.558,31.18],[-93.597,31.21],[-93.666,31.323],[-93.664,31.372],[-93.736,31.478],[-93.738,31.514],[-93.807,31.569],[-93.821,31.604],[-93.827,31.75],[-93.846,31.793],[-93.905,31.877],[-94.043,31.999],[-94.043,32.126],[-94.043,32.252],[-94.043,32.379],[-94.042,32.506],[-94.042,32.632],[-94.042,32.759],[-94.042,32.885],[-94.041,33.012]]],[[[-89.224,30.084],[-89.22,30.038],[-89.269,30.061],[-89.342,30.063],[-89.31,30.079],[-89.288,30.094],[-89.276,30.111],[-89.185,30.169],[-89.211,30.126],[-89.224,30.084]]],[[[-88.827,29.808],[-88.856,29.776],[-88.828,29.928],[-88.867,30.057],[-88.826,30],[-88.813,29.933],[-88.827,29.808]]],[[[-88.889,29.713],[-88.944,29.66],[-88.941,29.68],[-88.901,29.733],[-88.873,29.753],[-88.889,29.713]]],[[[-91.794,29.501],[-91.831,29.486],[-91.996,29.573],[-92.007,29.61],[-91.925,29.644],[-91.875,29.641],[-91.797,29.597],[-91.768,29.585],[-91.754,29.567],[-91.762,29.539],[-91.794,29.501]]]]}},{"type":"Feature","properties":{"id":"us-ma"},"geometry":{"type":"MultiPolygon","coordinates":[[[[-71.801,42.012],[-71.802,42.023],[-71.921,42.024],[-72.041,42.026],[-72.16,42.027],[-72.28,42.028],[-72.399,42.03],[-72.519,42.031],[-72.638,42.033],[-72.758,42.034],[-72.763,42.011],[-72.806,42.008],[-72.808,42.034],[-72.892,42.037],[-72.976,42.039],[-73.06,42.042],[-73.144,42.045],[-73.228,42.048],[-73.312,42.05],[-73.396,42.053],[-73.481,42.056],[-73.507,42.08],[-73.476,42.164],[-73.444,42.248],[-73.412,42.332],[-73.38,42.416],[-73.349,42.5],[-73.317,42.584],[-73.285,42.668],[-73.253,42.752],[-73.155,42.749],[-73.057,42.747],[-72.958,42.744],[-72.86,42.741],[-72.762,42.739],[-72.663,42.736],[-72.565,42.733],[-72.467,42.73],[-72.325,42.727],[-72.183,42.723],[-72.04,42.72],[-71.898,42.716],[-71.756,42.713],[-71.614,42.709],[-71.472,42.706],[-71.33,42.702],[-71.242,42.73],[-71.139,42.808],[-71.076,42.825],[-70.974,42.872],[-70.923,42.882],[-70.806,42.877],[-70.829,42.825],[-70.8,42.774],[-70.781,42.721],[-70.736,42.669],[-70.697,42.665],[-70.655,42.674],[-70.624,42.672],[-70.604,42.65],[-70.613,42.623],[-70.661,42.617],[-70.752,42.57],[-70.831,42.553],[-70.871,42.497],[-70.93,42.432],[-71.046,42.331],[-70.997,42.3],[-70.818,42.265],[-70.738,42.229],[-70.618,42.04],[-70.645,42.022],[-70.656,41.987],[-70.549,41.939],[-70.515,41.803],[-70.427,41.757],[-70.295,41.729],[-70.135,41.77],[-70.001,41.826],[-70.006,41.872],[-70.09,41.98],[-70.11,42.03],[-70.173,42.063],[-70.196,42.035],[-70.237,42.071],[-70.241,42.091],[-70.203,42.101],[-70.16,42.097],[-70.109,42.078],[-69.978,41.961],[-69.942,41.808],[-69.934,41.71],[-69.949,41.677],[-69.987,41.684],[-70.06,41.677],[-70.405,41.627],[-70.481,41.582],[-70.657,41.534],[-70.668,41.558],[-70.655,41.608],[-70.666,41.71],[-70.701,41.715],[-70.974,41.549],[-71.08,41.538],[-71.169,41.489],[-71.188,41.516],[-71.204,41.641],[-71.149,41.746],[-71.178,41.744],[-71.234,41.707],[-71.268,41.751],[-71.305,41.775],[-71.341,41.798],[-71.339,41.835],[-71.338,41.891],[-71.379,41.902],[-71.384,41.972],[-71.387,42.017],[-71.463,42.016],[-71.524,42.015],[-71.623,42.014],[-71.726,42.013],[-71.801,42.012]]],[[[-70.51,41.376],[-70.785,41.327],[-70.829,41.359],[-70.76,41.374],[-70.674,41.449],[-70.616,41.457],[-70.525,41.415],[-70.51,41.376]]],[[[-69.978,41.266],[-70.055,41.249],[-70.233,41.286],[-70.087,41.318],[-70.063,41.328],[-70.044,41.374],[-70.041,41.397],[-69.986,41.299],[-69.978,41.266]]]]}},{"type":"Feature","properties":{"id":"us-md"},"geometry":{"type":"MultiPolygon","coordinates":[[[[-77.03,38.889],[-77.02,38.807],[-76.931,38.888],[-76.989,38.952],[-77.042,39.012],[-77.122,38.944],[-77.19,38.969],[-77.301,39.053],[-77.481,39.113],[-77.506,39.143],[-77.503,39.175],[-77.479,39.221],[-77.534,39.266],[-77.669,39.31],[-77.727,39.346],[-77.739,39.354],[-77.745,39.4],[-77.762,39.429],[-77.792,39.442],[-77.797,39.461],[-77.78,39.488],[-77.798,39.517],[-77.853,39.548],[-77.872,39.576],[-77.855,39.6],[-77.883,39.611],[-77.956,39.609],[-78.027,39.631],[-78.098,39.678],[-78.181,39.686],[-78.325,39.639],[-78.407,39.628],[-78.443,39.601],[-78.46,39.556],[-78.496,39.533],[-78.575,39.533],[-78.587,39.534],[-78.678,39.55],[-78.742,39.578],[-78.753,39.59],[-78.746,39.614],[-78.758,39.625],[-78.778,39.627],[-78.796,39.613],[-78.815,39.57],[-78.971,39.454],[-79.047,39.477],[-79.075,39.476],[-79.294,39.312],[-79.36,39.285],[-79.488,39.211],[-79.485,39.339],[-79.483,39.467],[-79.48,39.595],[-79.477,39.723],[-79.247,39.723],[-79.016,39.723],[-78.785,39.723],[-78.554,39.723],[-78.324,39.723],[-78.093,39.723],[-77.862,39.723],[-77.631,39.723],[-77.4,39.723],[-77.169,39.723],[-76.939,39.723],[-76.708,39.722],[-76.477,39.722],[-76.246,39.722],[-76.016,39.722],[-75.785,39.722],[-75.775,39.564],[-75.765,39.406],[-75.756,39.247],[-75.746,39.089],[-75.736,38.93],[-75.726,38.772],[-75.717,38.613],[-75.707,38.455],[-75.705,38.455],[-75.702,38.455],[-75.7,38.455],[-75.698,38.455],[-75.696,38.455],[-75.693,38.455],[-75.691,38.455],[-75.689,38.455],[-75.588,38.455],[-75.366,38.455],[-75.145,38.455],[-75.038,38.456],[-75.039,38.426],[-75.051,38.383],[-75.074,38.366],[-75.073,38.41],[-75.09,38.425],[-75.117,38.406],[-75.134,38.384],[-75.141,38.298],[-75.16,38.255],[-75.225,38.242],[-75.292,38.129],[-75.354,38.065],[-75.376,38.025],[-75.469,38.015],[-75.62,37.999],[-75.659,37.954],[-75.735,37.974],[-75.851,37.972],[-75.829,38.033],[-75.795,38.087],[-75.856,38.14],[-75.891,38.147],[-75.928,38.169],[-75.885,38.214],[-75.864,38.261],[-75.877,38.319],[-75.859,38.362],[-75.889,38.356],[-75.937,38.31],[-75.967,38.291],[-75.986,38.332],[-76.007,38.323],[-76.02,38.295],[-76.051,38.28],[-76.116,38.318],[-76.212,38.361],[-76.265,38.436],[-76.295,38.495],[-76.264,38.6],[-76.198,38.619],[-76.113,38.602],[-76.001,38.602],[-76.017,38.625],[-76.057,38.621],[-76.175,38.707],[-76.213,38.758],[-76.278,38.772],[-76.308,38.723],[-76.341,38.71],[-76.3,38.818],[-76.247,38.823],[-76.168,38.853],[-76.191,38.916],[-76.241,38.943],[-76.331,38.909],[-76.33,38.953],[-76.313,39.009],[-76.245,39.009],[-76.186,38.991],[-76.135,39.082],[-76.133,39.123],[-76.217,39.064],[-76.236,39.192],[-76.153,39.315],[-76.074,39.369],[-75.976,39.367],[-75.876,39.376],[-75.939,39.399],[-76.003,39.411],[-75.955,39.46],[-75.913,39.468],[-75.873,39.511],[-75.97,39.505],[-75.959,39.585],[-76.006,39.569],[-76.063,39.561],[-76.085,39.527],[-76.081,39.47],[-76.097,39.433],[-76.141,39.403],[-76.216,39.38],[-76.223,39.42],[-76.248,39.439],[-76.257,39.352],[-76.276,39.323],[-76.331,39.404],[-76.347,39.388],[-76.345,39.365],[-76.359,39.325],[-76.406,39.304],[-76.403,39.253],[-76.421,39.225],[-76.57,39.269],[-76.574,39.254],[-76.489,39.159],[-76.428,39.126],[-76.42,39.074],[-76.473,39.031],[-76.546,39.068],[-76.559,39.065],[-76.519,39.001],[-76.494,38.945],[-76.52,38.898],[-76.516,38.841],[-76.521,38.788],[-76.537,38.743],[-76.501,38.532],[-76.459,38.475],[-76.416,38.42],[-76.394,38.369],[-76.439,38.362],[-76.51,38.404],[-76.572,38.436],[-76.647,38.539],[-76.659,38.58],[-76.677,38.612],[-76.669,38.538],[-76.642,38.454],[-76.409,38.268],[-76.366,38.197],[-76.333,38.141],[-76.341,38.087],[-76.402,38.125],[-76.454,38.174],[-76.594,38.228],[-76.769,38.263],[-76.868,38.39],[-76.868,38.337],[-76.89,38.292],[-76.95,38.347],[-76.988,38.394],[-77.001,38.445],[-77.077,38.442],[-77.156,38.397],[-77.233,38.408],[-77.242,38.495],[-77.221,38.541],[-77.135,38.65],[-77.054,38.706],[-77.018,38.778],[-77.03,38.889]]],[[[-75.226,38.04],[-75.252,38.037],[-75.226,38.072],[-75.137,38.24],[-75.098,38.298],[-75.136,38.181],[-75.203,38.072],[-75.226,38.04]]]]}},{"type":"Feature","properties":{"id":"us-me"},"geometry":{"type":"MultiPolygon","coordinates":[[[[-69.054,47.295],[-69.049,47.274],[-69.003,47.236],[-68.937,47.211],[-68.887,47.203],[-68.829,47.203],[-68.669,47.253],[-68.48,47.286],[-68.377,47.316],[-68.358,47.345],[-68.311,47.354],[-68.235,47.346],[-68.097,47.275],[-67.935,47.168],[-67.807,47.083],[-67.803,46.936],[-67.8,46.78],[-67.798,46.616],[-67.796,46.498],[-67.793,46.337],[-67.79,46.209],[-67.786,46.042],[-67.785,45.953],[-67.767,45.927],[-67.778,45.892],[-67.782,45.874],[-67.781,45.86],[-67.774,45.843],[-67.775,45.818],[-67.792,45.796],[-67.8,45.77],[-67.802,45.728],[-67.785,45.702],[-67.755,45.686],[-67.731,45.686],[-67.699,45.671],[-67.658,45.644],[-67.596,45.621],[-67.531,45.613],[-67.487,45.618],[-67.433,45.603],[-67.414,45.566],[-67.424,45.53],[-67.455,45.514],[-67.488,45.501],[-67.494,45.474],[-67.477,45.446],[-67.454,45.421],[-67.428,45.378],[-67.439,45.34],[-67.462,45.309],[-67.473,45.276],[-67.453,45.248],[-67.4,45.21],[-67.367,45.174],[-67.315,45.154],[-67.291,45.168],[-67.271,45.187],[-67.25,45.201],[-67.213,45.193],[-67.171,45.182],[-67.125,45.169],[-67.13,45.139],[-67.102,45.088],[-67.08,44.989],[-67.114,44.944],[-67.107,44.885],[-67.014,44.868],[-66.991,44.85],[-66.987,44.828],[-67.191,44.676],[-67.364,44.697],[-67.458,44.657],[-67.556,44.645],[-67.599,44.577],[-67.653,44.562],[-67.727,44.566],[-67.79,44.586],[-67.839,44.576],[-67.907,44.454],[-67.963,44.464],[-67.985,44.42],[-68.014,44.401],[-68.057,44.384],[-68.094,44.439],[-68.117,44.491],[-68.152,44.502],[-68.198,44.515],[-68.246,44.515],[-68.277,44.507],[-68.317,44.474],[-68.374,44.445],[-68.417,44.469],[-68.451,44.508],[-68.479,44.446],[-68.521,44.38],[-68.514,44.304],[-68.533,44.259],[-68.572,44.271],[-68.612,44.311],[-68.723,44.342],[-68.812,44.339],[-68.794,44.382],[-68.71,44.443],[-68.736,44.454],[-68.777,44.446],[-68.795,44.454],[-68.766,44.51],[-68.763,44.571],[-68.8,44.549],[-68.847,44.485],[-68.961,44.434],[-68.956,44.348],[-69.064,44.172],[-69.068,44.098],[-69.137,44.038],[-69.226,43.986],[-69.345,44.001],[-69.435,43.956],[-69.481,43.905],[-69.521,43.897],[-69.542,43.963],[-69.557,43.983],[-69.59,43.887],[-69.624,43.881],[-69.637,43.949],[-69.653,43.994],[-69.699,43.955],[-69.73,43.852],[-69.762,43.861],[-69.772,43.899],[-69.795,43.911],[-69.803,43.867],[-69.792,43.805],[-69.808,43.772],[-69.84,43.79],[-69.873,43.82],[-69.926,43.797],[-69.974,43.788],[-69.975,43.818],[-69.965,43.855],[-70.062,43.835],[-70.179,43.766],[-70.269,43.672],[-70.238,43.656],[-70.203,43.626],[-70.36,43.48],[-70.521,43.349],[-70.642,43.134],[-70.691,43.109],[-70.733,43.07],[-70.813,43.164],[-70.829,43.239],[-70.92,43.328],[-70.956,43.389],[-70.968,43.458],[-70.962,43.532],[-70.97,43.643],[-70.978,43.754],[-70.985,43.865],[-70.993,43.976],[-71.001,44.086],[-71.008,44.197],[-71.016,44.308],[-71.024,44.419],[-71.031,44.53],[-71.039,44.641],[-71.047,44.751],[-71.054,44.862],[-71.062,44.973],[-71.07,45.084],[-71.077,45.195],[-71.085,45.294],[-71.06,45.309],[-71,45.337],[-70.96,45.333],[-70.926,45.291],[-70.898,45.262],[-70.865,45.271],[-70.837,45.311],[-70.838,45.366],[-70.799,45.405],[-70.753,45.411],[-70.711,45.409],[-70.69,45.428],[-70.692,45.455],[-70.707,45.499],[-70.702,45.551],[-70.596,45.644],[-70.467,45.707],[-70.421,45.738],[-70.408,45.802],[-70.333,45.868],[-70.296,45.906],[-70.287,45.939],[-70.306,45.98],[-70.305,46.057],[-70.279,46.15],[-70.248,46.251],[-70.18,46.342],[-70.067,46.441],[-70.038,46.571],[-70.008,46.709],[-69.872,46.843],[-69.718,46.995],[-69.63,47.081],[-69.471,47.239],[-69.359,47.351],[-69.302,47.402],[-69.243,47.463],[-69.146,47.445],[-69.05,47.427],[-69.064,47.338],[-69.054,47.295]]],[[[-68.187,44.332],[-68.245,44.313],[-68.309,44.322],[-68.308,44.269],[-68.315,44.25],[-68.386,44.277],[-68.412,44.294],[-68.409,44.364],[-68.347,44.43],[-68.299,44.457],[-68.238,44.438],[-68.191,44.364],[-68.187,44.332]]],[[[-68.623,44.196],[-68.661,44.176],[-68.702,44.183],[-68.703,44.232],[-68.691,44.249],[-68.677,44.256],[-68.656,44.242],[-68.623,44.196]]]]}},{"type":"Feature","properties":{"id":"us-mi"},"geometry":{"type":"Polygon","coordinates":[[[-89.498,47.998],[-89.456,47.996],[-89.273,48.02],[-89.186,48.047],[-89.063,48.094],[-88.899,48.156],[-88.612,48.264],[-88.378,48.303],[-88.161,48.225],[-87.987,48.157],[-87.92,48.13],[-87.744,48.061],[-87.494,47.962],[-87.208,47.849],[-86.922,47.735],[-86.672,47.636],[-86.496,47.567],[-86.429,47.54],[-86.234,47.46],[-86.04,47.38],[-85.846,47.3],[-85.652,47.22],[-85.458,47.14],[-85.264,47.06],[-85.07,46.98],[-84.876,46.9],[-84.827,46.767],[-84.779,46.637],[-84.666,46.543],[-84.562,46.457],[-84.502,46.462],[-84.44,46.498],[-84.402,46.516],[-84.337,46.519],[-84.192,46.55],[-84.149,46.543],[-84.125,46.527],[-84.123,46.503],[-84.128,46.484],[-84.15,46.445],[-84.115,46.371],[-84.108,46.289],[-84.088,46.227],[-84.029,46.147],[-83.978,46.085],[-83.913,46.073],[-83.763,46.109],[-83.669,46.123],[-83.616,46.117],[-83.525,46.059],[-83.48,46.024],[-83.469,45.995],[-83.593,45.817],[-83.397,45.729],[-83.179,45.633],[-82.919,45.518],[-82.76,45.448],[-82.551,45.347],[-82.515,45.204],[-82.485,45.084],[-82.447,44.916],[-82.407,44.744],[-82.368,44.573],[-82.327,44.392],[-82.281,44.192],[-82.241,44.015],[-82.197,43.822],[-82.138,43.571],[-82.19,43.474],[-82.305,43.263],[-82.408,43.073],[-82.417,43.017],[-82.488,42.74],[-82.545,42.625],[-82.645,42.558],[-82.744,42.493],[-82.868,42.385],[-83.004,42.332],[-83.073,42.3],[-83.11,42.251],[-83.15,42.142],[-83.142,41.976],[-83.122,41.95],[-83.304,41.838],[-83.464,41.739],[-83.797,41.73],[-84.13,41.72],[-84.463,41.711],[-84.796,41.701],[-84.796,41.76],[-85.1,41.76],[-85.403,41.76],[-85.706,41.76],[-86.009,41.76],[-86.312,41.76],[-86.615,41.76],[-86.918,41.761],[-87.221,41.761],[-87.176,41.944],[-87.13,42.127],[-87.085,42.31],[-87.039,42.493],[-87.079,42.782],[-87.114,43.031],[-87.155,43.327],[-87.145,43.571],[-87.142,43.658],[-87.083,43.89],[-87.032,44.091],[-86.919,44.362],[-86.822,44.591],[-86.715,44.846],[-86.536,45.041],[-86.401,45.133],[-86.265,45.227],[-86.482,45.323],[-86.774,45.452],[-86.942,45.452],[-87.115,45.452],[-87.244,45.29],[-87.42,45.184],[-87.46,45.068],[-87.654,45.122],[-87.694,45.161],[-87.719,45.201],[-87.721,45.243],[-87.663,45.345],[-87.658,45.362],[-87.664,45.371],[-87.696,45.383],[-87.769,45.364],[-87.842,45.361],[-87.865,45.368],[-87.875,45.385],[-87.874,45.413],[-87.859,45.445],[-87.815,45.506],[-87.815,45.563],[-87.795,45.596],[-87.814,45.657],[-87.809,45.686],[-87.84,45.718],[-87.923,45.76],[-88.116,45.816],[-88.096,45.878],[-88.104,45.905],[-88.152,45.945],[-88.355,45.992],[-88.493,46.014],[-88.63,46.014],[-88.727,46.031],[-88.837,46.037],[-88.908,46.065],[-88.978,46.093],[-89.049,46.121],[-89.119,46.149],[-89.244,46.173],[-89.369,46.197],[-89.494,46.221],[-89.619,46.245],[-89.744,46.269],[-89.869,46.294],[-89.994,46.318],[-90.119,46.342],[-90.147,46.384],[-90.174,46.426],[-90.202,46.468],[-90.23,46.51],[-90.288,46.527],[-90.318,46.537],[-90.341,46.558],[-90.392,46.549],[-90.413,46.585],[-90.356,46.673],[-90.299,46.761],[-90.242,46.848],[-90.185,46.936],[-90.128,47.024],[-90.071,47.112],[-90.015,47.199],[-89.958,47.287],[-89.843,47.464],[-89.728,47.642],[-89.614,47.819],[-89.498,47.998]]]}},{"type":"Feature","properties":{"id":"us-mn"},"geometry":{"type":"Polygon","coordinates":[[[-97.226,48.993],[-97.103,48.993],[-96.677,48.993],[-96.251,48.993],[-95.824,48.993],[-95.398,48.993],[-95.162,48.992],[-95.158,49.203],[-95.155,49.37],[-94.939,49.349],[-94.875,49.319],[-94.854,49.305],[-94.86,49.259],[-94.843,49.119],[-94.803,49.003],[-94.713,48.863],[-94.705,48.809],[-94.675,48.774],[-94.621,48.743],[-94.414,48.704],[-94.055,48.659],[-93.852,48.607],[-93.804,48.549],[-93.708,48.525],[-93.564,48.537],[-93.464,48.561],[-93.378,48.617],[-93.258,48.629],[-93.155,48.625],[-93.052,48.62],[-92.996,48.612],[-92.837,48.568],[-92.733,48.532],[-92.583,48.465],[-92.501,48.435],[-92.461,48.366],[-92.415,48.277],[-92.348,48.277],[-92.299,48.329],[-92.172,48.338],[-92.005,48.302],[-91.858,48.198],[-91.647,48.105],[-91.518,48.058],[-91.387,48.059],[-91.221,48.105],[-91.043,48.194],[-90.916,48.209],[-90.84,48.201],[-90.797,48.131],[-90.744,48.105],[-90.607,48.113],[-90.32,48.099],[-90.092,48.118],[-90.04,48.078],[-89.994,48.015],[-89.901,47.995],[-89.775,48.015],[-89.551,48],[-89.498,47.998],[-89.614,47.819],[-89.728,47.642],[-89.843,47.464],[-89.958,47.287],[-90.132,47.293],[-90.306,47.298],[-90.48,47.304],[-90.654,47.309],[-90.858,47.213],[-91.061,47.117],[-91.265,47.021],[-91.468,46.925],[-91.593,46.876],[-91.717,46.827],[-91.841,46.779],[-91.965,46.73],[-92.093,46.762],[-92.125,46.763],[-92.195,46.707],[-92.224,46.671],[-92.292,46.661],[-92.292,46.517],[-92.292,46.373],[-92.292,46.228],[-92.293,46.084],[-92.325,46.07],[-92.367,46.036],[-92.425,46.028],[-92.694,45.909],[-92.738,45.875],[-92.786,45.796],[-92.875,45.706],[-92.897,45.659],[-92.892,45.595],[-92.757,45.543],[-92.707,45.494],[-92.683,45.433],[-92.686,45.381],[-92.754,45.278],[-92.766,45.236],[-92.759,45.111],[-92.793,45.071],[-92.765,44.969],[-92.763,44.934],[-92.785,44.823],[-92.799,44.79],[-92.773,44.732],[-92.77,44.726],[-92.644,44.645],[-92.537,44.601],[-92.442,44.587],[-92.367,44.552],[-92.313,44.498],[-92.24,44.462],[-92.149,44.445],[-92.055,44.4],[-91.912,44.289],[-91.841,44.194],[-91.716,44.126],[-91.515,44.054],[-91.383,43.991],[-91.32,43.936],[-91.278,43.797],[-91.245,43.502],[-91.575,43.502],[-91.901,43.502],[-92.226,43.502],[-92.551,43.502],[-92.876,43.502],[-93.201,43.502],[-93.527,43.502],[-93.852,43.502],[-94.177,43.502],[-94.502,43.501],[-94.828,43.501],[-95.153,43.501],[-95.478,43.501],[-95.803,43.501],[-96.128,43.501],[-96.454,43.501],[-96.454,43.726],[-96.454,43.95],[-96.454,44.175],[-96.454,44.399],[-96.454,44.624],[-96.454,44.848],[-96.454,45.073],[-96.454,45.297],[-96.53,45.372],[-96.696,45.432],[-96.738,45.468],[-96.815,45.557],[-96.845,45.596],[-96.851,45.626],[-96.814,45.659],[-96.663,45.756],[-96.615,45.8],[-96.591,45.843],[-96.556,45.943],[-96.57,46.019],[-96.561,46.138],[-96.592,46.228],[-96.599,46.272],[-96.617,46.327],[-96.731,46.473],[-96.758,46.59],[-96.787,46.648],[-96.796,46.797],[-96.793,46.839],[-96.77,46.92],[-96.818,46.974],[-96.825,47.019],[-96.848,47.373],[-96.863,47.424],[-96.859,47.588],[-96.946,47.762],[-96.988,47.82],[-97.009,47.892],[-97.007,47.926],[-97.079,48.043],[-97.126,48.173],[-97.122,48.286],[-97.137,48.371],[-97.131,48.437],[-97.144,48.537],[-97.129,48.593],[-97.128,48.681],[-97.226,48.993]]]}},{"type":"Feature","properties":{"id":"us-mo"},"geometry":{"type":"Polygon","coordinates":[[[-89.705,36.002],[-89.888,35.999],[-90.052,35.997],[-90.217,35.995],[-90.381,35.993],[-90.303,36.099],[-90.253,36.138],[-90.216,36.178],[-90.149,36.216],[-90.076,36.297],[-90.067,36.334],[-90.074,36.372],[-90.118,36.423],[-90.162,36.501],[-90.441,36.501],[-90.719,36.501],[-90.998,36.501],[-91.276,36.501],[-91.555,36.501],[-91.833,36.501],[-92.112,36.501],[-92.39,36.501],[-92.669,36.501],[-92.947,36.501],[-93.226,36.501],[-93.504,36.501],[-93.783,36.501],[-94.061,36.501],[-94.34,36.501],[-94.618,36.501],[-94.618,36.626],[-94.618,36.751],[-94.618,36.876],[-94.618,37.001],[-94.618,37.131],[-94.619,37.261],[-94.619,37.392],[-94.62,37.522],[-94.62,37.652],[-94.62,37.783],[-94.621,37.913],[-94.621,38.043],[-94.622,38.174],[-94.622,38.304],[-94.623,38.434],[-94.623,38.565],[-94.623,38.695],[-94.624,38.825],[-94.624,38.956],[-94.625,39.086],[-94.622,39.124],[-94.778,39.194],[-94.847,39.259],[-94.882,39.343],[-94.953,39.426],[-95.058,39.509],[-95.075,39.597],[-95.005,39.692],[-94.946,39.739],[-94.899,39.741],[-94.893,39.782],[-94.93,39.861],[-94.984,39.891],[-95.056,39.871],[-95.116,39.872],[-95.347,40.001],[-95.362,40.01],[-95.434,40.096],[-95.464,40.198],[-95.521,40.265],[-95.607,40.295],[-95.662,40.363],[-95.685,40.466],[-95.74,40.571],[-95.765,40.602],[-95.515,40.603],[-95.263,40.604],[-95.011,40.606],[-94.759,40.607],[-94.506,40.609],[-94.254,40.61],[-94.002,40.612],[-93.75,40.613],[-93.497,40.615],[-93.245,40.616],[-92.993,40.617],[-92.741,40.619],[-92.488,40.62],[-92.236,40.622],[-91.984,40.623],[-91.732,40.625],[-91.682,40.552],[-91.627,40.531],[-91.617,40.507],[-91.545,40.469],[-91.53,40.432],[-91.442,40.379],[-91.5,40.226],[-91.502,40.098],[-91.467,39.943],[-91.426,39.827],[-91.379,39.749],[-91.21,39.603],[-90.919,39.387],[-90.737,39.182],[-90.664,38.987],[-90.577,38.91],[-90.478,38.948],[-90.354,38.93],[-90.22,38.898],[-90.15,38.86],[-90.134,38.847],[-90.127,38.833],[-90.132,38.819],[-90.151,38.781],[-90.317,38.458],[-90.374,38.31],[-90.366,38.254],[-90.299,38.174],[-90.174,38.069],[-90.064,38.001],[-89.97,37.969],[-89.823,37.884],[-89.623,37.747],[-89.523,37.645],[-89.523,37.576],[-89.503,37.506],[-89.462,37.434],[-89.462,37.366],[-89.503,37.301],[-89.487,37.213],[-89.414,37.102],[-89.352,37.036],[-89.301,37.012],[-89.29,37.013],[-89.286,37.023],[-89.293,37.038],[-89.296,37.052],[-89.292,37.071],[-89.281,37.078],[-89.272,37.08],[-89.225,37.053],[-89.154,36.992],[-89.122,36.912],[-89.13,36.811],[-89.156,36.716],[-89.203,36.626],[-89.256,36.594],[-89.28,36.6],[-89.331,36.616],[-89.351,36.611],[-89.397,36.588],[-89.45,36.5],[-89.452,36.498],[-89.471,36.489],[-89.485,36.498],[-89.487,36.503],[-89.497,36.529],[-89.52,36.555],[-89.536,36.555],[-89.55,36.553],[-89.555,36.541],[-89.56,36.513],[-89.557,36.501],[-89.541,36.427],[-89.555,36.373],[-89.604,36.352],[-89.612,36.322],[-89.584,36.288],[-89.584,36.272],[-89.595,36.259],[-89.628,36.255],[-89.654,36.248],[-89.675,36.221],[-89.634,36.168],[-89.642,36.105],[-89.698,36.03],[-89.705,36.002]]]}},{"type":"Feature","properties":{"id":"us-ms"},"geometry":{"type":"MultiPolygon","coordinates":[[[[-88.173,34.999],[-88.085,34.933],[-88.088,34.909],[-88.089,34.893],[-88.096,34.846],[-88.12,34.661],[-88.144,34.477],[-88.169,34.292],[-88.193,34.107],[-88.218,33.923],[-88.242,33.738],[-88.267,33.553],[-88.291,33.368],[-88.315,33.184],[-88.34,32.999],[-88.364,32.814],[-88.389,32.629],[-88.413,32.445],[-88.437,32.26],[-88.462,32.075],[-88.486,31.891],[-88.476,31.703],[-88.465,31.515],[-88.455,31.327],[-88.444,31.14],[-88.434,30.952],[-88.423,30.764],[-88.413,30.577],[-88.4,30.371],[-88.692,30.355],[-88.82,30.406],[-88.873,30.416],[-88.905,30.415],[-89.054,30.368],[-89.224,30.332],[-89.264,30.344],[-89.321,30.345],[-89.443,30.223],[-89.521,30.193],[-89.545,30.201],[-89.572,30.209],[-89.592,30.223],[-89.629,30.296],[-89.641,30.349],[-89.686,30.463],[-89.737,30.527],[-89.794,30.569],[-89.82,30.611],[-89.82,30.64],[-89.838,30.69],[-89.835,30.731],[-89.765,30.886],[-89.735,31.001],[-89.976,31.001],[-90.216,31.001],[-90.456,31.001],[-90.696,31.001],[-90.937,31.001],[-91.177,31.001],[-91.417,31.001],[-91.656,31.002],[-91.653,31.03],[-91.611,31.065],[-91.596,31.11],[-91.631,31.218],[-91.618,31.277],[-91.559,31.288],[-91.529,31.345],[-91.529,31.449],[-91.506,31.519],[-91.459,31.555],[-91.415,31.64],[-91.373,31.774],[-91.286,31.884],[-91.157,31.971],[-91.093,32.046],[-91.089,32.104],[-91.075,32.131],[-91.048,32.146],[-91.005,32.186],[-90.948,32.24],[-90.938,32.277],[-90.94,32.303],[-90.945,32.331],[-90.99,32.381],[-91.059,32.424],[-91.104,32.49],[-91.101,32.541],[-91.116,32.586],[-91.15,32.625],[-91.142,32.661],[-91.094,32.694],[-91.092,32.726],[-91.136,32.756],[-91.136,32.809],[-91.093,32.885],[-91.096,32.938],[-91.144,32.967],[-91.15,33.016],[-91.153,33.041],[-91.107,33.218],[-91.117,33.241],[-91.163,33.294],[-91.168,33.359],[-91.141,33.439],[-91.154,33.5],[-91.193,33.523],[-91.203,33.547],[-91.215,33.583],[-91.173,33.617],[-91.17,33.647],[-91.207,33.676],[-91.184,33.716],[-91.1,33.767],[-91.077,33.797],[-91.053,33.828],[-91.038,33.901],[-91.05,33.945],[-91.07,33.974],[-91.06,33.989],[-91.043,34.003],[-90.943,34.03],[-90.915,34.049],[-90.909,34.072],[-90.94,34.129],[-90.91,34.189],[-90.817,34.252],[-90.768,34.308],[-90.762,34.356],[-90.718,34.392],[-90.635,34.414],[-90.584,34.504],[-90.564,34.661],[-90.539,34.728],[-90.497,34.738],[-90.475,34.76],[-90.468,34.805],[-90.416,34.852],[-90.32,34.899],[-90.282,34.945],[-90.293,34.97],[-90.294,35.001],[-90.039,35.001],[-89.773,35.001],[-89.507,35],[-89.242,35],[-88.976,35],[-88.71,34.999],[-88.445,34.999],[-88.173,34.999]]],[[[-88.558,30.216],[-88.571,30.205],[-88.659,30.226],[-88.713,30.245],[-88.723,30.264],[-88.574,30.229],[-88.558,30.216]]]]}},{"type":"Feature","properties":{"id":"us-mt"},"geometry":{"type":"Polygon","coordinates":[[[-114.063,48.993],[-113.732,48.993],[-113.306,48.993],[-112.88,48.993],[-112.453,48.993],[-112.027,48.993],[-111.6,48.993],[-111.174,48.993],[-110.748,48.993],[-110.321,48.993],[-109.999,48.993],[-109.895,48.993],[-109.469,48.993],[-109.042,48.993],[-108.616,48.993],[-108.189,48.993],[-107.763,48.993],[-107.337,48.993],[-106.91,48.993],[-106.484,48.993],[-106.057,48.993],[-105.631,48.993],[-105.205,48.993],[-104.778,48.993],[-104.352,48.993],[-104.034,48.993],[-104.032,48.803],[-104.031,48.613],[-104.029,48.422],[-104.028,48.231],[-104.026,48.041],[-104.025,47.85],[-104.024,47.659],[-104.022,47.469],[-104.021,47.278],[-104.019,47.087],[-104.018,46.896],[-104.017,46.706],[-104.015,46.515],[-104.014,46.324],[-104.012,46.134],[-104.011,45.943],[-104.01,45.711],[-104.008,45.478],[-104.006,45.246],[-104.005,45.013],[-104.005,45.01],[-104.005,45.007],[-104.005,45.004],[-104.005,45.001],[-104.013,45.001],[-104.021,45.001],[-104.029,45.001],[-104.037,45.001],[-104.256,45.001],[-104.476,45.001],[-104.695,45.001],[-104.914,45.001],[-105.133,45.001],[-105.352,45.001],[-105.571,45.001],[-105.791,45.001],[-106.01,45.001],[-106.229,45.001],[-106.448,45.001],[-106.667,45.001],[-106.887,45.001],[-107.106,45.001],[-107.325,45.001],[-107.544,45.001],[-107.763,45.001],[-107.982,45.001],[-108.202,45.001],[-108.421,45.001],[-108.64,45.001],[-108.859,45.001],[-109.078,45.001],[-109.297,45.001],[-109.517,45.001],[-109.736,45.001],[-109.955,45.001],[-110.174,45.001],[-110.393,45.001],[-110.613,45.001],[-110.832,45.001],[-111.051,45.001],[-111.051,44.876],[-111.051,44.75],[-111.051,44.624],[-111.051,44.499],[-111.117,44.525],[-111.161,44.556],[-111.198,44.591],[-111.265,44.688],[-111.304,44.723],[-111.337,44.745],[-111.373,44.746],[-111.416,44.734],[-111.448,44.711],[-111.459,44.671],[-111.491,44.624],[-111.489,44.585],[-111.475,44.565],[-111.479,44.554],[-111.5,44.545],[-111.659,44.56],[-111.797,44.54],[-111.892,44.555],[-112.074,44.548],[-112.231,44.561],[-112.285,44.554],[-112.32,44.533],[-112.364,44.48],[-112.375,44.47],[-112.393,44.468],[-112.648,44.497],[-112.716,44.498],[-112.787,44.463],[-112.81,44.438],[-112.816,44.406],[-112.831,44.397],[-112.854,44.398],[-112.91,44.419],[-112.97,44.454],[-113,44.48],[-113.006,44.539],[-113.054,44.605],[-113.063,44.665],[-113.093,44.715],[-113.141,44.765],[-113.187,44.799],[-113.234,44.81],[-113.32,44.803],[-113.339,44.808],[-113.432,44.874],[-113.461,44.904],[-113.469,44.93],[-113.438,44.994],[-113.447,45.029],[-113.471,45.073],[-113.504,45.109],[-113.557,45.14],[-113.607,45.209],[-113.697,45.305],[-113.722,45.379],[-113.756,45.441],[-113.766,45.503],[-113.8,45.54],[-113.797,45.588],[-113.802,45.601],[-113.813,45.607],[-113.873,45.634],[-113.943,45.682],[-113.978,45.692],[-113.992,45.693],[-114.001,45.681],[-114.006,45.658],[-114.117,45.579],[-114.21,45.542],[-114.256,45.506],[-114.298,45.488],[-114.319,45.486],[-114.351,45.497],[-114.448,45.551],[-114.529,45.576],[-114.537,45.587],[-114.533,45.633],[-114.496,45.686],[-114.534,45.782],[-114.523,45.815],[-114.493,45.839],[-114.405,45.874],[-114.397,45.891],[-114.416,45.982],[-114.465,46.016],[-114.478,46.036],[-114.464,46.11],[-114.485,46.158],[-114.447,46.199],[-114.444,46.271],[-114.413,46.344],[-114.38,46.453],[-114.387,46.5],[-114.346,46.551],[-114.332,46.601],[-114.33,46.638],[-114.337,46.659],[-114.351,46.668],[-114.381,46.668],[-114.519,46.648],[-114.563,46.65],[-114.602,46.66],[-114.624,46.678],[-114.631,46.719],[-114.662,46.746],[-114.678,46.75],[-114.74,46.734],[-114.754,46.735],[-114.761,46.742],[-114.786,46.777],[-114.887,46.845],[-114.936,46.923],[-115.034,46.991],[-115.127,47.085],[-115.307,47.231],[-115.349,47.261],[-115.486,47.312],[-115.593,47.385],[-115.702,47.438],[-115.713,47.447],[-115.714,47.452],[-115.708,47.457],[-115.677,47.471],[-115.67,47.498],[-115.711,47.553],[-115.691,47.607],[-115.718,47.681],[-115.734,47.706],[-115.811,47.776],[-115.862,47.842],[-115.941,47.904],[-116.049,48.005],[-116.049,48.252],[-116.049,48.499],[-116.048,48.747],[-116.048,48.993],[-115.864,48.993],[-115.438,48.993],[-115.011,48.993],[-114.585,48.993],[-114.159,48.993],[-114.063,48.993]]]}},{"type":"Feature","properties":{"id":"us-nc"},"geometry":{"type":"MultiPolygon","coordinates":[[[[-83.115,35.001],[-83.417,34.998],[-83.72,34.995],[-84.022,34.991],[-84.325,34.988],[-84.287,35.201],[-84.261,35.25],[-84.232,35.261],[-84.129,35.261],[-84.062,35.286],[-84.004,35.414],[-83.871,35.515],[-83.812,35.54],[-83.723,35.56],[-83.511,35.584],[-83.284,35.682],[-83.12,35.775],[-82.99,35.8],[-82.949,35.835],[-82.92,35.879],[-82.902,35.939],[-82.888,35.952],[-82.813,35.947],[-82.756,36],[-82.7,36.03],[-82.645,36.047],[-82.611,36.047],[-82.598,36.032],[-82.589,35.987],[-82.577,35.972],[-82.553,35.971],[-82.521,35.981],[-82.478,36.01],[-82.368,36.1],[-82.295,36.134],[-82.182,36.154],[-82.101,36.107],[-82.051,36.123],[-81.908,36.306],[-81.851,36.34],[-81.808,36.353],[-81.734,36.355],[-81.733,36.406],[-81.708,36.482],[-81.704,36.534],[-81.659,36.611],[-81.642,36.595],[-81.28,36.592],[-80.918,36.589],[-80.556,36.587],[-80.194,36.584],[-79.833,36.581],[-79.471,36.578],[-79.109,36.575],[-78.747,36.573],[-78.386,36.57],[-78.024,36.567],[-77.662,36.564],[-77.3,36.561],[-76.938,36.559],[-76.577,36.556],[-76.215,36.553],[-75.966,36.551],[-75.993,36.474],[-75.978,36.429],[-75.925,36.383],[-75.867,36.268],[-75.82,36.113],[-75.883,36.176],[-75.95,36.209],[-76.055,36.235],[-76.148,36.279],[-76.141,36.215],[-76.15,36.146],[-76.222,36.167],[-76.271,36.19],[-76.227,36.116],[-76.321,36.138],[-76.384,36.134],[-76.424,36.068],[-76.479,36.028],[-76.559,36.015],[-76.679,36.075],[-76.718,36.148],[-76.734,36.229],[-76.74,36.133],[-76.719,36.034],[-76.726,35.958],[-76.611,35.944],[-76.504,35.956],[-76.358,35.953],[-76.264,35.967],[-76.207,35.991],[-76.07,35.97],[-76.06,35.879],[-76.076,35.788],[-76.084,35.691],[-76.046,35.691],[-76.001,35.722],[-75.979,35.896],[-75.854,35.96],[-75.812,35.956],[-75.772,35.9],[-75.759,35.843],[-75.745,35.765],[-75.774,35.647],[-75.966,35.508],[-76.104,35.38],[-76.174,35.354],[-76.275,35.369],[-76.39,35.401],[-76.447,35.408],[-76.489,35.397],[-76.516,35.436],[-76.532,35.508],[-76.577,35.532],[-76.611,35.53],[-76.634,35.453],[-76.741,35.431],[-76.887,35.463],[-77.04,35.527],[-76.974,35.458],[-76.595,35.33],[-76.553,35.306],[-76.513,35.27],[-76.566,35.215],[-76.608,35.153],[-76.613,35.104],[-76.628,35.073],[-76.779,34.99],[-76.861,35.005],[-77.07,35.155],[-76.975,35.025],[-76.899,34.97],[-76.745,34.941],[-76.457,34.989],[-76.362,34.937],[-76.44,34.843],[-76.517,34.777],[-76.618,34.77],[-76.707,34.752],[-76.733,34.707],[-76.797,34.704],[-76.896,34.701],[-77.049,34.697],[-77.134,34.708],[-77.252,34.616],[-77.296,34.603],[-77.358,34.62],[-77.384,34.694],[-77.412,34.731],[-77.413,34.592],[-77.402,34.555],[-77.38,34.527],[-77.518,34.451],[-77.65,34.358],[-77.697,34.332],[-77.751,34.285],[-77.861,34.149],[-77.888,34.05],[-77.928,33.94],[-77.933,33.989],[-77.926,34.073],[-77.953,34.169],[-77.971,33.993],[-78.013,33.912],[-78.406,33.918],[-78.564,33.877],[-78.708,33.998],[-78.843,34.112],[-78.978,34.226],[-79.113,34.34],[-79.248,34.454],[-79.383,34.569],[-79.519,34.683],[-79.654,34.797],[-79.795,34.801],[-79.936,34.805],[-80.078,34.809],[-80.219,34.813],[-80.36,34.817],[-80.501,34.821],[-80.643,34.825],[-80.784,34.829],[-80.789,34.907],[-80.793,34.963],[-80.882,35.058],[-80.934,35.114],[-81.045,35.066],[-81.051,35.089],[-81.047,35.131],[-81.057,35.146],[-81.087,35.156],[-81.246,35.161],[-81.405,35.167],[-81.563,35.173],[-81.722,35.179],[-81.88,35.184],[-82.039,35.19],[-82.197,35.196],[-82.356,35.202],[-82.393,35.211],[-82.464,35.178],[-82.651,35.128],[-82.744,35.084],[-82.778,35.087],[-82.937,35.044],[-83.097,35.002],[-83.115,35.001]]],[[[-75.889,36.551],[-75.857,36.551],[-75.758,36.229],[-75.559,35.879],[-75.534,35.819],[-75.58,35.872],[-75.728,36.104],[-75.81,36.271],[-75.889,36.551]]],[[[-75.636,35.856],[-75.651,35.836],[-75.717,35.946],[-75.649,35.91],[-75.637,35.881],[-75.636,35.856]]],[[[-75.544,35.24],[-75.678,35.213],[-75.69,35.222],[-75.536,35.279],[-75.488,35.48],[-75.481,35.572],[-75.504,35.735],[-75.504,35.769],[-75.478,35.716],[-75.456,35.564],[-75.465,35.449],[-75.509,35.28],[-75.544,35.24]]],[[[-75.782,35.19],[-75.964,35.119],[-75.984,35.123],[-75.865,35.174],[-75.782,35.19]]],[[[-76.504,34.643],[-76.529,34.632],[-76.437,34.756],[-76.256,34.915],[-76.207,34.939],[-76.358,34.804],[-76.504,34.643]]],[[[-76.546,34.655],[-76.568,34.653],[-76.608,34.664],[-76.662,34.685],[-76.674,34.7],[-76.622,34.695],[-76.546,34.655]]]]}},{"type":"Feature","properties":{"id":"us-nd"},"geometry":{"type":"Polygon","coordinates":[[[-101.367,48.993],[-100.941,48.993],[-100.515,48.993],[-100.088,48.993],[-99.662,48.993],[-99.235,48.993],[-98.809,48.993],[-98.383,48.993],[-97.956,48.993],[-97.53,48.993],[-97.226,48.993],[-97.128,48.681],[-97.129,48.593],[-97.144,48.537],[-97.131,48.437],[-97.137,48.371],[-97.122,48.286],[-97.126,48.173],[-97.079,48.043],[-97.007,47.926],[-97.009,47.892],[-96.988,47.82],[-96.946,47.762],[-96.859,47.588],[-96.863,47.424],[-96.848,47.373],[-96.825,47.019],[-96.818,46.974],[-96.77,46.92],[-96.793,46.839],[-96.796,46.797],[-96.787,46.648],[-96.758,46.59],[-96.731,46.473],[-96.617,46.327],[-96.599,46.272],[-96.592,46.228],[-96.561,46.138],[-96.57,46.019],[-96.556,45.943],[-96.789,45.943],[-97.022,45.943],[-97.255,45.943],[-97.488,45.943],[-97.721,45.943],[-97.954,45.943],[-98.187,45.943],[-98.42,45.943],[-98.653,45.943],[-98.886,45.943],[-99.119,45.943],[-99.352,45.943],[-99.585,45.943],[-99.818,45.943],[-100.051,45.943],[-100.284,45.943],[-100.517,45.943],[-100.75,45.943],[-100.983,45.943],[-101.216,45.943],[-101.449,45.943],[-101.682,45.943],[-101.914,45.943],[-102.147,45.943],[-102.38,45.943],[-102.613,45.943],[-102.846,45.943],[-103.079,45.943],[-103.312,45.943],[-103.545,45.943],[-103.778,45.943],[-104.011,45.943],[-104.012,46.134],[-104.014,46.324],[-104.015,46.515],[-104.017,46.706],[-104.018,46.896],[-104.019,47.087],[-104.021,47.278],[-104.022,47.469],[-104.024,47.659],[-104.025,47.85],[-104.026,48.041],[-104.028,48.231],[-104.029,48.422],[-104.031,48.613],[-104.032,48.803],[-104.034,48.993],[-103.926,48.993],[-103.499,48.993],[-103.073,48.993],[-102.646,48.993],[-102.22,48.993],[-101.794,48.993],[-101.367,48.993]]]}},{"type":"Feature","properties":{"id":"us-ne"},"geometry":{"type":"Polygon","coordinates":[[[-102.024,40.001],[-102.025,40.126],[-102.025,40.251],[-102.025,40.376],[-102.025,40.501],[-102.025,40.626],[-102.025,40.751],[-102.025,40.876],[-102.025,41.001],[-102.275,41.001],[-102.524,41.001],[-102.774,41.001],[-103.023,41.001],[-103.273,41.001],[-103.522,41.001],[-103.772,41.001],[-104.022,41.001],[-104.023,41.251],[-104.023,41.501],[-104.024,41.751],[-104.025,42.001],[-104.026,42.251],[-104.027,42.501],[-104.028,42.751],[-104.029,43.001],[-103.683,43.001],[-103.337,43.001],[-102.991,43.001],[-102.644,43.001],[-102.298,43.001],[-101.952,43.001],[-101.606,43.001],[-101.26,43.001],[-100.914,43.001],[-100.568,43.001],[-100.222,43.001],[-99.875,43.001],[-99.529,43.001],[-99.183,43.001],[-98.837,43.001],[-98.442,43.001],[-98.143,42.852],[-97.965,42.806],[-97.881,42.85],[-97.698,42.875],[-97.417,42.881],[-97.239,42.861],[-97.164,42.813],[-97.02,42.76],[-96.805,42.701],[-96.676,42.638],[-96.633,42.569],[-96.558,42.525],[-96.481,42.511],[-96.451,42.506],[-96.384,42.418],[-96.356,42.26],[-96.295,42.133],[-96.201,42.036],[-96.154,41.965],[-96.154,41.92],[-96.131,41.872],[-96.087,41.821],[-96.069,41.734],[-96.078,41.611],[-96.059,41.546],[-96.011,41.538],[-95.991,41.52],[-95.997,41.494],[-95.982,41.474],[-95.944,41.461],[-95.933,41.425],[-95.95,41.367],[-95.936,41.331],[-95.892,41.316],[-95.884,41.288],[-95.911,41.245],[-95.907,41.212],[-95.871,41.188],[-95.847,41.08],[-95.834,40.889],[-95.838,40.778],[-95.859,40.745],[-95.826,40.676],[-95.765,40.602],[-95.74,40.571],[-95.685,40.466],[-95.662,40.363],[-95.607,40.295],[-95.521,40.265],[-95.464,40.198],[-95.434,40.096],[-95.362,40.01],[-95.347,40.001],[-95.527,40.001],[-95.737,40.001],[-95.946,40.001],[-96.156,40.001],[-96.365,40.001],[-96.575,40.001],[-96.784,40.001],[-96.994,40.001],[-97.204,40.001],[-97.413,40.001],[-97.623,40.001],[-97.832,40.001],[-98.042,40.001],[-98.252,40.001],[-98.461,40.001],[-98.671,40.001],[-98.88,40.001],[-99.09,40.001],[-99.3,40.001],[-99.509,40.001],[-99.719,40.001],[-99.928,40.001],[-100.138,40.001],[-100.348,40.001],[-100.557,40.001],[-100.767,40.001],[-100.976,40.001],[-101.186,40.001],[-101.396,40.001],[-101.605,40.001],[-101.815,40.001],[-102.024,40.001]]]}},{"type":"Feature","properties":{"id":"us-nh"},"geometry":{"type":"Polygon","coordinates":[[[-71.518,45.008],[-71.419,45.2],[-71.327,45.29],[-71.202,45.26],[-71.135,45.263],[-71.085,45.294],[-71.077,45.195],[-71.07,45.084],[-71.062,44.973],[-71.054,44.862],[-71.047,44.751],[-71.039,44.641],[-71.031,44.53],[-71.024,44.419],[-71.016,44.308],[-71.008,44.197],[-71.001,44.086],[-70.993,43.976],[-70.985,43.865],[-70.978,43.754],[-70.97,43.643],[-70.962,43.532],[-70.968,43.458],[-70.956,43.389],[-70.92,43.328],[-70.829,43.239],[-70.813,43.164],[-70.733,43.07],[-70.778,42.941],[-70.806,42.877],[-70.923,42.882],[-70.974,42.872],[-71.076,42.825],[-71.139,42.808],[-71.242,42.73],[-71.33,42.702],[-71.472,42.706],[-71.614,42.709],[-71.756,42.713],[-71.898,42.716],[-72.04,42.72],[-72.183,42.723],[-72.325,42.727],[-72.467,42.73],[-72.484,42.766],[-72.54,42.83],[-72.553,42.856],[-72.55,42.887],[-72.519,42.967],[-72.496,42.992],[-72.474,43.039],[-72.438,43.225],[-72.407,43.332],[-72.385,43.529],[-72.362,43.587],[-72.338,43.622],[-72.297,43.715],[-72.222,43.791],[-72.174,43.884],[-72.115,43.965],[-72.106,44.013],[-72.062,44.116],[-72.031,44.301],[-72.002,44.329],[-71.868,44.355],[-71.826,44.374],[-71.683,44.45],[-71.638,44.482],[-71.609,44.514],[-71.588,44.565],[-71.571,44.579],[-71.568,44.608],[-71.618,44.728],[-71.621,44.772],[-71.51,44.908],[-71.533,44.988],[-71.518,45.008]]]}},{"type":"Feature","properties":{"id":"us-nj"},"geometry":{"type":"MultiPolygon","coordinates":[[[[-75.074,39.983],[-75.024,40.017],[-74.909,40.08],[-74.735,40.155],[-74.976,40.406],[-75.034,40.42],[-75.097,40.543],[-75.171,40.577],[-75.189,40.596],[-75.192,40.69],[-75.186,40.744],[-75.175,40.776],[-75.112,40.802],[-75.076,40.856],[-75.075,40.884],[-75.123,40.972],[-75.123,40.999],[-75.032,41.052],[-74.912,41.155],[-74.841,41.269],[-74.812,41.302],[-74.778,41.325],[-74.699,41.357],[-74.6,41.312],[-74.501,41.266],[-74.402,41.22],[-74.303,41.175],[-74.204,41.129],[-74.105,41.083],[-74.006,41.037],[-73.91,40.992],[-73.927,40.914],[-74.026,40.756],[-74.067,40.72],[-74.116,40.687],[-74.153,40.673],[-74.187,40.648],[-74.227,40.608],[-74.264,40.529],[-74.242,40.456],[-74.05,40.43],[-73.998,40.452],[-73.972,40.4],[-73.958,40.328],[-73.972,40.251],[-74.004,40.171],[-74.028,40.073],[-74.049,39.923],[-74.08,39.788],[-74.084,39.829],[-74.065,39.993],[-74.096,39.976],[-74.118,39.938],[-74.176,39.727],[-74.257,39.614],[-74.331,39.536],[-74.407,39.549],[-74.39,39.487],[-74.411,39.455],[-74.429,39.387],[-74.474,39.343],[-74.517,39.347],[-74.579,39.316],[-74.603,39.293],[-74.605,39.248],[-74.646,39.208],[-74.794,39.002],[-74.923,38.941],[-74.954,38.95],[-74.92,39.047],[-74.897,39.145],[-74.975,39.188],[-75.05,39.211],[-75.136,39.208],[-75.231,39.284],[-75.353,39.34],[-75.524,39.49],[-75.519,39.532],[-75.524,39.602],[-75.472,39.712],[-75.422,39.79],[-75.353,39.83],[-75.154,39.87],[-75.104,39.932],[-75.074,39.983]]],[[[-74.133,39.681],[-74.251,39.529],[-74.253,39.558],[-74.107,39.746],[-74.133,39.681]]]]}},{"type":"Feature","properties":{"id":"us-nm"},"geometry":{"type":"Polygon","coordinates":[[[-109.048,31.328],[-109.047,31.683],[-109.047,32.038],[-109.047,32.392],[-109.047,32.747],[-109.047,33.101],[-109.047,33.456],[-109.047,33.81],[-109.047,34.165],[-109.047,34.519],[-109.047,34.874],[-109.047,35.228],[-109.047,35.583],[-109.047,35.937],[-109.047,36.292],[-109.047,36.646],[-109.047,37.001],[-108.669,37.001],[-108.291,37.001],[-107.913,37.001],[-107.535,37.001],[-107.157,37.001],[-106.779,37.001],[-106.402,37.001],[-106.024,37.001],[-105.646,37.001],[-105.268,37.001],[-104.89,37.001],[-104.512,37.001],[-104.134,37.001],[-103.757,37.001],[-103.379,37.001],[-103.001,37.001],[-103.001,36.876],[-103.001,36.751],[-103,36.626],[-103,36.501],[-103.042,36.501],[-103.044,36.219],[-103.045,35.938],[-103.047,35.657],[-103.048,35.376],[-103.049,35.095],[-103.051,34.814],[-103.052,34.533],[-103.054,34.252],[-103.055,33.971],[-103.057,33.689],[-103.058,33.408],[-103.06,33.127],[-103.061,32.846],[-103.063,32.565],[-103.064,32.284],[-103.066,32.003],[-103.29,32.003],[-103.515,32.003],[-103.74,32.002],[-103.965,32.002],[-104.19,32.002],[-104.414,32.002],[-104.639,32.002],[-104.864,32.002],[-105.089,32.002],[-105.313,32.002],[-105.538,32.002],[-105.763,32.002],[-105.988,32.002],[-106.213,32.001],[-106.437,32.001],[-106.662,32.001],[-106.668,32.001],[-106.566,31.82],[-106.445,31.768],[-106.453,31.77],[-106.673,31.771],[-106.893,31.772],[-107.113,31.774],[-107.333,31.775],[-107.552,31.776],[-107.772,31.777],[-107.992,31.778],[-108.212,31.779],[-108.212,31.667],[-108.213,31.554],[-108.214,31.442],[-108.214,31.329],[-108.568,31.329],[-108.921,31.328],[-109.048,31.328]]]}},{"type":"Feature","properties":{"id":"us-nv"},"geometry":{"type":"Polygon","coordinates":[[[-114.04,37.004],[-114.041,36.612],[-114.043,36.182],[-114.062,36.175],[-114.119,36.077],[-114.183,36.03],[-114.232,36.032],[-114.282,36.06],[-114.332,36.116],[-114.406,36.148],[-114.505,36.156],[-114.593,36.148],[-114.669,36.122],[-114.716,36.085],[-114.741,36.014],[-114.732,35.984],[-114.687,35.917],[-114.684,35.814],[-114.677,35.73],[-114.65,35.684],[-114.645,35.631],[-114.662,35.545],[-114.649,35.476],[-114.591,35.353],[-114.611,34.998],[-114.611,34.991],[-114.882,35.203],[-115.136,35.401],[-115.39,35.599],[-115.644,35.797],[-115.898,35.995],[-116.152,36.194],[-116.406,36.392],[-116.66,36.59],[-116.843,36.728],[-117.026,36.866],[-117.21,37.003],[-117.393,37.141],[-117.576,37.279],[-117.76,37.417],[-117.943,37.555],[-118.126,37.692],[-118.36,37.856],[-118.595,38.019],[-118.829,38.183],[-119.063,38.346],[-119.297,38.51],[-119.532,38.673],[-119.766,38.837],[-120,39],[-120,39.188],[-120,39.375],[-120,39.563],[-120,39.75],[-120,39.938],[-120,40.125],[-120,40.313],[-120,40.5],[-120.001,40.688],[-120.001,40.875],[-120.001,41.063],[-120.001,41.251],[-120.001,41.438],[-120.001,41.626],[-120.001,41.813],[-120.001,42.001],[-119.628,42.001],[-119.255,42.001],[-118.882,42.001],[-118.509,42.001],[-118.136,42.001],[-117.763,42.001],[-117.39,42.001],[-117.017,42.001],[-116.645,42.001],[-116.273,42.001],[-115.901,42.001],[-115.53,42.001],[-115.158,42.001],[-114.786,42.001],[-114.414,42.001],[-114.043,42.001],[-114.043,41.845],[-114.042,41.689],[-114.042,41.533],[-114.042,41.376],[-114.042,41.22],[-114.042,41.064],[-114.042,40.908],[-114.042,40.752],[-114.042,40.596],[-114.042,40.44],[-114.042,40.283],[-114.042,40.127],[-114.042,39.971],[-114.042,39.815],[-114.042,39.659],[-114.041,39.503],[-114.041,39.346],[-114.041,39.19],[-114.041,39.034],[-114.041,38.878],[-114.041,38.722],[-114.041,38.566],[-114.041,38.41],[-114.041,38.253],[-114.041,38.097],[-114.041,37.941],[-114.041,37.785],[-114.041,37.629],[-114.04,37.473],[-114.04,37.316],[-114.04,37.16],[-114.04,37.004]]]}},{"type":"Feature","properties":{"id":"us-ny"},"geometry":{"type":"MultiPolygon","coordinates":[[[[-79.762,42.539],[-79.446,42.651],[-79.174,42.749],[-79.037,42.802],[-78.939,42.864],[-78.915,42.909],[-78.921,42.935],[-78.946,42.961],[-78.981,42.981],[-79.012,42.997],[-79.026,43.017],[-79.029,43.062],[-79.048,43.087],[-79.066,43.106],[-79.059,43.278],[-79.083,43.331],[-79.172,43.467],[-79.002,43.527],[-78.846,43.583],[-78.72,43.625],[-78.458,43.632],[-78.215,43.631],[-77.879,43.63],[-77.597,43.629],[-77.267,43.627],[-77.073,43.627],[-76.82,43.629],[-76.696,43.785],[-76.586,43.924],[-76.465,44.058],[-76.249,44.214],[-76.186,44.242],[-76.151,44.304],[-76.02,44.363],[-75.876,44.417],[-75.819,44.468],[-75.792,44.497],[-75.401,44.772],[-75.179,44.899],[-74.996,44.97],[-74.857,45.004],[-74.762,44.999],[-74.709,45.004],[-74.663,45.004],[-74.43,45.004],[-74.014,45.005],[-73.598,45.005],[-73.352,45.005],[-73.345,44.939],[-73.366,44.86],[-73.349,44.775],[-73.372,44.597],[-73.31,44.46],[-73.325,44.368],[-73.321,44.269],[-73.332,44.245],[-73.381,44.187],[-73.41,44.131],[-73.426,44.075],[-73.425,44.038],[-73.383,43.876],[-73.375,43.804],[-73.376,43.762],[-73.413,43.628],[-73.416,43.59],[-73.405,43.579],[-73.391,43.579],[-73.349,43.62],[-73.33,43.627],[-73.306,43.616],[-73.247,43.553],[-73.25,43.44],[-73.253,43.357],[-73.255,43.265],[-73.259,43.128],[-73.262,43.027],[-73.265,42.935],[-73.267,42.865],[-73.28,42.813],[-73.253,42.752],[-73.285,42.668],[-73.317,42.584],[-73.349,42.5],[-73.38,42.416],[-73.412,42.332],[-73.444,42.248],[-73.476,42.164],[-73.507,42.08],[-73.481,42.056],[-73.489,41.961],[-73.497,41.866],[-73.505,41.771],[-73.513,41.676],[-73.521,41.581],[-73.529,41.486],[-73.537,41.391],[-73.545,41.296],[-73.514,41.257],[-73.484,41.219],[-73.522,41.201],[-73.58,41.173],[-73.642,41.143],[-73.723,41.105],[-73.682,41.055],[-73.63,40.992],[-73.671,40.966],[-73.779,40.878],[-73.851,40.831],[-73.911,40.816],[-73.947,40.777],[-73.987,40.751],[-73.949,40.839],[-73.907,40.912],[-73.872,41.055],[-73.882,41.171],[-73.925,41.218],[-73.97,41.25],[-73.918,41.136],[-73.909,40.996],[-73.91,40.992],[-74.006,41.037],[-74.105,41.083],[-74.204,41.129],[-74.303,41.175],[-74.402,41.22],[-74.501,41.266],[-74.6,41.312],[-74.699,41.357],[-74.72,41.395],[-74.757,41.424],[-74.935,41.474],[-74.981,41.508],[-75.023,41.553],[-75.051,41.608],[-75.066,41.667],[-75.067,41.713],[-75.054,41.765],[-75.095,41.799],[-75.096,41.832],[-75.122,41.853],[-75.239,41.892],[-75.274,41.947],[-75.351,41.998],[-75.489,41.998],[-75.627,41.999],[-75.765,41.999],[-75.903,41.999],[-76.041,41.999],[-76.179,41.999],[-76.316,41.999],[-76.454,41.999],[-76.592,41.999],[-76.73,41.999],[-76.868,41.999],[-77.006,41.999],[-77.144,41.999],[-77.281,42],[-77.419,42],[-77.557,42],[-77.695,42],[-77.833,42],[-77.971,42],[-78.109,42],[-78.246,42],[-78.384,42],[-78.522,42],[-78.66,42],[-78.798,42],[-78.936,42],[-79.074,42.001],[-79.212,42.001],[-79.349,42.001],[-79.487,42.001],[-79.625,42.001],[-79.763,42.001],[-79.763,42.136],[-79.763,42.27],[-79.763,42.405],[-79.762,42.539]]],[[[-72.51,40.986],[-72.581,40.921],[-72.517,40.915],[-72.461,40.934],[-72.409,40.972],[-72.287,41.024],[-72.184,41.047],[-72.151,41.051],[-72.102,41.015],[-72.004,41.044],[-71.903,41.061],[-72.339,40.894],[-72.428,40.875],[-72.556,40.826],[-72.676,40.791],[-72.763,40.778],[-73.194,40.654],[-73.229,40.652],[-73.266,40.664],[-73.621,40.6],[-73.767,40.593],[-73.9,40.571],[-73.801,40.622],[-73.799,40.641],[-73.823,40.656],[-73.875,40.652],[-73.929,40.599],[-74.015,40.581],[-74.032,40.639],[-74.003,40.683],[-73.965,40.725],[-73.879,40.792],[-73.757,40.834],[-73.695,40.87],[-73.652,40.838],[-73.643,40.881],[-73.61,40.906],[-73.574,40.92],[-73.487,40.92],[-73.441,40.927],[-73.407,40.941],[-73.373,40.944],[-73.278,40.924],[-73.186,40.93],[-73.111,40.957],[-73.034,40.966],[-72.829,40.972],[-72.625,40.992],[-72.544,41.027],[-72.373,41.126],[-72.274,41.153],[-72.427,41.039],[-72.51,40.986]]],[[[-74.188,40.523],[-74.236,40.519],[-74.188,40.615],[-74.1,40.658],[-74.069,40.649],[-74.067,40.615],[-74.08,40.586],[-74.139,40.542],[-74.188,40.523]]]]}},{"type":"Feature","properties":{"id":"us-oh"},"geometry":{"type":"Polygon","coordinates":[[[-83.122,41.95],[-83.03,41.833],[-82.866,41.753],[-82.69,41.675],[-82.439,41.675],[-82.213,41.779],[-81.974,41.889],[-81.761,41.987],[-81.507,42.103],[-81.278,42.209],[-81.028,42.247],[-80.683,42.3],[-80.521,42.324],[-80.52,42.22],[-80.52,42.116],[-80.52,42.011],[-80.52,41.906],[-80.52,41.801],[-80.52,41.696],[-80.52,41.591],[-80.52,41.487],[-80.52,41.382],[-80.52,41.277],[-80.52,41.172],[-80.52,41.067],[-80.52,40.962],[-80.52,40.858],[-80.52,40.753],[-80.519,40.647],[-80.638,40.603],[-80.659,40.563],[-80.623,40.512],[-80.604,40.445],[-80.602,40.364],[-80.668,40.185],[-80.804,39.909],[-80.872,39.736],[-80.874,39.664],[-80.963,39.571],[-81.139,39.456],[-81.263,39.387],[-81.333,39.363],[-81.392,39.365],[-81.44,39.393],[-81.493,39.374],[-81.552,39.308],[-81.606,39.274],[-81.657,39.272],[-81.701,39.229],[-81.737,39.147],[-81.771,39.099],[-81.803,39.086],[-81.805,39.044],[-81.778,38.973],[-81.78,38.947],[-81.795,38.946],[-81.809,38.95],[-81.844,38.934],[-81.882,38.894],[-81.897,38.894],[-81.907,38.9],[-81.919,38.952],[-81.95,38.989],[-82.001,39.011],[-82.072,38.963],[-82.163,38.845],[-82.204,38.768],[-82.188,38.715],[-82.18,38.638],[-82.202,38.606],[-82.252,38.594],[-82.291,38.552],[-82.318,38.48],[-82.387,38.434],[-82.498,38.415],[-82.613,38.448],[-82.621,38.451],[-82.758,38.541],[-82.845,38.628],[-82.88,38.71],[-83,38.714],[-83.203,38.639],[-83.357,38.627],[-83.461,38.68],[-83.538,38.7],[-83.616,38.683],[-83.69,38.65],[-83.752,38.669],[-83.828,38.731],[-83.948,38.774],[-84.113,38.798],[-84.227,38.865],[-84.29,38.975],[-84.358,39.05],[-84.43,39.091],[-84.509,39.103],[-84.595,39.086],[-84.661,39.094],[-84.707,39.129],[-84.766,39.125],[-84.822,39.092],[-84.82,39.424],[-84.817,39.749],[-84.813,40.075],[-84.81,40.4],[-84.806,40.725],[-84.803,41.051],[-84.8,41.376],[-84.796,41.701],[-84.463,41.711],[-84.13,41.72],[-83.797,41.73],[-83.464,41.739],[-83.304,41.838],[-83.122,41.95]]]}},{"type":"Feature","properties":{"id":"us-ok"},"geometry":{"type":"Polygon","coordinates":[[[-94.618,36.501],[-94.596,36.362],[-94.574,36.222],[-94.551,36.083],[-94.529,35.944],[-94.506,35.805],[-94.484,35.666],[-94.462,35.526],[-94.439,35.387],[-94.442,35.279],[-94.445,35.17],[-94.448,35.061],[-94.45,34.953],[-94.453,34.844],[-94.456,34.735],[-94.459,34.627],[-94.462,34.518],[-94.464,34.409],[-94.467,34.3],[-94.47,34.192],[-94.473,34.083],[-94.476,33.974],[-94.479,33.866],[-94.481,33.757],[-94.484,33.648],[-94.709,33.699],[-94.766,33.732],[-94.869,33.768],[-94.962,33.843],[-95.146,33.937],[-95.216,33.959],[-95.238,33.956],[-95.276,33.911],[-95.374,33.874],[-95.427,33.873],[-95.523,33.887],[-95.542,33.898],[-95.556,33.926],[-95.594,33.945],[-95.623,33.93],[-95.763,33.891],[-95.784,33.865],[-95.863,33.863],[-95.942,33.883],[-96.139,33.822],[-96.207,33.774],[-96.279,33.758],[-96.315,33.711],[-96.337,33.718],[-96.411,33.775],[-96.487,33.792],[-96.592,33.849],[-96.595,33.899],[-96.606,33.906],[-96.625,33.911],[-96.649,33.906],[-96.694,33.864],[-96.72,33.853],[-96.746,33.854],[-96.848,33.883],[-96.89,33.935],[-96.911,33.95],[-96.934,33.953],[-96.978,33.938],[-97.002,33.882],[-97.022,33.867],[-97.064,33.857],[-97.061,33.829],[-97.099,33.75],[-97.119,33.735],[-97.145,33.738],[-97.172,33.757],[-97.192,33.785],[-97.201,33.808],[-97.186,33.87],[-97.195,33.891],[-97.215,33.897],[-97.265,33.868],[-97.308,33.869],[-97.364,33.84],[-97.398,33.831],[-97.43,33.839],[-97.482,33.886],[-97.571,33.916],[-97.606,33.972],[-97.622,33.988],[-97.641,33.992],[-97.66,33.99],[-97.692,33.972],[-97.795,33.899],[-97.842,33.876],[-97.883,33.871],[-97.922,33.878],[-97.946,33.897],[-97.951,33.971],[-97.974,33.994],[-98.069,34.04],[-98.09,34.084],[-98.099,34.145],[-98.214,34.135],[-98.356,34.142],[-98.42,34.088],[-98.454,34.078],[-98.494,34.089],[-98.608,34.161],[-98.73,34.147],[-98.799,34.155],[-98.969,34.209],[-99.102,34.213],[-99.158,34.223],[-99.187,34.235],[-99.2,34.318],[-99.253,34.388],[-99.27,34.407],[-99.36,34.456],[-99.375,34.458],[-99.385,34.447],[-99.405,34.392],[-99.432,34.389],[-99.536,34.405],[-99.632,34.388],[-99.686,34.416],[-99.867,34.543],[-99.941,34.576],[-99.999,34.587],[-100,34.706],[-100,34.826],[-100,34.946],[-100,35.065],[-100,35.185],[-100.001,35.305],[-100.001,35.424],[-100.001,35.544],[-100.001,35.663],[-100.001,35.783],[-100.001,35.903],[-100.002,36.022],[-100.002,36.142],[-100.002,36.262],[-100.002,36.381],[-100.002,36.501],[-100.19,36.501],[-100.377,36.501],[-100.565,36.501],[-100.752,36.501],[-100.939,36.501],[-101.127,36.501],[-101.314,36.501],[-101.501,36.501],[-101.689,36.501],[-101.876,36.501],[-102.063,36.501],[-102.251,36.501],[-102.438,36.501],[-102.626,36.501],[-102.813,36.501],[-103,36.501],[-103,36.626],[-103.001,36.751],[-103.001,36.876],[-103.001,37.001],[-102.754,37.001],[-102.507,37.001],[-102.26,37.001],[-102.013,37.001],[-101.782,37.001],[-101.551,37.001],[-101.32,37.001],[-101.088,37.001],[-100.857,37.001],[-100.626,37.001],[-100.395,37.001],[-100.164,37.001],[-99.933,37.001],[-99.702,37.001],[-99.471,37.001],[-99.24,37.001],[-99.009,37.001],[-98.778,37.001],[-98.547,37.001],[-98.315,37.001],[-98.084,37.001],[-97.853,37.001],[-97.622,37.001],[-97.391,37.001],[-97.16,37.001],[-96.929,37.001],[-96.698,37.001],[-96.467,37.001],[-96.236,37.001],[-96.005,37.001],[-95.774,37.001],[-95.542,37.001],[-95.311,37.001],[-95.08,37.001],[-94.849,37.001],[-94.618,37.001],[-94.618,36.876],[-94.618,36.751],[-94.618,36.626],[-94.618,36.501]]]}},{"type":"Feature","properties":{"id":"us-or"},"geometry":{"type":"Polygon","coordinates":[[[-120.001,42.001],[-120.264,42.001],[-120.528,42.001],[-120.792,42.001],[-121.055,42.001],[-121.319,42.001],[-121.583,42.001],[-121.846,42.001],[-122.11,42.001],[-122.374,42.001],[-122.637,42.001],[-122.901,42.001],[-123.165,42.001],[-123.428,42.001],[-123.692,42.001],[-123.956,42.001],[-124.228,42.001],[-124.355,42.123],[-124.41,42.304],[-124.421,42.381],[-124.406,42.584],[-124.444,42.67],[-124.54,42.813],[-124.499,42.937],[-124.454,43.012],[-124.347,43.342],[-124.321,43.368],[-124.275,43.367],[-124.197,43.423],[-124.233,43.436],[-124.288,43.41],[-124.239,43.54],[-124.184,43.652],[-124.149,43.692],[-124.131,44.056],[-124.099,44.334],[-124.047,44.426],[-124.065,44.52],[-124.045,44.648],[-124.059,44.778],[-123.949,45.401],[-123.963,45.476],[-123.929,45.577],[-123.961,45.843],[-123.947,46.141],[-123.975,46.178],[-123.989,46.219],[-123.963,46.225],[-123.912,46.182],[-123.674,46.183],[-123.522,46.223],[-123.466,46.209],[-123.402,46.155],[-123.322,46.144],[-123.221,46.154],[-123.121,46.179],[-123.042,46.16],[-122.942,46.115],[-122.843,45.978],[-122.746,45.75],[-122.726,45.674],[-122.65,45.627],[-122.561,45.625],[-122.203,45.591],[-122.15,45.594],[-122.085,45.603],[-121.882,45.689],[-121.663,45.718],[-121.402,45.712],[-121.243,45.687],[-121.184,45.644],[-121.045,45.639],[-120.716,45.69],[-120.351,45.725],[-120.156,45.762],[-119.934,45.838],[-119.429,45.934],[-119.177,45.945],[-119.05,45.981],[-119.02,46],[-119.002,46.001],[-118.737,46.001],[-118.472,46.001],[-118.206,46.001],[-117.941,46.002],[-117.675,46.002],[-117.41,46.002],[-117.144,46.002],[-116.896,46.002],[-116.869,45.958],[-116.765,45.873],[-116.617,45.799],[-116.521,45.722],[-116.477,45.641],[-116.549,45.457],[-116.737,45.169],[-116.84,44.985],[-116.856,44.906],[-116.949,44.77],[-117.119,44.578],[-117.202,44.436],[-117.197,44.344],[-117.14,44.29],[-117.029,44.276],[-116.953,44.245],[-116.912,44.199],[-116.911,44.157],[-116.95,44.119],[-116.961,44.079],[-116.944,44.038],[-116.958,43.964],[-117.02,43.813],[-117.02,43.808],[-117.02,43.563],[-117.019,43.34],[-117.019,43.117],[-117.018,42.893],[-117.018,42.67],[-117.018,42.447],[-117.017,42.224],[-117.017,42.001],[-117.39,42.001],[-117.763,42.001],[-118.136,42.001],[-118.509,42.001],[-118.882,42.001],[-119.255,42.001],[-119.628,42.001],[-120.001,42.001]]]}},{"type":"Feature","properties":{"id":"us-pa"},"geometry":{"type":"Polygon","coordinates":[[[-80.521,42.324],[-80.248,42.366],[-80.036,42.441],[-79.762,42.539],[-79.763,42.405],[-79.763,42.27],[-79.763,42.136],[-79.763,42.001],[-79.625,42.001],[-79.487,42.001],[-79.349,42.001],[-79.212,42.001],[-79.074,42.001],[-78.936,42],[-78.798,42],[-78.66,42],[-78.522,42],[-78.384,42],[-78.246,42],[-78.109,42],[-77.971,42],[-77.833,42],[-77.695,42],[-77.557,42],[-77.419,42],[-77.281,42],[-77.144,41.999],[-77.006,41.999],[-76.868,41.999],[-76.73,41.999],[-76.592,41.999],[-76.454,41.999],[-76.316,41.999],[-76.179,41.999],[-76.041,41.999],[-75.903,41.999],[-75.765,41.999],[-75.627,41.999],[-75.489,41.998],[-75.351,41.998],[-75.274,41.947],[-75.239,41.892],[-75.122,41.853],[-75.096,41.832],[-75.095,41.799],[-75.054,41.765],[-75.067,41.713],[-75.066,41.667],[-75.051,41.608],[-75.023,41.553],[-74.981,41.508],[-74.935,41.474],[-74.757,41.424],[-74.72,41.395],[-74.699,41.357],[-74.778,41.325],[-74.812,41.302],[-74.841,41.269],[-74.912,41.155],[-75.032,41.052],[-75.123,40.999],[-75.123,40.972],[-75.075,40.884],[-75.076,40.856],[-75.112,40.802],[-75.175,40.776],[-75.186,40.744],[-75.192,40.69],[-75.189,40.596],[-75.171,40.577],[-75.097,40.543],[-75.034,40.42],[-74.976,40.406],[-74.735,40.155],[-74.909,40.08],[-75.024,40.017],[-75.074,39.983],[-75.173,39.895],[-75.321,39.865],[-75.401,39.832],[-75.421,39.815],[-75.51,39.843],[-75.635,39.839],[-75.677,39.827],[-75.709,39.803],[-75.785,39.722],[-76.016,39.722],[-76.246,39.722],[-76.477,39.722],[-76.708,39.722],[-76.939,39.723],[-77.169,39.723],[-77.4,39.723],[-77.631,39.723],[-77.862,39.723],[-78.093,39.723],[-78.324,39.723],[-78.554,39.723],[-78.785,39.723],[-79.016,39.723],[-79.247,39.723],[-79.477,39.723],[-79.608,39.723],[-79.738,39.723],[-79.868,39.723],[-79.998,39.723],[-80.129,39.723],[-80.259,39.723],[-80.389,39.723],[-80.519,39.723],[-80.52,39.838],[-80.52,39.954],[-80.52,40.069],[-80.52,40.185],[-80.52,40.301],[-80.52,40.416],[-80.52,40.532],[-80.519,40.647],[-80.52,40.753],[-80.52,40.858],[-80.52,40.962],[-80.52,41.067],[-80.52,41.172],[-80.52,41.277],[-80.52,41.382],[-80.52,41.487],[-80.52,41.591],[-80.52,41.696],[-80.52,41.801],[-80.52,41.906],[-80.52,42.011],[-80.52,42.116],[-80.52,42.22],[-80.521,42.324]]]}},{"type":"Feature","properties":{"id":"us-ri"},"geometry":{"type":"MultiPolygon","coordinates":[[[[-71.842,41.336],[-71.83,41.393],[-71.805,41.417],[-71.799,41.479],[-71.796,41.52],[-71.797,41.589],[-71.797,41.668],[-71.798,41.753],[-71.799,41.829],[-71.8,41.883],[-71.8,41.958],[-71.801,42.012],[-71.726,42.013],[-71.623,42.014],[-71.524,42.015],[-71.463,42.016],[-71.387,42.017],[-71.384,41.972],[-71.379,41.902],[-71.338,41.891],[-71.339,41.835],[-71.341,41.798],[-71.305,41.775],[-71.268,41.751],[-71.234,41.707],[-71.271,41.681],[-71.311,41.72],[-71.331,41.762],[-71.359,41.786],[-71.39,41.795],[-71.364,41.703],[-71.427,41.633],[-71.444,41.454],[-71.523,41.379],[-71.769,41.331],[-71.842,41.336]]],[[[-71.241,41.492],[-71.291,41.465],[-71.346,41.469],[-71.318,41.506],[-71.307,41.56],[-71.28,41.62],[-71.264,41.638],[-71.232,41.654],[-71.241,41.492]]],[[[-71.365,41.485],[-71.393,41.467],[-71.403,41.515],[-71.384,41.571],[-71.364,41.572],[-71.354,41.542],[-71.365,41.485]]]]}},{"type":"Feature","properties":{"id":"us-sc"},"geometry":{"type":"Polygon","coordinates":[[[-80.872,32.03],[-81.075,32.11],[-81.135,32.182],[-81.133,32.275],[-81.172,32.38],[-81.29,32.557],[-81.377,32.607],[-81.434,32.728],[-81.49,32.936],[-81.578,33.069],[-81.699,33.127],[-81.78,33.195],[-81.821,33.274],[-81.864,33.325],[-81.909,33.349],[-81.933,33.39],[-81.936,33.447],[-82.006,33.523],[-82.208,33.664],[-82.257,33.749],[-82.352,33.838],[-82.589,34.018],[-82.589,34.017],[-82.819,34.366],[-82.848,34.437],[-82.897,34.466],[-82.976,34.476],[-83.053,34.511],[-83.166,34.599],[-83.167,34.6],[-83.356,34.708],[-83.317,34.806],[-83.17,34.933],[-83.121,35.001],[-83.115,35.001],[-83.097,35.002],[-82.937,35.044],[-82.778,35.087],[-82.744,35.084],[-82.651,35.128],[-82.464,35.178],[-82.393,35.211],[-82.356,35.202],[-82.197,35.196],[-82.039,35.19],[-81.88,35.184],[-81.722,35.179],[-81.563,35.173],[-81.405,35.167],[-81.246,35.161],[-81.087,35.156],[-81.057,35.146],[-81.047,35.131],[-81.051,35.089],[-81.045,35.066],[-80.934,35.114],[-80.882,35.058],[-80.793,34.963],[-80.789,34.907],[-80.784,34.829],[-80.643,34.825],[-80.501,34.821],[-80.36,34.817],[-80.219,34.813],[-80.078,34.809],[-79.936,34.805],[-79.795,34.801],[-79.654,34.797],[-79.519,34.683],[-79.383,34.569],[-79.248,34.454],[-79.113,34.34],[-78.978,34.226],[-78.843,34.112],[-78.708,33.998],[-78.564,33.877],[-78.578,33.873],[-78.841,33.724],[-78.92,33.659],[-79.138,33.406],[-79.194,33.244],[-79.238,33.312],[-79.227,33.363],[-79.226,33.405],[-79.281,33.315],[-79.229,33.185],[-79.276,33.135],[-79.42,33.043],[-79.499,33.027],[-79.587,33.001],[-79.615,32.909],[-79.735,32.825],[-79.805,32.787],[-79.933,32.81],[-79.894,32.729],[-79.941,32.667],[-80.022,32.62],[-80.123,32.589],[-80.18,32.593],[-80.23,32.577],[-80.268,32.537],[-80.363,32.501],[-80.461,32.521],[-80.572,32.534],[-80.634,32.512],[-80.53,32.475],[-80.474,32.423],[-80.486,32.352],[-80.514,32.324],[-80.579,32.287],[-80.608,32.293],[-80.626,32.326],[-80.647,32.396],[-80.678,32.381],[-80.683,32.349],[-80.709,32.337],[-80.803,32.448],[-80.798,32.363],[-80.765,32.298],[-80.734,32.265],[-80.702,32.246],[-80.694,32.216],[-80.758,32.142],[-80.791,32.126],[-80.849,32.114],[-80.882,32.069],[-80.872,32.03]]]}},{"type":"Feature","properties":{"id":"us-sd"},"geometry":{"type":"Polygon","coordinates":[[[-96.454,43.501],[-96.599,43.498],[-96.581,43.435],[-96.542,43.373],[-96.535,43.338],[-96.543,43.309],[-96.57,43.283],[-96.563,43.243],[-96.555,43.232],[-96.49,43.206],[-96.468,43.17],[-96.461,43.13],[-96.463,43.099],[-96.502,43.043],[-96.513,42.969],[-96.563,42.859],[-96.616,42.791],[-96.627,42.757],[-96.622,42.73],[-96.539,42.659],[-96.534,42.63],[-96.506,42.594],[-96.481,42.511],[-96.558,42.525],[-96.633,42.569],[-96.676,42.638],[-96.805,42.701],[-97.02,42.76],[-97.164,42.813],[-97.239,42.861],[-97.417,42.881],[-97.698,42.875],[-97.881,42.85],[-97.965,42.806],[-98.143,42.852],[-98.442,43.001],[-98.837,43.001],[-99.183,43.001],[-99.529,43.001],[-99.875,43.001],[-100.222,43.001],[-100.568,43.001],[-100.914,43.001],[-101.26,43.001],[-101.606,43.001],[-101.952,43.001],[-102.298,43.001],[-102.644,43.001],[-102.991,43.001],[-103.337,43.001],[-103.683,43.001],[-104.029,43.001],[-104.03,43.251],[-104.031,43.501],[-104.032,43.751],[-104.033,44.001],[-104.034,44.251],[-104.035,44.501],[-104.036,44.751],[-104.037,45.001],[-104.029,45.001],[-104.021,45.001],[-104.013,45.001],[-104.005,45.001],[-104.005,45.004],[-104.005,45.007],[-104.005,45.01],[-104.005,45.013],[-104.006,45.246],[-104.008,45.478],[-104.01,45.711],[-104.011,45.943],[-103.778,45.943],[-103.545,45.943],[-103.312,45.943],[-103.079,45.943],[-102.846,45.943],[-102.613,45.943],[-102.38,45.943],[-102.147,45.943],[-101.914,45.943],[-101.682,45.943],[-101.449,45.943],[-101.216,45.943],[-100.983,45.943],[-100.75,45.943],[-100.517,45.943],[-100.284,45.943],[-100.051,45.943],[-99.818,45.943],[-99.585,45.943],[-99.352,45.943],[-99.119,45.943],[-98.886,45.943],[-98.653,45.943],[-98.42,45.943],[-98.187,45.943],[-97.954,45.943],[-97.721,45.943],[-97.488,45.943],[-97.255,45.943],[-97.022,45.943],[-96.789,45.943],[-96.556,45.943],[-96.591,45.843],[-96.615,45.8],[-96.663,45.756],[-96.814,45.659],[-96.851,45.626],[-96.845,45.596],[-96.815,45.557],[-96.738,45.468],[-96.696,45.432],[-96.53,45.372],[-96.454,45.297],[-96.454,45.073],[-96.454,44.848],[-96.454,44.624],[-96.454,44.399],[-96.454,44.175],[-96.454,43.95],[-96.454,43.726],[-96.454,43.501]]]}},{"type":"Feature","properties":{"id":"us-tn"},"geometry":{"type":"Polygon","coordinates":[[[-85.624,35.001],[-85.784,35.002],[-85.944,35.004],[-86.105,35.005],[-86.265,35.007],[-86.426,35.008],[-86.586,35.01],[-86.747,35.011],[-86.907,35.013],[-87.067,35.014],[-87.228,35.016],[-87.388,35.017],[-87.549,35.019],[-87.709,35.02],[-87.87,35.022],[-88.03,35.023],[-88.19,35.025],[-88.203,35.024],[-88.191,35.012],[-88.173,34.999],[-88.445,34.999],[-88.71,34.999],[-88.976,35],[-89.242,35],[-89.507,35],[-89.773,35.001],[-90.039,35.001],[-90.294,35.001],[-90.294,35.004],[-90.256,35.046],[-90.142,35.114],[-90.093,35.204],[-90.108,35.314],[-90.066,35.414],[-89.967,35.503],[-89.927,35.592],[-89.944,35.679],[-89.895,35.751],[-89.78,35.806],[-89.764,35.828],[-89.768,35.845],[-89.77,35.864],[-89.769,35.872],[-89.764,35.889],[-89.738,35.899],[-89.704,35.907],[-89.689,35.921],[-89.689,35.944],[-89.709,35.983],[-89.705,36.002],[-89.698,36.03],[-89.642,36.105],[-89.634,36.168],[-89.675,36.221],[-89.654,36.248],[-89.628,36.255],[-89.595,36.259],[-89.584,36.272],[-89.584,36.288],[-89.612,36.322],[-89.604,36.352],[-89.555,36.373],[-89.541,36.427],[-89.557,36.501],[-89.487,36.503],[-89.485,36.498],[-89.471,36.489],[-89.452,36.498],[-89.45,36.5],[-89.252,36.5],[-89.079,36.5],[-88.906,36.5],[-88.734,36.5],[-88.561,36.5],[-88.388,36.5],[-88.216,36.5],[-88.059,36.5],[-88.056,36.501],[-88.057,36.59],[-88.096,36.693],[-88.091,36.693],[-87.956,36.682],[-87.869,36.675],[-87.839,36.644],[-87.506,36.649],[-87.173,36.654],[-86.84,36.66],[-86.508,36.665],[-86.16,36.655],[-85.813,36.645],[-85.466,36.636],[-85.119,36.626],[-84.772,36.616],[-84.425,36.606],[-84.078,36.597],[-83.73,36.587],[-83.723,36.589],[-83.715,36.591],[-83.707,36.594],[-83.699,36.596],[-83.691,36.598],[-83.683,36.6],[-83.675,36.603],[-83.668,36.605],[-83.441,36.604],[-82.956,36.602],[-82.612,36.601],[-82.329,36.6],[-82.162,36.599],[-81.953,36.598],[-81.905,36.619],[-81.801,36.615],[-81.659,36.611],[-81.704,36.534],[-81.708,36.482],[-81.733,36.406],[-81.734,36.355],[-81.808,36.353],[-81.851,36.34],[-81.908,36.306],[-82.051,36.123],[-82.101,36.107],[-82.182,36.154],[-82.295,36.134],[-82.368,36.1],[-82.478,36.01],[-82.521,35.981],[-82.553,35.971],[-82.577,35.972],[-82.589,35.987],[-82.598,36.032],[-82.611,36.047],[-82.645,36.047],[-82.7,36.03],[-82.756,36],[-82.813,35.947],[-82.888,35.952],[-82.902,35.939],[-82.92,35.879],[-82.949,35.835],[-82.99,35.8],[-83.12,35.775],[-83.284,35.682],[-83.511,35.584],[-83.723,35.56],[-83.812,35.54],[-83.871,35.515],[-84.004,35.414],[-84.062,35.286],[-84.129,35.261],[-84.232,35.261],[-84.261,35.25],[-84.287,35.201],[-84.325,34.988],[-84.649,34.991],[-84.974,34.994],[-85.299,34.998],[-85.624,35.001]]]}},{"type":"Feature","properties":{"id":"us-tx"},"geometry":{"type":"MultiPolygon","coordinates":[[[[-94.484,33.648],[-94.432,33.6],[-94.39,33.586],[-94.378,33.566],[-94.358,33.561],[-94.333,33.565],[-94.295,33.587],[-94.238,33.581],[-94.192,33.589],[-94.099,33.577],[-94.047,33.554],[-94.046,33.419],[-94.044,33.283],[-94.043,33.148],[-94.041,33.012],[-94.042,32.885],[-94.042,32.759],[-94.042,32.632],[-94.042,32.506],[-94.043,32.379],[-94.043,32.252],[-94.043,32.126],[-94.043,31.999],[-93.905,31.877],[-93.846,31.793],[-93.827,31.75],[-93.821,31.604],[-93.807,31.569],[-93.738,31.514],[-93.736,31.478],[-93.664,31.372],[-93.666,31.323],[-93.597,31.21],[-93.558,31.18],[-93.551,31.104],[-93.531,31.046],[-93.563,31.005],[-93.549,30.948],[-93.569,30.895],[-93.579,30.824],[-93.625,30.714],[-93.665,30.661],[-93.72,30.558],[-93.715,30.473],[-93.747,30.38],[-93.75,30.345],[-93.721,30.283],[-93.711,30.113],[-93.727,30.077],[-93.794,29.977],[-93.841,29.98],[-93.946,29.815],[-93.886,29.723],[-93.89,29.689],[-94.1,29.67],[-94.574,29.485],[-94.76,29.384],[-94.75,29.418],[-94.526,29.548],[-94.605,29.568],[-94.733,29.535],[-94.778,29.548],[-94.724,29.655],[-94.742,29.75],[-94.832,29.753],[-94.89,29.677],[-94.93,29.68],[-94.982,29.713],[-95.023,29.702],[-94.993,29.531],[-94.936,29.46],[-94.888,29.371],[-95.018,29.259],[-95.139,29.168],[-95.152,29.079],[-95.274,28.964],[-95.388,28.898],[-95.656,28.745],[-95.732,28.712],[-95.853,28.64],[-96.02,28.587],[-96.181,28.502],[-96.235,28.489],[-96.132,28.561],[-96.011,28.632],[-96.115,28.622],[-96.275,28.655],[-96.373,28.657],[-96.374,28.631],[-96.449,28.594],[-96.526,28.648],[-96.56,28.684],[-96.576,28.716],[-96.609,28.723],[-96.64,28.709],[-96.525,28.489],[-96.475,28.479],[-96.421,28.457],[-96.489,28.406],[-96.562,28.367],[-96.676,28.341],[-96.774,28.422],[-96.795,28.321],[-96.807,28.22],[-96.84,28.194],[-96.892,28.158],[-96.92,28.185],[-96.933,28.224],[-96.967,28.19],[-97.015,28.163],[-97.096,28.158],[-97.156,28.144],[-97.155,28.103],[-97.141,28.061],[-97.034,28.094],[-97.073,27.986],[-97.171,27.88],[-97.252,27.854],[-97.374,27.87],[-97.404,27.859],[-97.432,27.837],[-97.289,27.671],[-97.38,27.419],[-97.439,27.328],[-97.48,27.317],[-97.524,27.314],[-97.682,27.395],[-97.768,27.457],[-97.692,27.287],[-97.485,27.237],[-97.475,27.173],[-97.476,27.118],[-97.517,27.053],[-97.555,26.967],[-97.526,26.908],[-97.494,26.76],[-97.466,26.692],[-97.435,26.486],[-97.402,26.397],[-97.214,26.068],[-97.15,26.065],[-97.14,26.03],[-97.146,25.961],[-97.282,25.942],[-97.339,25.911],[-97.35,25.885],[-97.358,25.871],[-97.376,25.872],[-97.44,25.891],[-97.587,25.984],[-97.801,26.042],[-98.083,26.064],[-98.275,26.111],[-98.378,26.182],[-98.486,26.225],[-98.598,26.238],[-98.691,26.276],[-98.765,26.34],[-98.873,26.381],[-99.015,26.399],[-99.108,26.447],[-99.172,26.564],[-99.172,26.566],[-99.23,26.762],[-99.302,26.885],[-99.444,27.037],[-99.457,27.057],[-99.458,27.082],[-99.44,27.17],[-99.455,27.234],[-99.5,27.286],[-99.51,27.34],[-99.486,27.398],[-99.484,27.467],[-99.505,27.548],[-99.595,27.636],[-99.754,27.73],[-99.89,27.867],[-100.001,28.048],[-100.112,28.173],[-100.221,28.243],[-100.296,28.328],[-100.336,28.428],[-100.348,28.486],[-100.332,28.503],[-100.399,28.614],[-100.55,28.821],[-100.636,28.973],[-100.659,29.069],[-100.755,29.183],[-100.924,29.315],[-101.016,29.401],[-101.039,29.46],[-101.304,29.634],[-101.38,29.743],[-101.44,29.777],[-101.509,29.773],[-101.545,29.784],[-101.546,29.808],[-101.569,29.809],[-101.612,29.787],[-101.752,29.782],[-101.991,29.796],[-102.163,29.825],[-102.269,29.871],[-102.343,29.865],[-102.386,29.807],[-102.476,29.769],[-102.615,29.752],[-102.734,29.644],[-102.834,29.444],[-102.878,29.315],[-102.866,29.258],[-102.892,29.216],[-102.957,29.19],[-103.023,29.132],[-103.09,29.042],[-103.168,28.998],[-103.258,29.001],[-103.423,29.071],[-103.664,29.207],[-103.853,29.291],[-103.99,29.323],[-104.111,29.386],[-104.216,29.48],[-104.312,29.542],[-104.401,29.574],[-104.504,29.678],[-104.622,29.854],[-104.681,29.991],[-104.681,30.134],[-104.836,30.448],[-104.918,30.583],[-104.979,30.646],[-105.098,30.721],[-105.276,30.807],[-105.514,30.981],[-105.813,31.241],[-106.024,31.398],[-106.148,31.451],[-106.256,31.545],[-106.347,31.679],[-106.436,31.764],[-106.445,31.768],[-106.566,31.82],[-106.668,32.001],[-106.662,32.001],[-106.437,32.001],[-106.213,32.001],[-105.988,32.002],[-105.763,32.002],[-105.538,32.002],[-105.313,32.002],[-105.089,32.002],[-104.864,32.002],[-104.639,32.002],[-104.414,32.002],[-104.19,32.002],[-103.965,32.002],[-103.74,32.002],[-103.515,32.003],[-103.29,32.003],[-103.066,32.003],[-103.064,32.284],[-103.063,32.565],[-103.061,32.846],[-103.06,33.127],[-103.058,33.408],[-103.057,33.689],[-103.055,33.971],[-103.054,34.252],[-103.052,34.533],[-103.051,34.814],[-103.049,35.095],[-103.048,35.376],[-103.047,35.657],[-103.045,35.938],[-103.044,36.219],[-103.042,36.501],[-103,36.501],[-102.813,36.501],[-102.626,36.501],[-102.438,36.501],[-102.251,36.501],[-102.063,36.501],[-101.876,36.501],[-101.689,36.501],[-101.501,36.501],[-101.314,36.501],[-101.127,36.501],[-100.939,36.501],[-100.752,36.501],[-100.565,36.501],[-100.377,36.501],[-100.19,36.501],[-100.002,36.501],[-100.002,36.381],[-100.002,36.262],[-100.002,36.142],[-100.002,36.022],[-100.001,35.903],[-100.001,35.783],[-100.001,35.663],[-100.001,35.544],[-100.001,35.424],[-100.001,35.305],[-100,35.185],[-100,35.065],[-100,34.946],[-100,34.826],[-100,34.706],[-99.999,34.587],[-99.941,34.576],[-99.867,34.543],[-99.686,34.416],[-99.632,34.388],[-99.536,34.405],[-99.432,34.389],[-99.405,34.392],[-99.385,34.447],[-99.375,34.458],[-99.36,34.456],[-99.27,34.407],[-99.253,34.388],[-99.2,34.318],[-99.187,34.235],[-99.158,34.223],[-99.102,34.213],[-98.969,34.209],[-98.799,34.155],[-98.73,34.147],[-98.608,34.161],[-98.494,34.089],[-98.454,34.078],[-98.42,34.088],[-98.356,34.142],[-98.214,34.135],[-98.099,34.145],[-98.09,34.084],[-98.069,34.04],[-97.974,33.994],[-97.951,33.971],[-97.946,33.897],[-97.922,33.878],[-97.883,33.871],[-97.842,33.876],[-97.795,33.899],[-97.692,33.972],[-97.66,33.99],[-97.641,33.992],[-97.622,33.988],[-97.606,33.972],[-97.571,33.916],[-97.482,33.886],[-97.43,33.839],[-97.398,33.831],[-97.364,33.84],[-97.308,33.869],[-97.265,33.868],[-97.215,33.897],[-97.195,33.891],[-97.186,33.87],[-97.201,33.808],[-97.192,33.785],[-97.172,33.757],[-97.145,33.738],[-97.119,33.735],[-97.099,33.75],[-97.061,33.829],[-97.064,33.857],[-97.022,33.867],[-97.002,33.882],[-96.978,33.938],[-96.934,33.953],[-96.911,33.95],[-96.89,33.935],[-96.848,33.883],[-96.746,33.854],[-96.72,33.853],[-96.694,33.864],[-96.649,33.906],[-96.625,33.911],[-96.606,33.906],[-96.595,33.899],[-96.592,33.849],[-96.487,33.792],[-96.411,33.775],[-96.337,33.718],[-96.315,33.711],[-96.279,33.758],[-96.207,33.774],[-96.139,33.822],[-95.942,33.883],[-95.863,33.863],[-95.784,33.865],[-95.763,33.891],[-95.623,33.93],[-95.594,33.945],[-95.556,33.926],[-95.542,33.898],[-95.523,33.887],[-95.427,33.873],[-95.374,33.874],[-95.276,33.911],[-95.238,33.956],[-95.216,33.959],[-95.146,33.937],[-94.962,33.843],[-94.869,33.768],[-94.766,33.732],[-94.709,33.699],[-94.484,33.648]]],[[[-95.04,29.146],[-95.09,29.136],[-94.872,29.29],[-94.826,29.341],[-94.768,29.339],[-94.865,29.253],[-95.04,29.146]]],[[[-96.764,28.153],[-96.801,28.148],[-96.756,28.202],[-96.682,28.23],[-96.519,28.333],[-96.453,28.341],[-96.419,28.376],[-96.404,28.382],[-96.413,28.338],[-96.544,28.276],[-96.764,28.153]]],[[[-97.014,27.902],[-97.036,27.899],[-96.988,27.981],[-96.979,28.014],[-96.899,28.117],[-96.857,28.133],[-96.84,28.089],[-96.921,28.016],[-97.014,27.902]]],[[[-97.354,27.3],[-97.385,27.243],[-97.376,27.328],[-97.295,27.523],[-97.13,27.779],[-97.061,27.822],[-97.251,27.541],[-97.354,27.3]]],[[[-97.171,26.159],[-97.185,26.113],[-97.267,26.33],[-97.402,26.821],[-97.407,27.1],[-97.386,27.197],[-97.351,26.801],[-97.202,26.3],[-97.171,26.159]]]]}},{"type":"Feature","properties":{"id":"us-ut"},"geometry":{"type":"Polygon","coordinates":[[[-109.047,37.001],[-109.359,37.001],[-109.671,37.001],[-109.983,37.001],[-110.295,37.002],[-110.607,37.002],[-110.919,37.002],[-111.231,37.002],[-111.543,37.002],[-111.856,37.003],[-112.168,37.003],[-112.48,37.003],[-112.792,37.003],[-113.104,37.004],[-113.416,37.004],[-113.728,37.004],[-114.04,37.004],[-114.04,37.16],[-114.04,37.316],[-114.04,37.473],[-114.041,37.629],[-114.041,37.785],[-114.041,37.941],[-114.041,38.097],[-114.041,38.253],[-114.041,38.41],[-114.041,38.566],[-114.041,38.722],[-114.041,38.878],[-114.041,39.034],[-114.041,39.19],[-114.041,39.346],[-114.041,39.503],[-114.042,39.659],[-114.042,39.815],[-114.042,39.971],[-114.042,40.127],[-114.042,40.283],[-114.042,40.44],[-114.042,40.596],[-114.042,40.752],[-114.042,40.908],[-114.042,41.064],[-114.042,41.22],[-114.042,41.376],[-114.042,41.533],[-114.042,41.689],[-114.043,41.845],[-114.043,42.001],[-113.856,42.001],[-113.669,42.001],[-113.482,42.001],[-113.295,42.001],[-113.107,42.001],[-112.92,42.001],[-112.733,42.001],[-112.546,42.001],[-112.359,42.001],[-112.172,42.001],[-111.985,42.001],[-111.798,42.001],[-111.611,42.001],[-111.424,42.001],[-111.237,42.001],[-111.05,42.001],[-111.05,41.876],[-111.05,41.751],[-111.05,41.626],[-111.05,41.501],[-111.05,41.376],[-111.05,41.251],[-111.05,41.126],[-111.05,41.001],[-110.8,41.001],[-110.549,41.001],[-110.299,41.001],[-110.048,41.001],[-109.798,41.001],[-109.547,41.001],[-109.297,41.001],[-109.046,41.001],[-109.046,40.751],[-109.046,40.501],[-109.046,40.251],[-109.046,40.001],[-109.046,39.751],[-109.046,39.501],[-109.047,39.251],[-109.047,39.001],[-109.047,38.751],[-109.047,38.501],[-109.047,38.251],[-109.047,38.001],[-109.047,37.751],[-109.047,37.501],[-109.047,37.251],[-109.047,37.001]]]}},{"type":"Feature","properties":{"id":"us-va"},"geometry":{"type":"MultiPolygon","coordinates":[[[[-77.122,38.944],[-77.102,38.936],[-77.053,38.915],[-77.03,38.889],[-77.046,38.776],[-77.092,38.72],[-77.165,38.677],[-77.26,38.6],[-77.284,38.529],[-77.314,38.397],[-77.273,38.352],[-77.232,38.34],[-77.11,38.37],[-77.047,38.357],[-76.906,38.197],[-76.645,38.134],[-76.55,38.095],[-76.472,38.011],[-76.355,37.963],[-76.264,37.894],[-76.262,37.848],[-76.293,37.794],[-76.306,37.722],[-76.344,37.676],[-76.437,37.67],[-76.492,37.682],[-76.793,37.938],[-76.829,37.962],[-76.94,38.095],[-77.071,38.167],[-77.111,38.166],[-76.925,38.033],[-76.849,37.94],[-76.715,37.81],[-76.62,37.755],[-76.549,37.669],[-76.484,37.629],[-76.306,37.572],[-76.368,37.53],[-76.269,37.495],[-76.254,37.431],[-76.263,37.357],[-76.401,37.386],[-76.405,37.332],[-76.393,37.3],[-76.454,37.274],[-76.538,37.309],[-76.758,37.505],[-76.756,37.479],[-76.738,37.449],[-76.611,37.323],[-76.497,37.247],[-76.401,37.213],[-76.327,37.149],[-76.301,37.111],[-76.283,37.053],[-76.338,37.013],[-76.401,36.991],[-76.462,37.031],[-76.507,37.072],[-76.602,37.143],[-76.631,37.222],[-76.704,37.218],[-77.007,37.318],[-77.251,37.329],[-77.227,37.309],[-77.196,37.296],[-77.002,37.271],[-76.925,37.225],[-76.765,37.184],[-76.672,37.173],[-76.634,37.047],[-76.505,36.961],[-76.488,36.897],[-76.4,36.89],[-76.244,36.953],[-76.144,36.931],[-75.999,36.913],[-75.966,36.862],[-75.942,36.766],[-75.89,36.657],[-75.857,36.551],[-75.889,36.551],[-75.966,36.551],[-76.215,36.553],[-76.577,36.556],[-76.938,36.559],[-77.3,36.561],[-77.662,36.564],[-78.024,36.567],[-78.386,36.57],[-78.747,36.573],[-79.109,36.575],[-79.471,36.578],[-79.833,36.581],[-80.194,36.584],[-80.556,36.587],[-80.918,36.589],[-81.28,36.592],[-81.642,36.595],[-81.659,36.611],[-81.801,36.615],[-81.905,36.619],[-81.953,36.598],[-82.162,36.599],[-82.329,36.6],[-82.612,36.601],[-82.956,36.602],[-83.441,36.604],[-83.668,36.605],[-83.566,36.653],[-83.417,36.681],[-83.15,36.762],[-83.044,36.846],[-82.895,36.906],[-82.832,36.979],[-82.732,37.048],[-82.695,37.126],[-82.682,37.138],[-82.517,37.209],[-82.343,37.297],[-81.965,37.54],[-81.958,37.508],[-81.971,37.473],[-81.939,37.433],[-81.913,37.369],[-81.876,37.33],[-81.829,37.299],[-81.752,37.271],[-81.661,37.222],[-81.589,37.208],[-81.565,37.21],[-81.486,37.257],[-81.419,37.282],[-81.35,37.334],[-81.227,37.263],[-81.178,37.263],[-81.057,37.294],[-80.944,37.302],[-80.915,37.311],[-80.873,37.341],[-80.872,37.399],[-80.862,37.415],[-80.843,37.422],[-80.821,37.423],[-80.77,37.402],[-80.72,37.401],[-80.507,37.469],[-80.491,37.464],[-80.465,37.433],[-80.371,37.473],[-80.316,37.51],[-80.292,37.566],[-80.246,37.621],[-80.255,37.645],[-80.285,37.677],[-80.246,37.751],[-80.188,37.824],[-79.972,38.046],[-79.903,38.181],[-79.813,38.267],[-79.783,38.336],[-79.715,38.404],[-79.669,38.544],[-79.64,38.572],[-79.598,38.577],[-79.555,38.559],[-79.525,38.533],[-79.505,38.491],[-79.396,38.454],[-79.304,38.45],[-79.24,38.477],[-79.203,38.526],[-79.153,38.618],[-79.104,38.673],[-79.073,38.742],[-79.041,38.79],[-78.992,38.82],[-78.869,38.818],[-78.805,38.86],[-78.757,38.908],[-78.727,38.924],[-78.693,38.922],[-78.581,38.999],[-78.435,39.161],[-78.404,39.263],[-78.366,39.336],[-78.351,39.411],[-78.322,39.452],[-78.193,39.37],[-78.118,39.323],[-77.949,39.216],[-77.836,39.145],[-77.792,39.227],[-77.727,39.346],[-77.669,39.31],[-77.534,39.266],[-77.479,39.221],[-77.503,39.175],[-77.506,39.143],[-77.481,39.113],[-77.301,39.053],[-77.19,38.969],[-77.122,38.944]]],[[[-75.659,37.954],[-75.62,37.999],[-75.469,38.015],[-75.376,38.025],[-75.596,37.631],[-75.587,37.559],[-75.632,37.535],[-75.699,37.516],[-75.767,37.473],[-75.812,37.425],[-75.854,37.297],[-75.934,37.152],[-75.985,37.212],[-75.997,37.264],[-75.975,37.398],[-75.888,37.619],[-75.792,37.756],[-75.719,37.821],[-75.659,37.954]]],[[[-75.252,38.037],[-75.226,38.04],[-75.333,37.888],[-75.379,37.872],[-75.252,38.037]]]]}},{"type":"Feature","properties":{"id":"us-vt"},"geometry":{"type":"Polygon","coordinates":[[[-73.352,45.005],[-73.182,45.006],[-72.766,45.006],[-72.35,45.007],[-71.934,45.007],[-71.518,45.008],[-71.533,44.988],[-71.51,44.908],[-71.621,44.772],[-71.618,44.728],[-71.568,44.608],[-71.571,44.579],[-71.588,44.565],[-71.609,44.514],[-71.638,44.482],[-71.683,44.45],[-71.826,44.374],[-71.868,44.355],[-72.002,44.329],[-72.031,44.301],[-72.062,44.116],[-72.106,44.013],[-72.115,43.965],[-72.174,43.884],[-72.222,43.791],[-72.297,43.715],[-72.338,43.622],[-72.362,43.587],[-72.385,43.529],[-72.407,43.332],[-72.438,43.225],[-72.474,43.039],[-72.496,42.992],[-72.519,42.967],[-72.55,42.887],[-72.553,42.856],[-72.54,42.83],[-72.484,42.766],[-72.467,42.73],[-72.565,42.733],[-72.663,42.736],[-72.762,42.739],[-72.86,42.741],[-72.958,42.744],[-73.057,42.747],[-73.155,42.749],[-73.253,42.752],[-73.28,42.813],[-73.267,42.865],[-73.265,42.935],[-73.262,43.027],[-73.259,43.128],[-73.255,43.265],[-73.253,43.357],[-73.25,43.44],[-73.247,43.553],[-73.306,43.616],[-73.33,43.627],[-73.349,43.62],[-73.391,43.579],[-73.405,43.579],[-73.416,43.59],[-73.413,43.628],[-73.376,43.762],[-73.375,43.804],[-73.383,43.876],[-73.425,44.038],[-73.426,44.075],[-73.41,44.131],[-73.381,44.187],[-73.332,44.245],[-73.321,44.269],[-73.325,44.368],[-73.31,44.46],[-73.372,44.597],[-73.349,44.775],[-73.366,44.86],[-73.345,44.939],[-73.352,45.005]]]}},{"type":"Feature","properties":{"id":"us-wa"},"geometry":{"type":"MultiPolygon","coordinates":[[[[-122.789,48.993],[-122.686,48.993],[-122.26,48.993],[-121.834,48.993],[-121.407,48.993],[-120.981,48.993],[-120.554,48.993],[-120.128,48.993],[-119.702,48.993],[-119.275,48.993],[-118.849,48.993],[-118.423,48.993],[-117.996,48.993],[-117.57,48.993],[-117.143,48.993],[-117.039,48.993],[-117.037,48.834],[-117.037,48.673],[-117.036,48.513],[-117.035,48.353],[-117.034,48.192],[-117.033,48.032],[-117.032,47.872],[-117.032,47.712],[-117.031,47.551],[-117.03,47.391],[-117.029,47.231],[-117.028,47.07],[-117.028,46.91],[-117.027,46.75],[-117.026,46.589],[-117.025,46.429],[-117.032,46.42],[-117.039,46.397],[-117.01,46.33],[-116.943,46.232],[-116.922,46.164],[-116.948,46.124],[-116.93,46.056],[-116.896,46.002],[-117.144,46.002],[-117.41,46.002],[-117.675,46.002],[-117.941,46.002],[-118.206,46.001],[-118.472,46.001],[-118.737,46.001],[-119.002,46.001],[-119.02,46],[-119.05,45.981],[-119.177,45.945],[-119.429,45.934],[-119.934,45.838],[-120.156,45.762],[-120.351,45.725],[-120.716,45.69],[-121.045,45.639],[-121.184,45.644],[-121.243,45.687],[-121.402,45.712],[-121.663,45.718],[-121.882,45.689],[-122.085,45.603],[-122.15,45.594],[-122.203,45.591],[-122.561,45.625],[-122.65,45.627],[-122.726,45.674],[-122.746,45.75],[-122.843,45.978],[-122.942,46.115],[-123.042,46.16],[-123.121,46.179],[-123.221,46.154],[-123.251,46.167],[-123.299,46.171],[-123.405,46.221],[-123.465,46.271],[-123.65,46.268],[-123.688,46.3],[-123.896,46.268],[-123.96,46.301],[-124.073,46.279],[-124.045,46.373],[-124.05,46.491],[-124.044,46.605],[-124.016,46.521],[-123.946,46.433],[-123.912,46.533],[-123.889,46.66],[-123.958,46.709],[-124.072,46.745],[-124.113,46.863],[-123.843,46.963],[-123.986,46.984],[-124.042,47.03],[-124.112,47.035],[-124.117,47],[-124.139,46.955],[-124.164,47.015],[-124.171,47.087],[-124.199,47.209],[-124.309,47.405],[-124.376,47.659],[-124.46,47.784],[-124.621,47.904],[-124.663,47.974],[-124.702,48.152],[-124.68,48.286],[-124.71,48.38],[-124.633,48.375],[-124.429,48.301],[-124.176,48.242],[-124.099,48.2],[-123.976,48.168],[-123.294,48.12],[-123.25,48.124],[-123.162,48.155],[-123.124,48.151],[-123.024,48.082],[-122.974,48.073],[-122.909,48.077],[-122.861,48.09],[-122.779,48.138],[-122.768,48.12],[-122.769,48.076],[-122.74,48.013],[-122.679,47.932],[-122.657,47.881],[-122.778,47.738],[-122.802,47.735],[-122.805,47.784],[-122.821,47.793],[-123.051,47.552],[-123.131,47.438],[-123.139,47.386],[-123.136,47.356],[-123.104,47.348],[-123.031,47.36],[-122.922,47.408],[-122.917,47.418],[-123.018,47.401],[-123.067,47.4],[-123.06,47.454],[-123.049,47.479],[-122.982,47.559],[-122.913,47.607],[-122.814,47.659],[-122.757,47.701],[-122.718,47.762],[-122.608,47.835],[-122.588,47.856],[-122.593,47.916],[-122.586,47.928],[-122.533,47.92],[-122.511,47.816],[-122.524,47.769],[-122.618,47.713],[-122.63,47.693],[-122.614,47.616],[-122.628,47.608],[-122.664,47.617],[-122.675,47.612],[-122.586,47.528],[-122.557,47.463],[-122.554,47.405],[-122.578,47.293],[-122.604,47.275],[-122.649,47.281],[-122.708,47.316],[-122.721,47.305],[-122.768,47.218],[-122.783,47.226],[-122.813,47.329],[-122.828,47.337],[-122.92,47.29],[-122.956,47.245],[-122.988,47.173],[-123.028,47.139],[-122.914,47.131],[-122.812,47.146],[-122.73,47.112],[-122.702,47.111],[-122.627,47.144],[-122.604,47.167],[-122.542,47.276],[-122.511,47.295],[-122.465,47.296],[-122.42,47.312],[-122.354,47.372],[-122.351,47.395],[-122.375,47.528],[-122.368,47.604],[-122.381,47.628],[-122.411,47.653],[-122.407,47.677],[-122.384,47.716],[-122.382,47.752],[-122.402,47.784],[-122.393,47.821],[-122.33,47.899],[-122.318,47.933],[-122.242,48.011],[-122.261,48.042],[-122.317,48.08],[-122.353,48.114],[-122.389,48.166],[-122.416,48.184],[-122.425,48.176],[-122.387,48.09],[-122.395,48.084],[-122.494,48.13],[-122.517,48.16],[-122.529,48.199],[-122.52,48.229],[-122.467,48.259],[-122.403,48.269],[-122.409,48.294],[-122.488,48.374],[-122.542,48.411],[-122.583,48.429],[-122.638,48.433],[-122.662,48.446],[-122.669,48.465],[-122.657,48.49],[-122.628,48.498],[-122.543,48.488],[-122.497,48.506],[-122.501,48.538],[-122.515,48.555],[-122.513,48.669],[-122.545,48.762],[-122.562,48.778],[-122.58,48.78],[-122.599,48.767],[-122.653,48.764],[-122.686,48.794],[-122.722,48.853],[-122.789,48.993]]],[[[-123.086,48.993],[-123.049,48.993],[-123.063,48.978],[-123.077,48.98],[-123.086,48.993]]],[[[-122.782,48.673],[-122.769,48.651],[-122.809,48.63],[-122.838,48.627],[-122.883,48.661],[-122.903,48.665],[-122.887,48.612],[-122.893,48.594],[-122.986,48.627],[-123.003,48.652],[-122.977,48.679],[-122.918,48.707],[-122.898,48.71],[-122.782,48.673]]],[[[-123.013,48.501],[-122.987,48.468],[-123.094,48.489],[-123.14,48.508],[-123.153,48.526],[-123.17,48.587],[-123.162,48.606],[-123.114,48.613],[-123.024,48.538],[-123.013,48.501]]],[[[-122.821,48.431],[-122.837,48.422],[-122.89,48.435],[-122.922,48.457],[-122.932,48.485],[-122.912,48.538],[-122.886,48.552],[-122.869,48.549],[-122.862,48.502],[-122.815,48.452],[-122.821,48.431]]],[[[-122.573,48.157],[-122.524,48.025],[-122.503,48.08],[-122.367,47.985],[-122.367,47.939],[-122.383,47.923],[-122.411,47.918],[-122.438,47.931],[-122.462,47.964],[-122.492,47.981],[-122.558,47.992],[-122.591,48.03],[-122.603,48.055],[-122.606,48.129],[-122.623,48.151],[-122.657,48.156],[-122.69,48.174],[-122.742,48.225],[-122.749,48.239],[-122.725,48.281],[-122.669,48.351],[-122.629,48.384],[-122.604,48.381],[-122.572,48.36],[-122.536,48.321],[-122.542,48.294],[-122.692,48.241],[-122.697,48.229],[-122.624,48.214],[-122.598,48.2],[-122.573,48.157]]],[[[-122.497,47.595],[-122.503,47.575],[-122.558,47.598],[-122.576,47.619],[-122.574,47.667],[-122.56,47.698],[-122.55,47.704],[-122.517,47.691],[-122.508,47.683],[-122.497,47.595]]],[[[-122.394,47.395],[-122.399,47.373],[-122.437,47.355],[-122.457,47.359],[-122.458,47.386],[-122.469,47.39],[-122.51,47.358],[-122.507,47.422],[-122.486,47.489],[-122.469,47.49],[-122.442,47.446],[-122.394,47.395]]],[[[-122.853,47.205],[-122.863,47.185],[-122.877,47.186],[-122.908,47.226],[-122.912,47.254],[-122.885,47.275],[-122.849,47.216],[-122.853,47.205]]]]}},{"type":"Feature","properties":{"id":"us-wi"},"geometry":{"type":"Polygon","coordinates":[[[-90.651,42.513],[-90.657,42.521],[-90.688,42.61],[-90.789,42.677],[-90.96,42.72],[-91.07,42.789],[-91.118,42.882],[-91.148,42.986],[-91.161,43.102],[-91.148,43.2],[-91.107,43.278],[-91.117,43.331],[-91.178,43.359],[-91.219,43.395],[-91.238,43.44],[-91.245,43.502],[-91.278,43.797],[-91.32,43.936],[-91.383,43.991],[-91.515,44.054],[-91.716,44.126],[-91.841,44.194],[-91.912,44.289],[-92.055,44.4],[-92.149,44.445],[-92.24,44.462],[-92.313,44.498],[-92.367,44.552],[-92.442,44.587],[-92.537,44.601],[-92.644,44.645],[-92.77,44.726],[-92.773,44.732],[-92.799,44.79],[-92.785,44.823],[-92.763,44.934],[-92.765,44.969],[-92.793,45.071],[-92.759,45.111],[-92.766,45.236],[-92.754,45.278],[-92.686,45.381],[-92.683,45.433],[-92.707,45.494],[-92.757,45.543],[-92.892,45.595],[-92.897,45.659],[-92.875,45.706],[-92.786,45.796],[-92.738,45.875],[-92.694,45.909],[-92.425,46.028],[-92.367,46.036],[-92.325,46.07],[-92.293,46.084],[-92.292,46.228],[-92.292,46.373],[-92.292,46.517],[-92.292,46.661],[-92.224,46.671],[-92.195,46.707],[-92.125,46.763],[-92.093,46.762],[-91.965,46.73],[-91.841,46.779],[-91.717,46.827],[-91.593,46.876],[-91.468,46.925],[-91.265,47.021],[-91.061,47.117],[-90.858,47.213],[-90.654,47.309],[-90.48,47.304],[-90.306,47.298],[-90.132,47.293],[-89.958,47.287],[-90.015,47.199],[-90.071,47.112],[-90.128,47.024],[-90.185,46.936],[-90.242,46.848],[-90.299,46.761],[-90.356,46.673],[-90.413,46.585],[-90.392,46.549],[-90.341,46.558],[-90.318,46.537],[-90.288,46.527],[-90.23,46.51],[-90.202,46.468],[-90.174,46.426],[-90.147,46.384],[-90.119,46.342],[-89.994,46.318],[-89.869,46.294],[-89.744,46.269],[-89.619,46.245],[-89.494,46.221],[-89.369,46.197],[-89.244,46.173],[-89.119,46.149],[-89.049,46.121],[-88.978,46.093],[-88.908,46.065],[-88.837,46.037],[-88.727,46.031],[-88.63,46.014],[-88.493,46.014],[-88.355,45.992],[-88.152,45.945],[-88.104,45.905],[-88.096,45.878],[-88.116,45.816],[-87.923,45.76],[-87.84,45.718],[-87.809,45.686],[-87.814,45.657],[-87.795,45.596],[-87.815,45.563],[-87.815,45.506],[-87.859,45.445],[-87.874,45.413],[-87.875,45.385],[-87.865,45.368],[-87.842,45.361],[-87.769,45.364],[-87.696,45.383],[-87.664,45.371],[-87.658,45.362],[-87.663,45.345],[-87.721,45.243],[-87.719,45.201],[-87.694,45.161],[-87.654,45.122],[-87.46,45.068],[-87.42,45.184],[-87.244,45.29],[-87.115,45.452],[-86.942,45.452],[-86.774,45.452],[-86.482,45.323],[-86.265,45.227],[-86.401,45.133],[-86.536,45.041],[-86.715,44.846],[-86.822,44.591],[-86.919,44.362],[-87.032,44.091],[-87.083,43.89],[-87.142,43.658],[-87.145,43.571],[-87.155,43.327],[-87.114,43.031],[-87.079,42.782],[-87.039,42.493],[-87.489,42.495],[-87.94,42.498],[-88.39,42.5],[-88.84,42.503],[-89.291,42.505],[-89.741,42.508],[-90.191,42.51],[-90.651,42.513]]]}},{"type":"Feature","properties":{"id":"us-wv"},"geometry":{"type":"Polygon","coordinates":[[[-81.965,37.54],[-82.103,37.571],[-82.28,37.687],[-82.394,37.828],[-82.43,37.894],[-82.472,37.938],[-82.482,37.984],[-82.589,38.1],[-82.618,38.15],[-82.62,38.182],[-82.585,38.243],[-82.578,38.272],[-82.589,38.42],[-82.613,38.448],[-82.498,38.415],[-82.387,38.434],[-82.318,38.48],[-82.291,38.552],[-82.252,38.594],[-82.202,38.606],[-82.18,38.638],[-82.188,38.715],[-82.204,38.768],[-82.163,38.845],[-82.072,38.963],[-82.001,39.011],[-81.95,38.989],[-81.919,38.952],[-81.907,38.9],[-81.897,38.894],[-81.882,38.894],[-81.844,38.934],[-81.809,38.95],[-81.795,38.946],[-81.78,38.947],[-81.778,38.973],[-81.805,39.044],[-81.803,39.086],[-81.771,39.099],[-81.737,39.147],[-81.701,39.229],[-81.657,39.272],[-81.606,39.274],[-81.552,39.308],[-81.493,39.374],[-81.44,39.393],[-81.392,39.365],[-81.333,39.363],[-81.263,39.387],[-81.139,39.456],[-80.963,39.571],[-80.874,39.664],[-80.872,39.736],[-80.804,39.909],[-80.668,40.185],[-80.602,40.364],[-80.604,40.445],[-80.623,40.512],[-80.659,40.563],[-80.638,40.603],[-80.519,40.647],[-80.52,40.532],[-80.52,40.416],[-80.52,40.301],[-80.52,40.185],[-80.52,40.069],[-80.52,39.954],[-80.52,39.838],[-80.519,39.723],[-80.389,39.723],[-80.259,39.723],[-80.129,39.723],[-79.998,39.723],[-79.868,39.723],[-79.738,39.723],[-79.608,39.723],[-79.477,39.723],[-79.48,39.595],[-79.483,39.467],[-79.485,39.339],[-79.488,39.211],[-79.36,39.285],[-79.294,39.312],[-79.075,39.476],[-79.047,39.477],[-78.971,39.454],[-78.815,39.57],[-78.796,39.613],[-78.778,39.627],[-78.758,39.625],[-78.746,39.614],[-78.753,39.59],[-78.742,39.578],[-78.678,39.55],[-78.587,39.534],[-78.575,39.533],[-78.496,39.533],[-78.46,39.556],[-78.443,39.601],[-78.407,39.628],[-78.325,39.639],[-78.181,39.686],[-78.098,39.678],[-78.027,39.631],[-77.956,39.609],[-77.883,39.611],[-77.855,39.6],[-77.872,39.576],[-77.853,39.548],[-77.798,39.517],[-77.78,39.488],[-77.797,39.461],[-77.792,39.442],[-77.762,39.429],[-77.745,39.4],[-77.739,39.354],[-77.727,39.346],[-77.792,39.227],[-77.836,39.145],[-77.949,39.216],[-78.118,39.323],[-78.193,39.37],[-78.322,39.452],[-78.351,39.411],[-78.366,39.336],[-78.404,39.263],[-78.435,39.161],[-78.581,38.999],[-78.693,38.922],[-78.727,38.924],[-78.757,38.908],[-78.805,38.86],[-78.869,38.818],[-78.992,38.82],[-79.041,38.79],[-79.073,38.742],[-79.104,38.673],[-79.153,38.618],[-79.203,38.526],[-79.24,38.477],[-79.304,38.45],[-79.396,38.454],[-79.505,38.491],[-79.525,38.533],[-79.555,38.559],[-79.598,38.577],[-79.64,38.572],[-79.669,38.544],[-79.715,38.404],[-79.783,38.336],[-79.813,38.267],[-79.903,38.181],[-79.972,38.046],[-80.188,37.824],[-80.246,37.751],[-80.285,37.677],[-80.255,37.645],[-80.246,37.621],[-80.292,37.566],[-80.316,37.51],[-80.371,37.473],[-80.465,37.433],[-80.491,37.464],[-80.507,37.469],[-80.72,37.401],[-80.77,37.402],[-80.821,37.423],[-80.843,37.422],[-80.862,37.415],[-80.872,37.399],[-80.873,37.341],[-80.915,37.311],[-80.944,37.302],[-81.057,37.294],[-81.178,37.263],[-81.227,37.263],[-81.35,37.334],[-81.419,37.282],[-81.486,37.257],[-81.565,37.21],[-81.589,37.208],[-81.661,37.222],[-81.752,37.271],[-81.829,37.299],[-81.876,37.33],[-81.913,37.369],[-81.939,37.433],[-81.971,37.473],[-81.958,37.508],[-81.965,37.54]]]}},{"type":"Feature","properties":{"id":"us-wy"},"geometry":{"type":"Polygon","coordinates":[[[-104.022,41.001],[-104.336,41.001],[-104.65,41.001],[-104.964,41.001],[-105.278,41.001],[-105.592,41.001],[-105.906,41.001],[-106.22,41.001],[-106.534,41.001],[-106.848,41.001],[-107.162,41.001],[-107.476,41.001],[-107.79,41.001],[-108.104,41.001],[-108.418,41.001],[-108.732,41.001],[-109.046,41.001],[-109.297,41.001],[-109.547,41.001],[-109.798,41.001],[-110.048,41.001],[-110.299,41.001],[-110.549,41.001],[-110.8,41.001],[-111.05,41.001],[-111.05,41.126],[-111.05,41.251],[-111.05,41.376],[-111.05,41.501],[-111.05,41.626],[-111.05,41.751],[-111.05,41.876],[-111.05,42.001],[-111.05,42.157],[-111.05,42.313],[-111.051,42.469],[-111.051,42.625],[-111.051,42.782],[-111.051,42.938],[-111.051,43.094],[-111.051,43.25],[-111.051,43.406],[-111.051,43.562],[-111.051,43.718],[-111.051,43.874],[-111.051,44.031],[-111.051,44.187],[-111.051,44.343],[-111.051,44.499],[-111.051,44.624],[-111.051,44.75],[-111.051,44.876],[-111.051,45.001],[-110.832,45.001],[-110.613,45.001],[-110.393,45.001],[-110.174,45.001],[-109.955,45.001],[-109.736,45.001],[-109.517,45.001],[-109.297,45.001],[-109.078,45.001],[-108.859,45.001],[-108.64,45.001],[-108.421,45.001],[-108.202,45.001],[-107.982,45.001],[-107.763,45.001],[-107.544,45.001],[-107.325,45.001],[-107.106,45.001],[-106.887,45.001],[-106.667,45.001],[-106.448,45.001],[-106.229,45.001],[-106.01,45.001],[-105.791,45.001],[-105.571,45.001],[-105.352,45.001],[-105.133,45.001],[-104.914,45.001],[-104.695,45.001],[-104.476,45.001],[-104.256,45.001],[-104.037,45.001],[-104.036,44.751],[-104.035,44.501],[-104.034,44.251],[-104.033,44.001],[-104.032,43.751],[-104.031,43.501],[-104.03,43.251],[-104.029,43.001],[-104.028,42.751],[-104.027,42.501],[-104.026,42.251],[-104.025,42.001],[-104.024,41.751],[-104.023,41.501],[-104.023,41.251],[-104.022,41.001]]]}}]}